scenario,seed,split,level,algo,n_usable,n_test,auc,ks,lift@5,recall@5,lift@10,recall@10,lift@20,recall@20,comm_floats,comm_rounds,comm_grad_msgs,comm_hist_msgs,gradient_returned,auuc,uplift@10,topk_overlap@10
S1_基准,11,random,L0_内地单方_LR,logistic,7236.0,2171.0,0.6562259244992295,0.2446070878274268,2.3849654739485247,0.11864406779661017,2.5435444817620874,0.2542372881355932,1.8652659532921971,0.3728813559322034,0.0,,,,,,,
S1_基准,11,random,L1_加k匿名统计_LR,logistic,7236.0,2171.0,0.6469729070364664,0.2555132896764253,3.06638418079096,0.15254237288135594,2.204405217527142,0.22033898305084745,1.6956963211747247,0.3389830508474576,384.0,,,,,,,
S1_基准,11,random,L2_加粗粒度标记_LR,logistic,7236.0,2171.0,0.6528794298921418,0.23192732408834105,2.7256748273697426,0.13559322033898305,2.03483558540967,0.2033898305084746,1.6956963211747247,0.3389830508474576,0.0,,,,,,,
S1_基准,11,random,L4_集中式_LR,logistic,7236.0,2171.0,0.6869221879815102,0.358355803800719,1.703546767106089,0.0847457627118644,2.204405217527142,0.22033898305084745,1.8652659532921971,0.3728813559322034,0.0,,,,,,,
S1_基准,11,random,L0_内地单方_GBDT,gbdt,7236.0,2171.0,0.5997046738572162,0.18472329224447867,2.7256748273697426,0.13559322033898305,1.8652659532921971,0.1864406779661017,1.6109115051159884,0.3220338983050847,0.0,60.0,0.0,0.0,,,,
S1_基准,11,random,L4_集中式_GBDT,gbdt,7236.0,2171.0,0.656675333846944,0.2974688623523369,2.0442561205273067,0.1016949152542373,2.7131141138795596,0.2711864406779661,1.8652659532921971,0.3728813559322034,1984680.0,60.0,420.0,420.0,,,,
S1_基准,11,random,L3a_联邦LR,federated_logistic,7236.0,2171.0,0.6874598741653826,0.35930277349768874,1.703546767106089,0.0847457627118644,2.204405217527142,0.22033898305084745,1.8652659532921971,0.3728813559322034,4052000.0,400.0,,,,,,
S1_基准,11,random,L3b_纵向GBDT,vertical_gbdt,7236.0,2171.0,0.656675333846944,0.2974688623523369,2.0442561205273067,0.1016949152542373,2.7131141138795596,0.2711864406779661,1.8652659532921971,0.3728813559322034,1984680.0,60.0,420.0,420.0,,,,
S1_基准,11,random,L3c_SplitNN_形态A双向,splitnn,7236.0,2171.0,0.6228011042629688,0.21043592706728298,1.3628374136848713,0.06779661016949153,1.5261266890572522,0.15254237288135594,1.8652659532921971,0.3728813559322034,466944.0,228.0,,,1.0,,,
S1_基准,11,random,L3c_SplitNN_形态B自监督,splitnn,7236.0,2171.0,0.6758314072932717,0.2884004237288136,2.7256748273697426,0.13559322033898305,1.8652659532921971,0.1864406779661017,2.289190033585878,0.4576271186440678,233472.0,228.0,,,0.0,,,
S1_基准,11,random,L3c_SplitNN_形态B随机,splitnn,7236.0,2171.0,0.6466679506933745,0.28497367745249097,2.3849654739485247,0.11864406779661017,2.3739748496446142,0.23728813559322035,1.6956963211747247,0.3389830508474576,233472.0,228.0,,,0.0,,,
S1_基准,11,random,L0_内地单方_UPLIFT,t_learner,7236.0,2171.0,,,,,,,,,,,,,,0.0037417168820200763,-0.006998975759644935,
S1_基准,11,random,L1_加k匿名统计_UPLIFT,t_learner,7236.0,2171.0,,,,,,,,,,,,,,0.0035832950266480377,-0.004166666666666666,
S1_基准,11,random,L2_加粗粒度标记_UPLIFT,t_learner,7236.0,2171.0,,,,,,,,,,,,,,0.004901469396811398,0.06720475785896346,
S1_基准,11,random,L4_集中式_UPLIFT,t_learner,7236.0,2171.0,,,,,,,,,,,,,,0.00650814588709991,0.07468419255718675,
S1_基准,11,random,OVERLAP_L1_vs_L3a_联邦LR,top_k_overlap,,,,,,,,,,,,,,,,,,0.4423963133640553
S1_基准,11,random,OVERLAP_L1_vs_L3b_纵向GBDT,top_k_overlap,,,,,,,,,,,,,,,,,,0.23963133640552994
S1_基准,11,random,OVERLAP_L1_vs_L3c_SplitNN_形态A双向,top_k_overlap,,,,,,,,,,,,,,,,,,0.37327188940092165
S1_基准,11,oot,L0_内地单方_LR,logistic,7236.0,2171.0,0.6830380071905495,0.28741332819722654,2.0442561205273067,0.1016949152542373,2.3739748496446142,0.23728813559322035,2.119620401468406,0.423728813559322,0.0,,,,,,,
S1_基准,11,oot,L1_加k匿名统计_LR,logistic,7236.0,2171.0,0.6796513867488444,0.2648786594761171,2.3849654739485247,0.11864406779661017,2.204405217527142,0.22033898305084745,2.03483558540967,0.4067796610169492,384.0,,,,,,,
S1_基准,11,oot,L2_加粗粒度标记_LR,logistic,7236.0,2171.0,0.6953165125834617,0.33212153312788906,1.0221280602636533,0.05084745762711865,1.3565570569397798,0.13559322033898305,2.119620401468406,0.423728813559322,0.0,,,,,,,
S1_基准,11,oot,L4_集中式_LR,logistic,7236.0,2171.0,0.7420631099126862,0.37615562403697994,3.06638418079096,0.15254237288135594,3.3913926423494494,0.3389830508474576,2.5435444817620874,0.5084745762711864,0.0,,,,,,,
S1_基准,11,oot,L0_内地单方_GBDT,gbdt,7236.0,2171.0,0.6704545454545455,0.27645095017976373,2.3849654739485247,0.11864406779661017,1.6956963211747247,0.1694915254237288,1.7804811372334608,0.3559322033898305,0.0,60.0,0.0,0.0,,,,
S1_基准,11,oot,L4_集中式_GBDT,gbdt,7236.0,2171.0,0.7142639316897792,0.3339271956856702,3.06638418079096,0.15254237288135594,2.882683745997032,0.288135593220339,2.289190033585878,0.4576271186440678,1979250.0,60.0,410.0,410.0,,,,
S1_基准,11,oot,L3a_联邦LR,federated_logistic,7236.0,2171.0,0.7418785310734464,0.3775760785824345,3.06638418079096,0.15254237288135594,3.3913926423494494,0.3389830508474576,2.5435444817620874,0.5084745762711864,4052000.0,400.0,,,,,,
S1_基准,11,oot,L3b_纵向GBDT,vertical_gbdt,7236.0,2171.0,0.7142639316897792,0.3339271956856702,3.06638418079096,0.15254237288135594,2.882683745997032,0.288135593220339,2.289190033585878,0.4576271186440678,1979250.0,60.0,410.0,410.0,,,,
S1_基准,11,oot,L3c_SplitNN_形态A双向,splitnn,7236.0,2171.0,0.7064875449409348,0.3281571006676939,4.088512241054613,0.2033898305084746,2.882683745997032,0.288135593220339,1.9500507693509332,0.3898305084745763,466944.0,228.0,,,1.0,,,
S1_基准,11,oot,L3c_SplitNN_形态B自监督,splitnn,7236.0,2171.0,0.6094472265023112,0.16109720082177714,2.7256748273697426,0.13559322033898305,2.03483558540967,0.2033898305084746,1.6956963211747247,0.3389830508474576,233472.0,228.0,,,0.0,,,
S1_基准,11,oot,L3c_SplitNN_形态B随机,splitnn,7236.0,2171.0,0.6634967257318952,0.3099560220852594,2.0442561205273067,0.1016949152542373,2.204405217527142,0.22033898305084745,1.441341872998516,0.288135593220339,233472.0,228.0,,,0.0,,,
S1_基准,11,oot,L0_内地单方_UPLIFT,t_learner,7236.0,2171.0,,,,,,,,,,,,,,0.004233680220885422,-0.0023112480739599373,
S1_基准,11,oot,L1_加k匿名统计_UPLIFT,t_learner,7236.0,2171.0,,,,,,,,,,,,,,0.0038966439208971237,0.012803004438374871,
S1_基准,11,oot,L2_加粗粒度标记_UPLIFT,t_learner,7236.0,2171.0,,,,,,,,,,,,,,0.005540326289243504,0.05056943736189019,
S1_基准,11,oot,L4_集中式_UPLIFT,t_learner,7236.0,2171.0,,,,,,,,,,,,,,0.008374074433667921,0.1322222222222222,
S1_基准,11,oot,OVERLAP_L1_vs_L3a_联邦LR,top_k_overlap,,,,,,,,,,,,,,,,,,0.5207373271889401
S1_基准,11,oot,OVERLAP_L1_vs_L3b_纵向GBDT,top_k_overlap,,,,,,,,,,,,,,,,,,0.423963133640553
S1_基准,11,oot,OVERLAP_L1_vs_L3c_SplitNN_形态A双向,top_k_overlap,,,,,,,,,,,,,,,,,,0.45622119815668205
S1_基准,22,random,L0_内地单方_LR,logistic,7169.0,2151.0,0.7509458144813848,0.4156410691950154,5.187820319565872,0.25806451612903225,4.195498874718679,0.41935483870967744,2.985258814703676,0.5967741935483871,0.0,,,,,,,
S1_基准,22,random,L1_加k匿名统计_LR,logistic,7169.0,2151.0,0.7505443258852051,0.4023842245865439,4.863581549593005,0.24193548387096775,3.711402850712678,0.3709677419354839,2.8238934733683423,0.5645161290322581,384.0,,,,,,,
S1_基准,22,random,L2_加粗粒度标记_LR,logistic,7169.0,2151.0,0.752876048116864,0.40345743448787047,5.512059089538739,0.27419354838709675,4.195498874718679,0.41935483870967744,2.904576144036009,0.5806451612903226,0.0,,,,,,,
S1_基准,22,random,L4_集中式_LR,logistic,7169.0,2151.0,0.8334980466035609,0.5349912753439676,6.48477539945734,0.3225806451612903,5.163690922730682,0.5161290322580645,3.4693548387096773,0.6935483870967742,0.0,,,,,,,
S1_基准,22,random,L0_内地单方_GBDT,gbdt,7169.0,2151.0,0.7323769669080745,0.3450871693509782,4.863581549593005,0.24193548387096775,3.872768192048012,0.3870967741935484,2.6625281320330085,0.532258064516129,0.0,60.0,0.0,0.0,,,,
S1_基准,22,random,L4_集中式_GBDT,gbdt,7169.0,2151.0,0.7983523525687549,0.5026251177442518,5.187820319565872,0.25806451612903225,4.195498874718679,0.41935483870967744,3.38867216804201,0.6774193548387096,1967760.0,60.0,420.0,420.0,,,,
S1_基准,22,random,L3a_联邦LR,federated_logistic,7169.0,2151.0,0.8334671628653931,0.5388208588767585,6.48477539945734,0.3225806451612903,5.163690922730682,0.5161290322580645,3.4693548387096773,0.6935483870967742,4014400.0,400.0,,,,,,
S1_基准,22,random,L3b_纵向GBDT,vertical_gbdt,7169.0,2151.0,0.7983523525687549,0.5026251177442518,5.187820319565872,0.25806451612903225,4.195498874718679,0.41935483870967744,3.38867216804201,0.6774193548387096,1967760.0,60.0,420.0,420.0,,,,
S1_基准,22,random,L3c_SplitNN_形态A双向,splitnn,7169.0,2151.0,0.8268657638320542,0.5221436402662178,6.160536629484473,0.3064516129032258,5.647786946736685,0.5645161290322581,3.38867216804201,0.6774193548387096,466944.0,228.0,,,1.0,,,
S1_基准,22,random,L3c_SplitNN_形态B自监督,splitnn,7169.0,2151.0,0.7933646288546765,0.46031439645454686,7.457491709375942,0.3709677419354839,4.679594898724681,0.46774193548387094,3.0659414853713427,0.6129032258064516,233472.0,228.0,,,0.0,,,
S1_基准,22,random,L3c_SplitNN_形态B随机,splitnn,7169.0,2151.0,0.7798298306026961,0.4624839790608255,4.539342779620138,0.22580645161290322,4.195498874718679,0.41935483870967744,3.14662415603901,0.6290322580645161,233472.0,228.0,,,0.0,,,
S1_基准,22,random,L0_内地单方_UPLIFT,t_learner,7169.0,2151.0,,,,,,,,,,,,,,0.0067822098549899235,0.04351595006934813,
S1_基准,22,random,L1_加k匿名统计_UPLIFT,t_learner,7169.0,2151.0,,,,,,,,,,,,,,0.007656236201044112,0.0365178262374524,
S1_基准,22,random,L2_加粗粒度标记_UPLIFT,t_learner,7169.0,2151.0,,,,,,,,,,,,,,0.006391102504224549,0.03996185852981969,
S1_基准,22,random,L4_集中式_UPLIFT,t_learner,7169.0,2151.0,,,,,,,,,,,,,,0.009762730431947463,0.1352951572993991,
S1_基准,22,random,OVERLAP_L1_vs_L3a_联邦LR,top_k_overlap,,,,,,,,,,,,,,,,,,0.44651162790697674
S1_基准,22,random,OVERLAP_L1_vs_L3b_纵向GBDT,top_k_overlap,,,,,,,,,,,,,,,,,,0.3581395348837209
S1_基准,22,random,OVERLAP_L1_vs_L3c_SplitNN_形态A双向,top_k_overlap,,,,,,,,,,,,,,,,,,0.4372093023255814
S1_基准,22,oot,L0_内地单方_LR,logistic,7169.0,2151.0,0.7519920139575877,0.458477975430329,4.172280021160289,0.20754716981132076,3.5865730583589293,0.3584905660377358,3.209039052215884,0.6415094339622641,0.0,,,,,,,
S1_基准,22,oot,L1_加k匿名统计_LR,logistic,7169.0,2151.0,0.7538985916506287,0.4532348867744662,3.7929818374184445,0.18867924528301888,3.3978060552874068,0.33962264150943394,3.209039052215884,0.6415094339622641,384.0,,,,,,,
S1_基准,22,oot,L2_加粗粒度标记_LR,logistic,7169.0,2151.0,0.7540874507617318,0.4501771678327967,4.551578204902134,0.22641509433962265,3.7753400614304518,0.37735849056603776,3.0202720491443613,0.6037735849056604,0.0,,,,,,,
S1_基准,22,oot,L4_集中式_LR,logistic,7169.0,2151.0,0.822166663668903,0.5177077899886685,7.585963674836889,0.37735849056603776,4.907942079859588,0.49056603773584906,3.1146555506801232,0.6226415094339622,0.0,,,,,,,
S1_基准,22,oot,L0_内地单方_GBDT,gbdt,7169.0,2151.0,0.7286454305088405,0.38881594330629354,3.0343854699347554,0.1509433962264151,2.453971039929794,0.24528301886792453,2.3595875383940323,0.4716981132075472,0.0,60.0,0.0,0.0,,,,
S1_基准,22,oot,L4_集中式_GBDT,gbdt,7169.0,2151.0,0.8129665269708799,0.5225911470043348,5.310174572385822,0.2641509433962264,4.530408073716542,0.4528301886792453,3.3978060552874068,0.6792452830188679,1967760.0,60.0,420.0,420.0,,,,
S1_基准,22,oot,L3a_联邦LR,federated_logistic,7169.0,2151.0,0.8222206234149325,0.5172311455654082,7.585963674836889,0.37735849056603776,5.096709082931111,0.5094339622641509,3.1146555506801232,0.6226415094339622,4014400.0,400.0,,,,,,
S1_基准,22,oot,L3b_纵向GBDT,vertical_gbdt,7169.0,2151.0,0.8129665269708799,0.5225911470043348,5.310174572385822,0.2641509433962264,4.530408073716542,0.4528301886792453,3.3978060552874068,0.6792452830188679,1967760.0,60.0,420.0,420.0,,,,
S1_基准,22,oot,L3c_SplitNN_形态A双向,splitnn,7169.0,2151.0,0.8032897458495962,0.4904581182437902,4.551578204902134,0.22641509433962265,5.096709082931111,0.5094339622641509,3.209039052215884,0.6415094339622641,466944.0,228.0,,,1.0,,,
S1_基准,22,oot,L3c_SplitNN_形态B自监督,splitnn,7169.0,2151.0,0.7565336259150673,0.41089447272334834,4.551578204902134,0.22641509433962265,3.9641070645019743,0.39622641509433965,2.737121544537078,0.5471698113207547,233472.0,228.0,,,0.0,,,
S1_基准,22,oot,L3c_SplitNN_形态B随机,splitnn,7169.0,2151.0,0.7350666402863464,0.3994550065651024,3.7929818374184445,0.18867924528301888,3.5865730583589293,0.3584905660377358,2.737121544537078,0.5471698113207547,233472.0,228.0,,,0.0,,,
S1_基准,22,oot,L0_内地单方_UPLIFT,t_learner,7169.0,2151.0,,,,,,,,,,,,,,0.0017234999656284074,0.010746112178927139,
S1_基准,22,oot,L1_加k匿名统计_UPLIFT,t_learner,7169.0,2151.0,,,,,,,,,,,,,,0.0022880701054482882,0.015789473684210534,
S1_基准,22,oot,L2_加粗粒度标记_UPLIFT,t_learner,7169.0,2151.0,,,,,,,,,,,,,,0.0031153178296959784,0.029972279972279955,
S1_基准,22,oot,L4_集中式_UPLIFT,t_learner,7169.0,2151.0,,,,,,,,,,,,,,0.005011899317324743,0.10722954230235784,
S1_基准,22,oot,OVERLAP_L1_vs_L3a_联邦LR,top_k_overlap,,,,,,,,,,,,,,,,,,0.48372093023255813
S1_基准,22,oot,OVERLAP_L1_vs_L3b_纵向GBDT,top_k_overlap,,,,,,,,,,,,,,,,,,0.4511627906976744
S1_基准,22,oot,OVERLAP_L1_vs_L3c_SplitNN_形态A双向,top_k_overlap,,,,,,,,,,,,,,,,,,0.4604651162790698
S1_基准,33,random,L0_内地单方_LR,logistic,7289.0,2187.0,0.6904291905062998,0.3005567293308452,1.6446082117611671,0.08196721311475409,2.1379906752895175,0.21311475409836064,2.2151404884270547,0.4426229508196721,0.0,,,,,,,
S1_基准,33,random,L1_加k匿名统计_LR,logistic,7289.0,2187.0,0.6920330644788182,0.33508628533534845,2.6313731388178674,0.13114754098360656,2.466912317641751,0.2459016393442623,2.297182728739168,0.45901639344262296,384.0,,,,,,,
S1_基准,33,random,L2_加粗粒度标记_LR,logistic,7289.0,2187.0,0.709899295220764,0.3591983714510433,2.6313731388178674,0.13114754098360656,2.7958339599939843,0.2786885245901639,2.379224969051281,0.47540983606557374,0.0,,,,,,,
S1_基准,33,random,L4_集中式_LR,logistic,7289.0,2187.0,0.7945807565967028,0.4398393041654457,5.591667919987969,0.2786885245901639,4.604902992931268,0.45901639344262296,3.0355628915481865,0.6065573770491803,0.0,,,,,,,
S1_基准,33,random,L0_内地单方_GBDT,gbdt,7289.0,2187.0,0.6452585475687429,0.25181592461792335,1.9735298541134005,0.09836065573770492,1.8090690329372838,0.18032786885245902,1.6408448062422627,0.32786885245901637,0.0,60.0,0.0,0.0,,,,
S1_基准,33,random,L4_集中式_GBDT,gbdt,7289.0,2187.0,0.787247659731968,0.43383248770106253,6.2495112046924355,0.3114754098360656,3.947059708226801,0.39344262295081966,2.87147841092396,0.5737704918032787,1998000.0,60.0,420.0,420.0,,,,
S1_基准,33,random,L3a_联邦LR,federated_logistic,7289.0,2187.0,0.794711842450226,0.4388985703931033,5.591667919987969,0.2786885245901639,4.604902992931268,0.45901639344262296,3.0355628915481865,0.6065573770491803,4081600.0,400.0,,,,,,
S1_基准,33,random,L3b_纵向GBDT,vertical_gbdt,7289.0,2187.0,0.787247659731968,0.43383248770106253,6.2495112046924355,0.3114754098360656,3.947059708226801,0.39344262295081966,2.87147841092396,0.5737704918032787,1998000.0,60.0,420.0,420.0,,,,
S1_基准,33,random,L3c_SplitNN_形态A双向,splitnn,7289.0,2187.0,0.7835849667658807,0.4496476103819996,4.933824635283502,0.2459016393442623,4.111520529402918,0.4098360655737705,2.9535206512360728,0.5901639344262295,466944.0,228.0,,,1.0,,,
S1_基准,33,random,L3c_SplitNN_形态B自监督,splitnn,7289.0,2187.0,0.7095908579183567,0.31566244621624534,4.604902992931268,0.22950819672131148,3.7825988870506846,0.3770491803278688,2.379224969051281,0.47540983606557374,233472.0,228.0,,,0.0,,,
S1_基准,33,random,L3c_SplitNN_形态B随机,splitnn,7289.0,2187.0,0.7054577980660981,0.35134093117221593,3.947059708226801,0.19672131147540983,3.2892164235223342,0.32786885245901637,2.461267209363394,0.4918032786885246,233472.0,228.0,,,0.0,,,
S1_基准,33,random,L0_内地单方_UPLIFT,t_learner,7289.0,2187.0,,,,,,,,,,,,,,0.008785655775768933,0.06247361756015196,
S1_基准,33,random,L1_加k匿名统计_UPLIFT,t_learner,7289.0,2187.0,,,,,,,,,,,,,,0.009232347411628872,0.06642759562841528,
S1_基准,33,random,L2_加粗粒度标记_UPLIFT,t_learner,7289.0,2187.0,,,,,,,,,,,,,,0.006379561506941745,0.025016903313049357,
S1_基准,33,random,L4_集中式_UPLIFT,t_learner,7289.0,2187.0,,,,,,,,,,,,,,0.009262836513719556,0.16342182890855456,
S1_基准,33,random,OVERLAP_L1_vs_L3a_联邦LR,top_k_overlap,,,,,,,,,,,,,,,,,,0.481651376146789
S1_基准,33,random,OVERLAP_L1_vs_L3b_纵向GBDT,top_k_overlap,,,,,,,,,,,,,,,,,,0.3761467889908257
S1_基准,33,random,OVERLAP_L1_vs_L3c_SplitNN_形态A双向,top_k_overlap,,,,,,,,,,,,,,,,,,0.46788990825688076
S1_基准,33,oot,L0_内地单方_LR,logistic,7289.0,2187.0,0.6799989767334775,0.29196352054847086,3.5247954376394746,0.17567567567567569,2.440242995288867,0.24324324324324326,2.0288824293400953,0.40540540540540543,0.0,,,,,,,
S1_基准,33,oot,L1_加k匿名统计_LR,logistic,7289.0,2187.0,0.6766285926248065,0.30690321177779767,2.982519216464171,0.14864864864864866,2.575812050582693,0.25675675675675674,2.0965118436514314,0.4189189189189189,384.0,,,,,,,
S1_基准,33,oot,L2_加粗粒度标记_LR,logistic,7289.0,2187.0,0.697106713907471,0.33924482930635314,3.7959335482271266,0.1891891891891892,2.711381105876519,0.2702702702702703,2.2994000865854414,0.4594594594594595,0.0,,,,,,,
S1_基准,33,oot,L4_集中式_LR,logistic,7289.0,2187.0,0.7664074391476189,0.41512004195392743,5.151624101165386,0.25675675675675674,3.5247954376394746,0.35135135135135137,2.8404354010761335,0.5675675675675675,0.0,,,,,,,
S1_基准,33,oot,L0_内地单方_GBDT,gbdt,7289.0,2187.0,0.6539920185211241,0.2813535257927118,1.6268286635259113,0.08108108108108109,2.1691048847012153,0.21621621621621623,2.231770672274105,0.44594594594594594,0.0,60.0,0.0,0.0,,,,
S1_基准,33,oot,L4_集中式_GBDT,gbdt,7289.0,2187.0,0.7613678515240276,0.42768063851831006,5.965038432928342,0.2972972972972973,3.6603644929333004,0.36486486486486486,2.637547158142124,0.527027027027027,1998000.0,60.0,420.0,420.0,,,,
S1_基准,33,oot,L3a_联邦LR,federated_logistic,7289.0,2187.0,0.7666632557782581,0.4170130850206572,5.151624101165386,0.25675675675675674,3.5247954376394746,0.35135135135135137,2.8404354010761335,0.5675675675675675,4081600.0,400.0,,,,,,
S1_基准,33,oot,L3b_纵向GBDT,vertical_gbdt,7289.0,2187.0,0.7613678515240276,0.42768063851831006,5.965038432928342,0.2972972972972973,3.6603644929333004,0.36486486486486486,2.637547158142124,0.527027027027027,1998000.0,60.0,420.0,420.0,,,,
S1_基准,33,oot,L3c_SplitNN_形态A双向,splitnn,7289.0,2187.0,0.7457566416392729,0.3738887965106612,5.151624101165386,0.25675675675675674,3.1180882717579967,0.3108108108108108,2.5699177438307874,0.5135135135135135,466944.0,228.0,,,1.0,,,
S1_基准,33,oot,L3c_SplitNN_形态B自监督,splitnn,7289.0,2187.0,0.7249203770737136,0.3477507322751052,4.338209769402431,0.21621621621621623,3.5247954376394746,0.35135135135135137,2.502288329519451,0.5,233472.0,228.0,,,0.0,,,
S1_基准,33,oot,L3c_SplitNN_形态B随机,splitnn,7289.0,2187.0,0.708388227318658,0.37699696857292697,4.067071658814778,0.20270270270270271,3.1180882717579967,0.3108108108108108,2.231770672274105,0.44594594594594594,233472.0,228.0,,,0.0,,,
S1_基准,33,oot,L0_内地单方_UPLIFT,t_learner,7289.0,2187.0,,,,,,,,,,,,,,0.0043629836826940575,0.05949966193373901,
S1_基准,33,oot,L1_加k匿名统计_UPLIFT,t_learner,7289.0,2187.0,,,,,,,,,,,,,,0.004406333217289533,0.013477088948787061,
S1_基准,33,oot,L2_加粗粒度标记_UPLIFT,t_learner,7289.0,2187.0,,,,,,,,,,,,,,0.004445472897393875,0.033965444584913615,
S1_基准,33,oot,L4_集中式_UPLIFT,t_learner,7289.0,2187.0,,,,,,,,,,,,,,0.003801748107712389,0.05988529014844804,
S1_基准,33,oot,OVERLAP_L1_vs_L3a_联邦LR,top_k_overlap,,,,,,,,,,,,,,,,,,0.4908256880733945
S1_基准,33,oot,OVERLAP_L1_vs_L3b_纵向GBDT,top_k_overlap,,,,,,,,,,,,,,,,,,0.41284403669724773
S1_基准,33,oot,OVERLAP_L1_vs_L3c_SplitNN_形态A双向,top_k_overlap,,,,,,,,,,,,,,,,,,0.43577981651376146
S1_基准,44,random,L0_内地单方_LR,logistic,7289.0,2187.0,0.7007073329837172,0.30190199664880213,4.338209769402431,0.21621621621621623,2.711381105876519,0.2702702702702703,2.1641412579627683,0.43243243243243246,0.0,,,,,,,
S1_基准,44,random,L1_加k匿名统计_LR,logistic,7289.0,2187.0,0.7002148859697369,0.3132538596334147,4.338209769402431,0.21621621621621623,2.711381105876519,0.2702702702702703,2.1641412579627683,0.43243243243243246,384.0,,,,,,,
S1_基准,44,random,L2_加粗粒度标记_LR,logistic,7289.0,2187.0,0.7052288919302644,0.32098591729448334,4.338209769402431,0.21621621621621623,2.575812050582693,0.25675675675675674,2.231770672274105,0.44594594594594594,0.0,,,,,,,
S1_基准,44,random,L4_集中式_LR,logistic,7289.0,2187.0,0.8144945702920147,0.5180222816285287,6.2361765435159935,0.3108108108108108,4.609347879990082,0.4594594594594595,3.110953058321479,0.6216216216216216,0.0,,,,,,,
S1_基准,44,random,L0_内地单方_GBDT,gbdt,7289.0,2187.0,0.6636299100804544,0.29207863803225853,4.067071658814778,0.20270270270270271,2.982519216464171,0.2972972972972973,2.1641412579627683,0.43243243243243246,0.0,60.0,0.0,0.0,,,,
S1_基准,44,random,L4_集中式_GBDT,gbdt,7289.0,2187.0,0.7892902367582917,0.45702920146838744,5.965038432928342,0.2972972972972973,4.067071658814778,0.40540540540540543,3.110953058321479,0.6216216216216216,1998000.0,60.0,420.0,420.0,,,,
S1_基准,44,random,L3a_联邦LR,federated_logistic,7289.0,2187.0,0.814680037349228,0.5168135480487587,6.507314654103645,0.32432432432432434,4.609347879990082,0.4594594594594595,3.110953058321479,0.6216216216216216,4081600.0,400.0,,,,,,
S1_基准,44,random,L3b_纵向GBDT,vertical_gbdt,7289.0,2187.0,0.7892902367582917,0.45702920146838744,5.965038432928342,0.2972972972972973,4.067071658814778,0.40540540540540543,3.110953058321479,0.6216216216216216,1998000.0,60.0,420.0,420.0,,,,
S1_基准,44,random,L3c_SplitNN_形态A双向,splitnn,7289.0,2187.0,0.7947327355751397,0.47642649748660154,5.151624101165386,0.25675675675675674,3.9315026035209524,0.3918918918918919,2.9756942296988065,0.5945945945945946,466944.0,228.0,,,1.0,,,
S1_基准,44,random,L3c_SplitNN_形态B自监督,splitnn,7289.0,2187.0,0.7535654442895332,0.4044908609508704,5.422762211753038,0.2702702702702703,3.2536573270518225,0.32432432432432434,2.5699177438307874,0.5135135135135135,233472.0,228.0,,,0.0,,,
S1_基准,44,random,L3c_SplitNN_形态B随机,splitnn,7289.0,2187.0,0.7160627262378327,0.3575804863074148,4.338209769402431,0.21621621621621623,2.711381105876519,0.2702702702702703,2.0288824293400953,0.40540540540540543,233472.0,228.0,,,0.0,,,
S1_基准,44,random,L0_内地单方_UPLIFT,t_learner,7289.0,2187.0,,,,,,,,,,,,,,0.005473584497620825,0.0506862002189105,
S1_基准,44,random,L1_加k匿名统计_UPLIFT,t_learner,7289.0,2187.0,,,,,,,,,,,,,,0.005830298193648791,0.02108843537414966,
S1_基准,44,random,L2_加粗粒度标记_UPLIFT,t_learner,7289.0,2187.0,,,,,,,,,,,,,,0.0061648217326881576,0.08524258760107818,
S1_基准,44,random,L4_集中式_UPLIFT,t_learner,7289.0,2187.0,,,,,,,,,,,,,,0.0082258123492825,0.19618758434547912,
S1_基准,44,random,OVERLAP_L1_vs_L3a_联邦LR,top_k_overlap,,,,,,,,,,,,,,,,,,0.48623853211009177
S1_基准,44,random,OVERLAP_L1_vs_L3b_纵向GBDT,top_k_overlap,,,,,,,,,,,,,,,,,,0.42660550458715596
S1_基准,44,random,OVERLAP_L1_vs_L3c_SplitNN_形态A双向,top_k_overlap,,,,,,,,,,,,,,,,,,0.42660550458715596
S1_基准,44,oot,L0_内地单方_LR,logistic,7289.0,2187.0,0.7289495916643199,0.37935792734441004,4.491989593317815,0.22388059701492538,2.844926742434616,0.2835820895522388,2.5396359165272036,0.5074626865671642,0.0,,,,,,,
S1_基准,44,oot,L1_加k匿名统计_LR,logistic,7289.0,2187.0,0.731462968177978,0.3635243593353984,4.791455566205669,0.23880597014925373,2.844926742434616,0.2835820895522388,2.6143310905427097,0.5223880597014925,384.0,,,,,,,
S1_基准,44,oot,L2_加粗粒度标记_LR,logistic,7289.0,2187.0,0.722064207265559,0.34239650802590826,4.491989593317815,0.22388059701492538,2.844926742434616,0.2835820895522388,2.3902455684961916,0.47761194029850745,0.0,,,,,,,
S1_基准,44,oot,L4_集中式_LR,logistic,7289.0,2187.0,0.8424528301886792,0.5523655308363841,8.38504724085992,0.417910447761194,5.24065452553745,0.5223880597014925,3.5853683527442874,0.7164179104477612,0.0,,,,,,,
S1_基准,44,oot,L0_内地单方_GBDT,gbdt,7289.0,2187.0,0.7139256547451422,0.3584694452266967,2.695193755990689,0.13432835820895522,2.3957277831028345,0.23880597014925373,2.464940742511698,0.4925373134328358,0.0,60.0,0.0,0.0,,,,
S1_基准,44,oot,L4_集中式_GBDT,gbdt,7289.0,2187.0,0.8126936074345255,0.526457335961701,5.390387511981378,0.26865671641791045,4.791455566205669,0.47761194029850745,3.4359780047132755,0.6865671641791045,1998000.0,60.0,420.0,420.0,,,,
S1_基准,44,oot,L3a_联邦LR,federated_logistic,7289.0,2187.0,0.8426358772176852,0.5500070402703463,8.38504724085992,0.417910447761194,5.390387511981378,0.5373134328358209,3.5853683527442874,0.7164179104477612,4081600.0,400.0,,,,,,
S1_基准,44,oot,L3b_纵向GBDT,vertical_gbdt,7289.0,2187.0,0.8126936074345255,0.526457335961701,5.390387511981378,0.26865671641791045,4.791455566205669,0.47761194029850745,3.4359780047132755,0.6865671641791045,1998000.0,60.0,420.0,420.0,,,,
S1_基准,44,oot,L3c_SplitNN_形态A双向,splitnn,7289.0,2187.0,0.824704308645452,0.535321036327795,5.689853484869232,0.2835820895522388,4.491989593317815,0.44776119402985076,3.4359780047132755,0.6865671641791045,466944.0,228.0,,,1.0,,,
S1_基准,44,oot,L3c_SplitNN_形态B自监督,splitnn,7289.0,2187.0,0.771550267530273,0.43713742607716133,4.791455566205669,0.23880597014925373,3.443858688210325,0.34328358208955223,2.7637214385737217,0.5522388059701493,233472.0,228.0,,,0.0,,,
S1_基准,44,oot,L3c_SplitNN_形态B随机,splitnn,7289.0,2187.0,0.7280906786820615,0.38727119121374254,4.19252362042996,0.208955223880597,2.695193755990689,0.26865671641791045,2.016769698418662,0.40298507462686567,233472.0,228.0,,,0.0,,,
S1_基准,44,oot,L0_内地单方_UPLIFT,t_learner,7289.0,2187.0,,,,,,,,,,,,,,0.007049747325634114,0.05910583480676937,
S1_基准,44,oot,L1_加k匿名统计_UPLIFT,t_learner,7289.0,2187.0,,,,,,,,,,,,,,0.00783512977297702,0.07707893626002531,
S1_基准,44,oot,L2_加粗粒度标记_UPLIFT,t_learner,7289.0,2187.0,,,,,,,,,,,,,,0.0074917704801092935,0.09651791751183231,
S1_基准,44,oot,L4_集中式_UPLIFT,t_learner,7289.0,2187.0,,,,,,,,,,,,,,0.007579816394189325,0.09952008082849201,
S1_基准,44,oot,OVERLAP_L1_vs_L3a_联邦LR,top_k_overlap,,,,,,,,,,,,,,,,,,0.463302752293578
S1_基准,44,oot,OVERLAP_L1_vs_L3b_纵向GBDT,top_k_overlap,,,,,,,,,,,,,,,,,,0.38990825688073394
S1_基准,44,oot,OVERLAP_L1_vs_L3c_SplitNN_形态A双向,top_k_overlap,,,,,,,,,,,,,,,,,,0.38990825688073394
S1_基准,55,random,L0_内地单方_LR,logistic,7121.0,2137.0,0.746092972708209,0.4572561264943135,4.480083857442348,0.2222222222222222,3.344287949921753,0.3333333333333333,2.700940485483811,0.5396825396825397,0.0,,,,,,,
S1_基准,55,random,L1_加k匿名统计_LR,logistic,7121.0,2137.0,0.7443709724326889,0.4539575392998729,4.480083857442348,0.2222222222222222,3.344287949921753,0.3333333333333333,2.542061633396528,0.5079365079365079,384.0,,,,,,,
S1_基准,55,random,L2_加粗粒度标记_LR,logistic,7121.0,2137.0,0.7574964411994305,0.453842739281505,4.800089847259659,0.23809523809523808,4.140546985617409,0.4126984126984127,2.9392587636147356,0.5873015873015873,0.0,,,,,,,
S1_基准,55,random,L4_集中式_LR,logistic,7121.0,2137.0,0.8041741286678605,0.5049134407861504,6.400119796346212,0.31746031746031744,4.936806021313063,0.49206349206349204,3.4158953198765847,0.6825396825396826,0.0,,,,,,,
S1_基准,55,random,L0_内地单方_GBDT,gbdt,7121.0,2137.0,0.7379727847423122,0.3884985688264377,3.840071877807727,0.19047619047619047,3.1850361427826215,0.31746031746031744,2.700940485483811,0.5396825396825397,0.0,60.0,0.0,0.0,,,,
S1_基准,55,random,L4_集中式_GBDT,gbdt,7121.0,2137.0,0.7879720194088564,0.504140453995806,4.800089847259659,0.23809523809523808,4.777554214173933,0.47619047619047616,3.4158953198765847,0.6825396825396826,1945800.0,60.0,402.0,402.0,,,,
S1_基准,55,random,L3a_联邦LR,federated_logistic,7121.0,2137.0,0.803860341950988,0.5015765869189206,6.400119796346212,0.31746031746031744,4.936806021313063,0.49206349206349204,3.4158953198765847,0.6825396825396826,3987200.0,400.0,,,,,,
S1_基准,55,random,L3b_纵向GBDT,vertical_gbdt,7121.0,2137.0,0.7879720194088564,0.504140453995806,4.800089847259659,0.23809523809523808,4.777554214173933,0.47619047619047616,3.4158953198765847,0.6825396825396826,1945800.0,60.0,402.0,402.0,,,,
S1_基准,55,random,L3c_SplitNN_形态A双向,splitnn,7121.0,2137.0,0.8168403973611301,0.535695152377891,5.7601078167115904,0.2857142857142857,4.2997987927565395,0.42857142857142855,3.4158953198765847,0.6825396825396826,466944.0,228.0,,,1.0,,,
S1_基准,55,random,L3c_SplitNN_形态B自监督,splitnn,7121.0,2137.0,0.7684789762899695,0.4658967412101453,4.480083857442348,0.2222222222222222,3.822043371339146,0.38095238095238093,3.0981376157020186,0.6190476190476191,233472.0,228.0,,,0.0,,,
S1_基准,55,random,L3c_SplitNN_形态B随机,splitnn,7121.0,2137.0,0.7852474323062559,0.49112213191287446,5.120095837076969,0.25396825396825395,4.140546985617409,0.4126984126984127,3.336455893832943,0.6666666666666666,233472.0,228.0,,,0.0,,,
S1_基准,55,random,L0_内地单方_UPLIFT,t_learner,7121.0,2137.0,,,,,,,,,,,,,,0.008223643095076562,0.10952380952380952,
S1_基准,55,random,L1_加k匿名统计_UPLIFT,t_learner,7121.0,2137.0,,,,,,,,,,,,,,0.006815140726976809,0.1401952085181899,
S1_基准,55,random,L2_加粗粒度标记_UPLIFT,t_learner,7121.0,2137.0,,,,,,,,,,,,,,0.008722344236575757,0.1166196189131969,
S1_基准,55,random,L4_集中式_UPLIFT,t_learner,7121.0,2137.0,,,,,,,,,,,,,,0.009286829707476026,0.1533758639021797,
S1_基准,55,random,OVERLAP_L1_vs_L3a_联邦LR,top_k_overlap,,,,,,,,,,,,,,,,,,0.5352112676056338
S1_基准,55,random,OVERLAP_L1_vs_L3b_纵向GBDT,top_k_overlap,,,,,,,,,,,,,,,,,,0.47417840375586856
S1_基准,55,random,OVERLAP_L1_vs_L3c_SplitNN_形态A双向,top_k_overlap,,,,,,,,,,,,,,,,,,0.4460093896713615
S1_基准,55,oot,L0_内地单方_LR,logistic,7121.0,2137.0,0.7370983446932815,0.41873042315317743,3.886337804046374,0.1927710843373494,2.7801911872843488,0.27710843373493976,2.411895826867188,0.4819277108433735,0.0,,,,,,,
S1_基准,55,oot,L1_加k匿名统计_LR,logistic,7121.0,2137.0,0.732470290118605,0.3907333325512371,3.643441691293476,0.18072289156626506,3.0219469427003793,0.30120481927710846,2.592788013882227,0.5180722891566265,384.0,,,,,,,
S1_基准,55,oot,L2_加粗粒度标记_LR,logistic,7121.0,2137.0,0.749017491582689,0.47033117865815743,4.129233916799272,0.20481927710843373,2.901069064992364,0.2891566265060241,2.5324906182105473,0.5060240963855421,0.0,,,,,,,
S1_基准,55,oot,L4_集中式_LR,logistic,7121.0,2137.0,0.7950458112879951,0.4859222674534555,5.1008183678108665,0.25301204819277107,3.74721420894847,0.37349397590361444,3.3163567619423833,0.6626506024096386,0.0,,,,,,,
S1_基准,55,oot,L0_内地单方_GBDT,gbdt,7121.0,2137.0,0.714271887941249,0.3783331964664891,4.372130029552171,0.21686746987951808,3.6263363312404553,0.3614457831325301,2.6530854095539067,0.5301204819277109,0.0,60.0,0.0,0.0,,,,
S1_基准,55,oot,L4_集中式_GBDT,gbdt,7121.0,2137.0,0.7786511185931653,0.4745896927534872,4.129233916799272,0.20481927710843373,3.6263363312404553,0.3614457831325301,3.014869783583985,0.6024096385542169,1953360.0,60.0,416.0,416.0,,,,
S1_基准,55,oot,L3a_联邦LR,federated_logistic,7121.0,2137.0,0.7956147863117513,0.49176452646027147,5.1008183678108665,0.25301204819277107,3.8680920866564854,0.3855421686746988,3.3163567619423833,0.6626506024096386,3987200.0,400.0,,,,,,
S1_基准,55,oot,L3b_纵向GBDT,vertical_gbdt,7121.0,2137.0,0.7786511185931653,0.4745896927534872,4.129233916799272,0.20481927710843373,3.6263363312404553,0.3614457831325301,3.014869783583985,0.6024096385542169,1953360.0,60.0,416.0,416.0,,,,
S1_基准,55,oot,L3c_SplitNN_形态A双向,splitnn,7121.0,2137.0,0.7914618552105207,0.4732464424396711,5.1008183678108665,0.25301204819277107,4.230725719780531,0.42168674698795183,2.773680200897266,0.5542168674698795,466944.0,228.0,,,1.0,,,
S1_基准,55,oot,L3c_SplitNN_形态B自监督,splitnn,7121.0,2137.0,0.750894522588895,0.4183550169519363,3.886337804046374,0.1927710843373494,2.901069064992364,0.2891566265060241,2.411895826867188,0.4819277108433735,233472.0,228.0,,,0.0,,,
S1_基准,55,oot,L3c_SplitNN_形态B随机,splitnn,7121.0,2137.0,0.762684623596626,0.4058375664293004,4.129233916799272,0.20481927710843373,3.142824820408394,0.3132530120481928,2.592788013882227,0.5180722891566265,233472.0,228.0,,,0.0,,,
S1_基准,55,oot,L0_内地单方_UPLIFT,t_learner,7121.0,2137.0,,,,,,,,,,,,,,0.006757094326853304,0.06069160197600565,
S1_基准,55,oot,L1_加k匿名统计_UPLIFT,t_learner,7121.0,2137.0,,,,,,,,,,,,,,0.007541090661354992,0.06480338564627049,
S1_基准,55,oot,L2_加粗粒度标记_UPLIFT,t_learner,7121.0,2137.0,,,,,,,,,,,,,,0.006488049701766611,0.07171841919548341,
S1_基准,55,oot,L4_集中式_UPLIFT,t_learner,7121.0,2137.0,,,,,,,,,,,,,,0.007426812842157761,0.08015873015873017,
S1_基准,55,oot,OVERLAP_L1_vs_L3a_联邦LR,top_k_overlap,,,,,,,,,,,,,,,,,,0.49295774647887325
S1_基准,55,oot,OVERLAP_L1_vs_L3b_纵向GBDT,top_k_overlap,,,,,,,,,,,,,,,,,,0.431924882629108
S1_基准,55,oot,OVERLAP_L1_vs_L3c_SplitNN_形态A双向,top_k_overlap,,,,,,,,,,,,,,,,,,0.4225352112676056
S2_零互补,11,random,L0_内地单方_LR,logistic,7236.0,2171.0,0.6611773741754766,0.284170657510316,3.5098471487360374,0.1746031746031746,2.0644429814936727,0.20634920634920634,2.2232462877624166,0.4444444444444444,0.0,,,,,,,
S2_零互补,11,random,L1_加k匿名统计_LR,logistic,7236.0,2171.0,0.6471717719345802,0.2507078100057227,2.5526161081716636,0.12698412698412698,2.0644429814936727,0.20634920634920634,1.7468363689561845,0.3492063492063492,384.0,,,,,,,
S2_零互补,11,random,L2_加粗粒度标记_LR,logistic,7236.0,2171.0,0.6606653414053792,0.2808499743983615,3.190770135214579,0.15873015873015872,1.7468363689561845,0.1746031746031746,1.7468363689561845,0.3492063492063492,0.0,,,,,,,
S2_零互补,11,random,L4_集中式_LR,logistic,7236.0,2171.0,0.7002876419384957,0.33485437185626943,3.5098471487360374,0.1746031746031746,3.017262819106137,0.30158730158730157,2.302647940896789,0.4603174603174603,0.0,,,,,,,
S2_零互补,11,random,L0_内地单方_GBDT,gbdt,7236.0,2171.0,0.6504209210565947,0.276618174151381,3.190770135214579,0.15873015873015872,2.858459512837393,0.2857142857142857,1.9850413283593007,0.3968253968253968,0.0,60.0,0.0,0.0,,,,
S2_零互补,11,random,L4_集中式_GBDT,gbdt,7236.0,2171.0,0.6721785488388903,0.3344552874913406,3.190770135214579,0.15873015873015872,3.334869431643625,0.3333333333333333,2.2232462877624166,0.4444444444444444,1984680.0,60.0,420.0,420.0,,,,
S2_零互补,11,random,L3a_联邦LR,federated_logistic,7236.0,2171.0,0.7002424625764284,0.33437998855456164,3.5098471487360374,0.1746031746031746,3.017262819106137,0.30158730158730157,2.2232462877624166,0.4444444444444444,4052000.0,400.0,,,,,,
S2_零互补,11,random,L3b_纵向GBDT,vertical_gbdt,7236.0,2171.0,0.6721785488388903,0.3344552874913406,3.190770135214579,0.15873015873015872,3.334869431643625,0.3333333333333333,2.2232462877624166,0.4444444444444444,1984680.0,60.0,420.0,420.0,,,,
S2_零互补,11,random,L3c_SplitNN_形态A双向,splitnn,7236.0,2171.0,0.6697991024366736,0.2949685250444264,3.190770135214579,0.15873015873015872,2.0644429814936727,0.20634920634920634,1.9850413283593007,0.3968253968253968,466944.0,228.0,,,1.0,,,
S2_零互补,11,random,L3c_SplitNN_形态B自监督,splitnn,7236.0,2171.0,0.6720731303273998,0.284238426553417,3.828924162257495,0.19047619047619047,2.6996562065686485,0.2698412698412698,1.9056396752249287,0.38095238095238093,233472.0,228.0,,,0.0,,,
S2_零互补,11,random,L3c_SplitNN_形态B随机,splitnn,7236.0,2171.0,0.6512077949459353,0.23792958043432433,3.5098471487360374,0.1746031746031746,2.858459512837393,0.2857142857142857,1.9056396752249287,0.38095238095238093,233472.0,228.0,,,0.0,,,
S2_零互补,11,random,L0_内地单方_UPLIFT,t_learner,7236.0,2171.0,,,,,,,,,,,,,,0.0011743818372397263,0.028132992327365727,
S2_零互补,11,random,L1_加k匿名统计_UPLIFT,t_learner,7236.0,2171.0,,,,,,,,,,,,,,-0.0006517966747666231,-0.03737682636765205,
S2_零互补,11,random,L2_加粗粒度标记_UPLIFT,t_learner,7236.0,2171.0,,,,,,,,,,,,,,0.002833917821246031,0.036828644501278776,
S2_零互补,11,random,L4_集中式_UPLIFT,t_learner,7236.0,2171.0,,,,,,,,,,,,,,0.003323162406966385,0.02388316151202749,
S2_零互补,11,random,OVERLAP_L1_vs_L3a_联邦LR,top_k_overlap,,,,,,,,,,,,,,,,,,0.6221198156682027
S2_零互补,11,random,OVERLAP_L1_vs_L3b_纵向GBDT,top_k_overlap,,,,,,,,,,,,,,,,,,0.4377880184331797
S2_零互补,11,random,OVERLAP_L1_vs_L3c_SplitNN_形态A双向,top_k_overlap,,,,,,,,,,,,,,,,,,0.45622119815668205
S2_零互补,11,oot,L0_内地单方_LR,logistic,7236.0,2171.0,0.6879284303473917,0.29911699779249445,2.8213125406107857,0.14035087719298245,2.2817527690193224,0.22807017543859648,2.2817527690193224,0.45614035087719296,0.0,,,,,,,
S2_零互补,11,oot,L1_加k匿名统计_LR,logistic,7236.0,2171.0,0.6845673787116798,0.28992182442862124,2.8213125406107857,0.14035087719298245,2.4572722127900395,0.24561403508771928,2.2817527690193224,0.45614035087719296,384.0,,,,,,,
S2_零互补,11,oot,L2_加粗粒度标记_LR,logistic,7236.0,2171.0,0.6906172716559611,0.3078391342594898,1.7633203378817413,0.08771929824561403,2.1062333252486054,0.21052631578947367,2.1062333252486054,0.42105263157894735,0.0,,,,,,,
S2_零互补,11,oot,L4_集中式_LR,logistic,7236.0,2171.0,0.7122026921608657,0.4174592109412604,1.7633203378817413,0.08771929824561403,2.1062333252486054,0.21052631578947367,2.0184736033632467,0.40350877192982454,0.0,,,,,,,
S2_零互补,11,oot,L0_内地单方_GBDT,gbdt,7236.0,2171.0,0.6548365947982538,0.2971418612757058,2.468648473034438,0.12280701754385964,2.8083111003314736,0.2807017543859649,2.1939930471339637,0.43859649122807015,0.0,60.0,0.0,0.0,,,,
S2_零互补,11,oot,L4_集中式_GBDT,gbdt,7236.0,2171.0,0.6972978804627462,0.3302378462713074,1.7633203378817413,0.08771929824561403,2.2817527690193224,0.22807017543859648,2.1062333252486054,0.42105263157894735,1972734.0,60.0,398.0,398.0,,,,
S2_零互补,11,oot,L3a_联邦LR,federated_logistic,7236.0,2171.0,0.711854138657903,0.4193513585287722,1.7633203378817413,0.08771929824561403,2.1062333252486054,0.21052631578947367,1.9307138814778881,0.38596491228070173,4052000.0,400.0,,,,,,
S2_零互补,11,oot,L3b_纵向GBDT,vertical_gbdt,7236.0,2171.0,0.6972978804627462,0.3302378462713074,1.7633203378817413,0.08771929824561403,2.2817527690193224,0.22807017543859648,2.1062333252486054,0.42105263157894735,1972734.0,60.0,398.0,398.0,,,,
S2_零互补,11,oot,L3c_SplitNN_形态A双向,splitnn,7236.0,2171.0,0.681837042938472,0.34139985725904165,2.468648473034438,0.12280701754385964,1.755194437707171,0.17543859649122806,2.4572722127900395,0.49122807017543857,466944.0,228.0,,,1.0,,,
S2_零互补,11,oot,L3c_SplitNN_形态B自监督,splitnn,7236.0,2171.0,0.6448156815880761,0.25218675828644455,2.468648473034438,0.12280701754385964,1.755194437707171,0.17543859649122806,1.9307138814778881,0.38596491228070173,233472.0,228.0,,,0.0,,,
S2_零互补,11,oot,L3c_SplitNN_形态B随机,splitnn,7236.0,2171.0,0.6586416372055968,0.266070806154459,1.7633203378817413,0.08771929824561403,2.2817527690193224,0.22807017543859648,2.0184736033632467,0.40350877192982454,233472.0,228.0,,,0.0,,,
S2_零互补,11,oot,L0_内地单方_UPLIFT,t_learner,7236.0,2171.0,,,,,,,,,,,,,,0.0014954571916166203,-0.01832907075873827,
S2_零互补,11,oot,L1_加k匿名统计_UPLIFT,t_learner,7236.0,2171.0,,,,,,,,,,,,,,0.0017780769862289591,0.009938837920489288,
S2_零互补,11,oot,L2_加粗粒度标记_UPLIFT,t_learner,7236.0,2171.0,,,,,,,,,,,,,,0.0023400846243415486,-0.020143393649709795,
S2_零互补,11,oot,L4_集中式_UPLIFT,t_learner,7236.0,2171.0,,,,,,,,,,,,,,0.004148619840341366,-0.011855670103092783,
S2_零互补,11,oot,OVERLAP_L1_vs_L3a_联邦LR,top_k_overlap,,,,,,,,,,,,,,,,,,0.6036866359447005
S2_零互补,11,oot,OVERLAP_L1_vs_L3b_纵向GBDT,top_k_overlap,,,,,,,,,,,,,,,,,,0.4470046082949309
S2_零互补,11,oot,OVERLAP_L1_vs_L3c_SplitNN_形态A双向,top_k_overlap,,,,,,,,,,,,,,,,,,0.543778801843318
S2_零互补,22,random,L0_内地单方_LR,logistic,7169.0,2151.0,0.7475217417746153,0.3806787082649151,5.74365821094793,0.2857142857142857,4.287707641196014,0.42857142857142855,2.7790697674418605,0.5555555555555556,0.0,,,,,,,
S2_零互补,22,random,L1_加k匿名统计_LR,logistic,7169.0,2151.0,0.7455984309432585,0.3819102353585112,5.74365821094793,0.2857142857142857,3.9700996677740865,0.3968253968253968,2.7790697674418605,0.5555555555555556,384.0,,,,,,,
S2_零互补,22,random,L2_加粗粒度标记_LR,logistic,7169.0,2151.0,0.7474761296600377,0.391351943076081,5.74365821094793,0.2857142857142857,4.287707641196014,0.42857142857142855,2.858471760797342,0.5714285714285714,0.0,,,,,,,
S2_零互补,22,random,L4_集中式_LR,logistic,7169.0,2151.0,0.7514671896855805,0.39908319649698965,6.062750333778371,0.30158730158730157,4.1289036544850495,0.4126984126984127,2.937873754152824,0.5873015873015873,0.0,,,,,,,
S2_零互补,22,random,L0_内地单方_GBDT,gbdt,7169.0,2151.0,0.7243583895882747,0.3412014230979748,5.105473965287049,0.25396825396825395,3.8112956810631227,0.38095238095238093,2.3026578073089703,0.4603174603174603,0.0,60.0,0.0,0.0,,,,
S2_零互补,22,random,L4_集中式_GBDT,gbdt,7169.0,2151.0,0.7347883597883598,0.3715106732348112,4.786381842456608,0.23809523809523808,3.176079734219269,0.31746031746031744,2.620265780730897,0.5238095238095238,1963432.0,60.0,412.0,412.0,,,,
S2_零互补,22,random,L3a_联邦LR,federated_logistic,7169.0,2151.0,0.751064282673478,0.39908319649698965,6.062750333778371,0.30158730158730157,4.1289036544850495,0.4126984126984127,2.937873754152824,0.5873015873015873,4014400.0,400.0,,,,,,
S2_零互补,22,random,L3b_纵向GBDT,vertical_gbdt,7169.0,2151.0,0.7347883597883598,0.3715106732348112,4.786381842456608,0.23809523809523808,3.176079734219269,0.31746031746031744,2.620265780730897,0.5238095238095238,1963432.0,60.0,412.0,412.0,,,,
S2_零互补,22,random,L3c_SplitNN_形态A双向,splitnn,7169.0,2151.0,0.7547740679924587,0.4323344280240832,4.467289719626168,0.2222222222222222,3.8112956810631227,0.38095238095238093,2.937873754152824,0.5873015873015873,466944.0,228.0,,,1.0,,,
S2_零互补,22,random,L3c_SplitNN_形态B自监督,splitnn,7169.0,2151.0,0.742451195037402,0.3920361247947455,4.786381842456608,0.23809523809523808,3.493687707641196,0.3492063492063492,2.7790697674418605,0.5555555555555556,233472.0,228.0,,,0.0,,,
S2_零互补,22,random,L3c_SplitNN_形态B随机,splitnn,7169.0,2151.0,0.7542039165602383,0.390120415982485,5.42456608811749,0.2698412698412698,3.493687707641196,0.3492063492063492,2.7790697674418605,0.5555555555555556,233472.0,228.0,,,0.0,,,
S2_零互补,22,random,L0_内地单方_UPLIFT,t_learner,7169.0,2151.0,,,,,,,,,,,,,,0.004448835499139324,0.08463270963270964,
S2_零互补,22,random,L1_加k匿名统计_UPLIFT,t_learner,7169.0,2151.0,,,,,,,,,,,,,,0.005234352586985253,0.09353328710124825,
S2_零互补,22,random,L2_加粗粒度标记_UPLIFT,t_learner,7169.0,2151.0,,,,,,,,,,,,,,0.004978236801412369,0.09181377639321565,
S2_零互补,22,random,L4_集中式_UPLIFT,t_learner,7169.0,2151.0,,,,,,,,,,,,,,0.004168248980455127,0.08226421636615812,
S2_零互补,22,random,OVERLAP_L1_vs_L3a_联邦LR,top_k_overlap,,,,,,,,,,,,,,,,,,0.6883720930232559
S2_零互补,22,random,OVERLAP_L1_vs_L3b_纵向GBDT,top_k_overlap,,,,,,,,,,,,,,,,,,0.5162790697674419
S2_零互补,22,random,OVERLAP_L1_vs_L3c_SplitNN_形态A双向,top_k_overlap,,,,,,,,,,,,,,,,,,0.5767441860465117
S2_零互补,22,oot,L0_内地单方_LR,logistic,7169.0,2151.0,0.7114939309056957,0.39140056022408964,3.9417262231995602,0.19607843137254902,3.7272229822161425,0.37254901960784315,2.746374829001368,0.5490196078431373,0.0,,,,,,,
S2_零互补,22,oot,L1_加k匿名统计_LR,logistic,7169.0,2151.0,0.711531279178338,0.3803641456582633,3.547553600879604,0.17647058823529413,3.7272229822161425,0.37254901960784315,2.746374829001368,0.5490196078431373,384.0,,,,,,,
S2_零互补,22,oot,L2_加粗粒度标记_LR,logistic,7169.0,2151.0,0.7123622782446312,0.3926050420168067,3.9417262231995602,0.19607843137254902,3.7272229822161425,0.37254901960784315,2.746374829001368,0.5490196078431373,0.0,,,,,,,
S2_零互补,22,oot,L4_集中式_LR,logistic,7169.0,2151.0,0.7108683473389356,0.36593837535014,3.9417262231995602,0.19607843137254902,2.5502051983584133,0.2549019607843137,2.5502051983584133,0.5098039215686274,0.0,,,,,,,
S2_零互补,22,oot,L0_内地单方_GBDT,gbdt,7169.0,2151.0,0.6941876750700281,0.34859943977591035,4.335898845519516,0.21568627450980393,2.942544459644323,0.29411764705882354,2.3540355677154583,0.47058823529411764,0.0,60.0,0.0,0.0,,,,
S2_零互补,22,oot,L4_集中式_GBDT,gbdt,7169.0,2151.0,0.6716713352007471,0.27361344537815124,3.547553600879604,0.17647058823529413,2.1578659370725033,0.21568627450980393,2.0597811217510262,0.4117647058823529,1964514.0,60.0,414.0,414.0,,,,
S2_零互补,22,oot,L3a_联邦LR,federated_logistic,7169.0,2151.0,0.7111764705882353,0.3664145658263305,3.9417262231995602,0.19607843137254902,2.5502051983584133,0.2549019607843137,2.5502051983584133,0.5098039215686274,4014400.0,400.0,,,,,,
S2_零互补,22,oot,L3b_纵向GBDT,vertical_gbdt,7169.0,2151.0,0.6716713352007471,0.27361344537815124,3.547553600879604,0.17647058823529413,2.1578659370725033,0.21568627450980393,2.0597811217510262,0.4117647058823529,1964514.0,60.0,414.0,414.0,,,,
S2_零互补,22,oot,L3c_SplitNN_形态A双向,splitnn,7169.0,2151.0,0.7070681605975723,0.3919887955182073,2.759208356239692,0.13725490196078433,2.3540355677154583,0.23529411764705882,2.255950752393981,0.45098039215686275,466944.0,228.0,,,1.0,,,
S2_零互补,22,oot,L3c_SplitNN_形态B自监督,splitnn,7169.0,2151.0,0.699813258636788,0.32943977591036416,3.9417262231995602,0.19607843137254902,3.138714090287278,0.3137254901960784,2.452120383036936,0.49019607843137253,233472.0,228.0,,,0.0,,,
S2_零互补,22,oot,L3c_SplitNN_形态B随机,splitnn,7169.0,2151.0,0.6907469654528477,0.30560224089635857,3.9417262231995602,0.19607843137254902,3.3348837209302324,0.3333333333333333,2.255950752393981,0.45098039215686275,233472.0,228.0,,,0.0,,,
S2_零互补,22,oot,L0_内地单方_UPLIFT,t_learner,7169.0,2151.0,,,,,,,,,,,,,,0.0027548693415013377,0.045462432760714905,
S2_零互补,22,oot,L1_加k匿名统计_UPLIFT,t_learner,7169.0,2151.0,,,,,,,,,,,,,,0.0037827053997688737,0.06596740638002774,
S2_零互补,22,oot,L2_加粗粒度标记_UPLIFT,t_learner,7169.0,2151.0,,,,,,,,,,,,,,0.002595708577430803,0.058212058212058215,
S2_零互补,22,oot,L4_集中式_UPLIFT,t_learner,7169.0,2151.0,,,,,,,,,,,,,,0.0030229115662637287,0.025652173913043474,
S2_零互补,22,oot,OVERLAP_L1_vs_L3a_联邦LR,top_k_overlap,,,,,,,,,,,,,,,,,,0.6930232558139535
S2_零互补,22,oot,OVERLAP_L1_vs_L3b_纵向GBDT,top_k_overlap,,,,,,,,,,,,,,,,,,0.5767441860465117
S2_零互补,22,oot,OVERLAP_L1_vs_L3c_SplitNN_形态A双向,top_k_overlap,,,,,,,,,,,,,,,,,,0.5953488372093023
S2_零互补,33,random,L0_内地单方_LR,logistic,7289.0,2187.0,0.6998852824077199,0.3154936230514879,2.29305373525557,0.11428571428571428,2.5796854521625168,0.2571428571428571,2.2163125204315133,0.44285714285714284,0.0,,,,,,,
S2_零互补,33,random,L1_加k匿名统计_LR,logistic,7289.0,2187.0,0.7040286119171334,0.3225656252108779,2.5796854521625168,0.12857142857142856,2.4363695937090433,0.24285714285714285,2.4307943772474667,0.4857142857142857,384.0,,,,,,,
S2_零互补,33,random,L2_加粗粒度标记_LR,logistic,7289.0,2187.0,0.7093528578176665,0.3585667049058641,2.866317169069463,0.14285714285714285,2.5796854521625168,0.2571428571428571,2.2163125204315133,0.44285714285714284,0.0,,,,,,,
S2_零互补,33,random,L4_集中式_LR,logistic,7289.0,2187.0,0.7473783656117148,0.3971860449423038,3.152948885976409,0.15714285714285714,3.8695281782437747,0.38571428571428573,2.788264138607388,0.5571428571428572,0.0,,,,,,,
S2_零互补,33,random,L0_内地单方_GBDT,gbdt,7289.0,2187.0,0.6844321479182132,0.31525069167960046,2.006422018348624,0.1,1.8631061598951508,0.18571428571428572,2.0018306636155607,0.4,0.0,60.0,0.0,0.0,,,,
S2_零互补,33,random,L4_集中式_GBDT,gbdt,7289.0,2187.0,0.7470207166475471,0.44798569404143324,3.4395806028833555,0.17142857142857143,3.2962647444298825,0.32857142857142857,2.3593004249754825,0.4714285714285714,1998000.0,60.0,420.0,420.0,,,,
S2_零互补,33,random,L3a_联邦LR,federated_logistic,7289.0,2187.0,0.7479924421350967,0.3976584114987516,3.152948885976409,0.15714285714285714,3.8695281782437747,0.38571428571428573,2.788264138607388,0.5571428571428572,4081600.0,400.0,,,,,,
S2_零互补,33,random,L3b_纵向GBDT,vertical_gbdt,7289.0,2187.0,0.7470207166475471,0.44798569404143324,3.4395806028833555,0.17142857142857143,3.2962647444298825,0.32857142857142857,2.3593004249754825,0.4714285714285714,1998000.0,60.0,420.0,420.0,,,,
S2_零互补,33,random,L3c_SplitNN_形态A双向,splitnn,7289.0,2187.0,0.7411566232539308,0.4045414670355624,2.866317169069463,0.14285714285714285,2.866317169069463,0.2857142857142857,2.716770186335404,0.5428571428571428,466944.0,228.0,,,1.0,,,
S2_零互补,33,random,L3c_SplitNN_形态B自监督,splitnn,7289.0,2187.0,0.719967609150415,0.40478439840744995,2.866317169069463,0.14285714285714285,2.5796854521625168,0.2571428571428571,2.6452762340634197,0.5285714285714286,233472.0,228.0,,,0.0,,,
S2_零互补,33,random,L3c_SplitNN_形态B随机,splitnn,7289.0,2187.0,0.701774748633511,0.3581213307240705,1.7197903014416778,0.08571428571428572,2.72300131061599,0.2714285714285714,2.3593004249754825,0.4714285714285714,233472.0,228.0,,,0.0,,,
S2_零互补,33,random,L0_内地单方_UPLIFT,t_learner,7289.0,2187.0,,,,,,,,,,,,,,0.005053178719878912,0.049760040414246004,
S2_零互补,33,random,L1_加k匿名统计_UPLIFT,t_learner,7289.0,2187.0,,,,,,,,,,,,,,0.004920523390559181,0.052764879696074296,
S2_零互补,33,random,L2_加粗粒度标记_UPLIFT,t_learner,7289.0,2187.0,,,,,,,,,,,,,,0.0036895054252789124,0.007416772018541934,
S2_零互补,33,random,L4_集中式_UPLIFT,t_learner,7289.0,2187.0,,,,,,,,,,,,,,0.0037781409832202124,0.027841245663027855,
S2_零互补,33,random,OVERLAP_L1_vs_L3a_联邦LR,top_k_overlap,,,,,,,,,,,,,,,,,,0.6009174311926605
S2_零互补,33,random,OVERLAP_L1_vs_L3b_纵向GBDT,top_k_overlap,,,,,,,,,,,,,,,,,,0.41284403669724773
S2_零互补,33,random,OVERLAP_L1_vs_L3c_SplitNN_形态A双向,top_k_overlap,,,,,,,,,,,,,,,,,,0.5
S2_零互补,33,oot,L0_内地单方_LR,logistic,7289.0,2187.0,0.6731574240872981,0.3112517981882039,3.023375644086968,0.1506849315068493,2.0613924846047507,0.2054794520547945,1.8510078053979502,0.3698630136986301,0.0,,,,,,,
S2_零互补,33,oot,L1_加k匿名统计_LR,logistic,7289.0,2187.0,0.6683752154585866,0.3013569030987157,3.023375644086968,0.1506849315068493,2.1988186502450677,0.2191780821917808,1.9195636500423185,0.3835616438356164,384.0,,,,,,,
S2_零互补,33,oot,L2_加粗粒度标记_LR,logistic,7289.0,2187.0,0.6793328235766773,0.3177382356371742,2.473670981525701,0.1232876712328767,2.3362448158853844,0.2328767123287671,1.8510078053979502,0.3698630136986301,0.0,,,,,,,
S2_零互补,33,oot,L4_集中式_LR,logistic,7289.0,2187.0,0.6877114086131596,0.2915592073715996,3.023375644086968,0.1506849315068493,2.8859494784466513,0.2876712328767123,2.1937870286197927,0.4383561643835616,0.0,,,,,,,
S2_零互补,33,oot,L0_内地单方_GBDT,gbdt,7289.0,2187.0,0.645377846321328,0.2611098871191405,1.923966318964434,0.0958904109589041,1.374261656403167,0.136986301369863,1.5767844268204758,0.3150684931506849,0.0,60.0,0.0,0.0,,,,
S2_零互补,33,oot,L4_集中式_GBDT,gbdt,7289.0,2187.0,0.6577416052150697,0.2585632638249893,2.748523312806334,0.136986301369863,2.3362448158853844,0.2328767123287671,2.1937870286197927,0.4383561643835616,1998000.0,60.0,420.0,420.0,,,,
S2_零互补,33,oot,L3a_联邦LR,federated_logistic,7289.0,2187.0,0.6873874107385854,0.291617526989023,3.023375644086968,0.1506849315068493,2.8859494784466513,0.2876712328767123,2.1937870286197927,0.4383561643835616,4081600.0,400.0,,,,,,
S2_零互补,33,oot,L3b_纵向GBDT,vertical_gbdt,7289.0,2187.0,0.6577416052150697,0.2585632638249893,2.748523312806334,0.136986301369863,2.3362448158853844,0.2328767123287671,2.1937870286197927,0.4383561643835616,1998000.0,60.0,420.0,420.0,,,,
S2_零互补,33,oot,L3c_SplitNN_形态A双向,splitnn,7289.0,2187.0,0.6663081090188049,0.2688728761939322,3.298227975367601,0.1643835616438356,2.473670981525701,0.2465753424657534,1.988119494686687,0.3972602739726027,466944.0,228.0,,,1.0,,,
S2_零互补,33,oot,L3c_SplitNN_形态B自监督,splitnn,7289.0,2187.0,0.6666126670209044,0.29142312826427863,3.298227975367601,0.1643835616438356,2.3362448158853844,0.2328767123287671,1.9195636500423185,0.3835616438356164,233472.0,228.0,,,0.0,,,
S2_零互补,33,oot,L3c_SplitNN_形态B随机,splitnn,7289.0,2187.0,0.654780264641464,0.2787677712834204,2.1988186502450677,0.1095890410958904,2.1988186502450677,0.2191780821917808,2.1937870286197927,0.4383561643835616,233472.0,228.0,,,0.0,,,
S2_零互补,33,oot,L0_内地单方_UPLIFT,t_learner,7289.0,2187.0,,,,,,,,,,,,,,0.0032927971036294463,0.04059973045822103,
S2_零互补,33,oot,L1_加k匿名统计_UPLIFT,t_learner,7289.0,2187.0,,,,,,,,,,,,,,0.002661069037950141,0.030731666245684935,
S2_零互补,33,oot,L2_加粗粒度标记_UPLIFT,t_learner,7289.0,2187.0,,,,,,,,,,,,,,0.0035110061645095827,0.04268754736044457,
S2_零互补,33,oot,L4_集中式_UPLIFT,t_learner,7289.0,2187.0,,,,,,,,,,,,,,0.0035124655971874694,0.037230899113550014,
S2_零互补,33,oot,OVERLAP_L1_vs_L3a_联邦LR,top_k_overlap,,,,,,,,,,,,,,,,,,0.6009174311926605
S2_零互补,33,oot,OVERLAP_L1_vs_L3b_纵向GBDT,top_k_overlap,,,,,,,,,,,,,,,,,,0.42660550458715596
S2_零互补,33,oot,OVERLAP_L1_vs_L3c_SplitNN_形态A双向,top_k_overlap,,,,,,,,,,,,,,,,,,0.5137614678899083
S2_零互补,44,random,L0_内地单方_LR,logistic,7289.0,2187.0,0.7122612861866523,0.3368648356839193,4.58610747051114,0.22857142857142856,2.72300131061599,0.2714285714285714,2.287806472703498,0.45714285714285713,0.0,,,,,,,
S2_零互补,44,random,L1_加k匿名统计_LR,logistic,7289.0,2187.0,0.7136513934813417,0.337823064984142,4.299475753604194,0.21428571428571427,2.866317169069463,0.2857142857142857,2.3593004249754825,0.4714285714285714,384.0,,,,,,,
S2_零互补,44,random,L2_加粗粒度标记_LR,logistic,7289.0,2187.0,0.7184155476078007,0.3386395843174303,4.299475753604194,0.21428571428571427,2.72300131061599,0.2714285714285714,2.502288329519451,0.5,0.0,,,,,,,
S2_零互补,44,random,L4_集中式_LR,logistic,7289.0,2187.0,0.7309400094473311,0.3797354747283892,4.012844036697248,0.2,3.2962647444298825,0.32857142857142857,2.573782281791435,0.5142857142857142,0.0,,,,,,,
S2_零互补,44,random,L0_内地单方_GBDT,gbdt,7289.0,2187.0,0.6749679465550982,0.31541939402118896,4.299475753604194,0.21428571428571427,3.4395806028833555,0.34285714285714286,2.4307943772474667,0.4857142857142857,0.0,60.0,0.0,0.0,,,,
S2_零互补,44,random,L4_集中式_GBDT,gbdt,7289.0,2187.0,0.6888454011741683,0.3283622376678588,4.299475753604194,0.21428571428571427,3.152948885976409,0.3142857142857143,2.287806472703498,0.45714285714285713,1998000.0,60.0,420.0,420.0,,,,
S2_零互补,44,random,L3a_联邦LR,federated_logistic,7289.0,2187.0,0.7309332613536674,0.37867602402321343,4.012844036697248,0.2,3.2962647444298825,0.32857142857142857,2.573782281791435,0.5142857142857142,4081600.0,400.0,,,,,,
S2_零互补,44,random,L3b_纵向GBDT,vertical_gbdt,7289.0,2187.0,0.6888454011741683,0.3283622376678588,4.299475753604194,0.21428571428571427,3.152948885976409,0.3142857142857143,2.287806472703498,0.45714285714285713,1998000.0,60.0,420.0,420.0,,,,
S2_零互补,44,random,L3c_SplitNN_形态A双向,splitnn,7289.0,2187.0,0.7126526756191375,0.33852486672515014,2.29305373525557,0.11428571428571428,3.009633027522936,0.3,2.287806472703498,0.45714285714285713,466944.0,228.0,,,1.0,,,
S2_零互补,44,random,L3c_SplitNN_形态B自监督,splitnn,7289.0,2187.0,0.7185100209190904,0.34244550914366695,4.8727391874180865,0.24285714285714285,2.866317169069463,0.2857142857142857,2.287806472703498,0.45714285714285713,233472.0,228.0,,,0.0,,,
S2_零互补,44,random,L3c_SplitNN_形态B随机,splitnn,7289.0,2187.0,0.6880896146838519,0.31719414265470003,3.7262123197903017,0.18571428571428572,2.72300131061599,0.2714285714285714,2.502288329519451,0.5,233472.0,228.0,,,0.0,,,
S2_零互补,44,random,L0_内地单方_UPLIFT,t_learner,7289.0,2187.0,,,,,,,,,,,,,,0.00802759068355681,0.12844036697247707,
S2_零互补,44,random,L1_加k匿名统计_UPLIFT,t_learner,7289.0,2187.0,,,,,,,,,,,,,,0.00827089275759642,0.1317672812999916,
S2_零互补,44,random,L2_加粗粒度标记_UPLIFT,t_learner,7289.0,2187.0,,,,,,,,,,,,,,0.007858485625223796,0.14355476972299402,
S2_零互补,44,random,L4_集中式_UPLIFT,t_learner,7289.0,2187.0,,,,,,,,,,,,,,0.007770137675043063,0.15875420875420876,
S2_零互补,44,random,OVERLAP_L1_vs_L3a_联邦LR,top_k_overlap,,,,,,,,,,,,,,,,,,0.6972477064220184
S2_零互补,44,random,OVERLAP_L1_vs_L3b_纵向GBDT,top_k_overlap,,,,,,,,,,,,,,,,,,0.5642201834862385
S2_零互补,44,random,OVERLAP_L1_vs_L3c_SplitNN_形态A双向,top_k_overlap,,,,,,,,,,,,,,,,,,0.5963302752293578
S2_零互补,44,oot,L0_内地单方_LR,logistic,7289.0,2187.0,0.7458636121032969,0.42322535616044665,5.234144395692063,0.2608695652173913,3.3440366972477067,0.3333333333333333,2.611083474281166,0.5217391304347826,0.0,,,,,,,
S2_零互补,44,oot,L1_加k匿名统计_LR,logistic,7289.0,2187.0,0.7491480888450958,0.42293796444553927,5.234144395692063,0.2608695652173913,3.3440366972477067,0.3333333333333333,2.6836135707889768,0.5362318840579711,384.0,,,,,,,
S2_零互补,44,oot,L2_加粗粒度标记_LR,logistic,7289.0,2187.0,0.7448714264208783,0.40349796773001595,5.234144395692063,0.2608695652173913,3.198643797367372,0.3188405797101449,2.7561436672967865,0.5507246376811594,0.0,,,,,,,
S2_零互补,44,oot,L4_集中式_LR,logistic,7289.0,2187.0,0.7653309794583351,0.4435275280206922,4.361786996410053,0.21739130434782608,3.198643797367372,0.3188405797101449,2.973733956820217,0.5942028985507246,0.0,,,,,,,
S2_零互补,44,oot,L0_内地单方_GBDT,gbdt,7289.0,2187.0,0.7094948748477508,0.3262922363181016,5.234144395692063,0.2608695652173913,3.198643797367372,0.3188405797101449,2.103372798726495,0.42028985507246375,0.0,60.0,0.0,0.0,,,,
S2_零互补,44,oot,L4_集中式_GBDT,gbdt,7289.0,2187.0,0.7317266767938033,0.36084082604590056,4.361786996410053,0.21739130434782608,3.053250897487037,0.30434782608695654,2.393493184757736,0.4782608695652174,1998000.0,60.0,420.0,420.0,,,,
S2_零互补,44,oot,L3a_联邦LR,federated_logistic,7289.0,2187.0,0.7667542527131146,0.4526419509791847,4.361786996410053,0.21739130434782608,3.198643797367372,0.3188405797101449,2.973733956820217,0.5942028985507246,4081600.0,400.0,,,,,,
S2_零互补,44,oot,L3b_纵向GBDT,vertical_gbdt,7289.0,2187.0,0.7317266767938033,0.36084082604590056,4.361786996410053,0.21739130434782608,3.053250897487037,0.30434782608695654,2.393493184757736,0.4782608695652174,1998000.0,60.0,420.0,420.0,,,,
S2_零互补,44,oot,L3c_SplitNN_形态A双向,splitnn,7289.0,2187.0,0.7297696760684813,0.3634478794597036,3.780215396888712,0.18840579710144928,2.9078579976067016,0.2898550724637681,2.393493184757736,0.4782608695652174,466944.0,228.0,,,1.0,,,
S2_零互补,44,oot,L3c_SplitNN_形态B自监督,splitnn,7289.0,2187.0,0.7334304991036116,0.387527199573018,4.361786996410053,0.21739130434782608,3.198643797367372,0.3188405797101449,2.393493184757736,0.4782608695652174,233472.0,228.0,,,0.0,,,
S2_零互补,44,oot,L3c_SplitNN_形态B随机,splitnn,7289.0,2187.0,0.6962064293632221,0.3180810444636039,3.780215396888712,0.18840579710144928,2.7624650977263667,0.2753623188405797,2.175902895234305,0.43478260869565216,233472.0,228.0,,,0.0,,,
S2_零互补,44,oot,L0_内地单方_UPLIFT,t_learner,7289.0,2187.0,,,,,,,,,,,,,,0.0069456888165381776,0.09097035040431269,
S2_零互补,44,oot,L1_加k匿名统计_UPLIFT,t_learner,7289.0,2187.0,,,,,,,,,,,,,,0.006649094658050284,0.07609427609427609,
S2_零互补,44,oot,L2_加粗粒度标记_UPLIFT,t_learner,7289.0,2187.0,,,,,,,,,,,,,,0.007050335777719952,0.09174311926605505,
S2_零互补,44,oot,L4_集中式_UPLIFT,t_learner,7289.0,2187.0,,,,,,,,,,,,,,0.006662121756944057,0.08872053872053871,
S2_零互补,44,oot,OVERLAP_L1_vs_L3a_联邦LR,top_k_overlap,,,,,,,,,,,,,,,,,,0.7201834862385321
S2_零互补,44,oot,OVERLAP_L1_vs_L3b_纵向GBDT,top_k_overlap,,,,,,,,,,,,,,,,,,0.4908256880733945
S2_零互补,44,oot,OVERLAP_L1_vs_L3c_SplitNN_形态A双向,top_k_overlap,,,,,,,,,,,,,,,,,,0.536697247706422
S2_零互补,55,random,L0_内地单方_LR,logistic,7121.0,2137.0,0.7865487819585142,0.5189339122045344,4.725088443396226,0.234375,4.389377934272301,0.4375,3.2061255854800934,0.640625,0.0,,,,,,,
S2_零互补,55,random,L1_加k匿名统计_LR,logistic,7121.0,2137.0,0.7850865291847564,0.5452544621321755,4.410082547169811,0.21875,4.232614436619718,0.421875,3.1279274004683844,0.625,384.0,,,,,,,
S2_零互补,55,random,L2_加粗粒度标记_LR,logistic,7121.0,2137.0,0.78713669802219,0.5164164254703328,5.040094339622641,0.25,4.232614436619718,0.421875,3.2061255854800934,0.640625,0.0,,,,,,,
S2_零互补,55,random,L4_集中式_LR,logistic,7121.0,2137.0,0.8043370115774241,0.523087011577424,6.300117924528302,0.3125,4.702904929577465,0.46875,3.362521955503513,0.671875,0.0,,,,,,,
S2_零互补,55,random,L0_内地单方_GBDT,gbdt,7121.0,2137.0,0.7627268753014955,0.4664586348287506,4.725088443396226,0.234375,3.7623239436619715,0.375,2.893332845433255,0.578125,0.0,60.0,0.0,0.0,,,,
S2_零互补,55,random,L4_集中式_GBDT,gbdt,7121.0,2137.0,0.8000708514230583,0.5267577182826821,5.040094339622641,0.25,4.546141431924882,0.453125,3.284323770491803,0.65625,1955520.0,60.0,420.0,420.0,,,,
S2_零互补,55,random,L3a_联邦LR,federated_logistic,7121.0,2137.0,0.8042164134105161,0.523087011577424,6.300117924528302,0.3125,4.702904929577465,0.46875,3.362521955503513,0.671875,3987200.0,400.0,,,,,,
S2_零互补,55,random,L3b_纵向GBDT,vertical_gbdt,7121.0,2137.0,0.8000708514230583,0.5267577182826821,5.040094339622641,0.25,4.546141431924882,0.453125,3.284323770491803,0.65625,1955520.0,60.0,420.0,420.0,,,,
S2_零互补,55,random,L3c_SplitNN_形态A双向,splitnn,7121.0,2137.0,0.7935811625663289,0.49856789676796914,6.300117924528302,0.3125,4.546141431924882,0.453125,3.2061255854800934,0.640625,466944.0,228.0,,,1.0,,,
S2_零互补,55,random,L3c_SplitNN_形态B自监督,splitnn,7121.0,2137.0,0.7819735890014472,0.4830484201640135,6.300117924528302,0.3125,4.232614436619718,0.421875,2.971531030444965,0.59375,233472.0,228.0,,,0.0,,,
S2_零互补,55,random,L3c_SplitNN_形态B随机,splitnn,7121.0,2137.0,0.757492161119151,0.4269024360829715,5.355100235849056,0.265625,3.7623239436619715,0.375,2.6587382903981265,0.53125,233472.0,228.0,,,0.0,,,
S2_零互补,55,random,L0_内地单方_UPLIFT,t_learner,7121.0,2137.0,,,,,,,,,,,,,,0.008000749143813825,0.09671694764862468,
S2_零互补,55,random,L1_加k匿名统计_UPLIFT,t_learner,7121.0,2137.0,,,,,,,,,,,,,,0.007305074322853989,0.08532695374800639,
S2_零互补,55,random,L2_加粗粒度标记_UPLIFT,t_learner,7121.0,2137.0,,,,,,,,,,,,,,0.008390152764044076,0.08221594918842626,
S2_零互补,55,random,L4_集中式_UPLIFT,t_learner,7121.0,2137.0,,,,,,,,,,,,,,0.008738783123318371,0.09541041482789055,
S2_零互补,55,random,OVERLAP_L1_vs_L3a_联邦LR,top_k_overlap,,,,,,,,,,,,,,,,,,0.6572769953051644
S2_零互补,55,random,OVERLAP_L1_vs_L3b_纵向GBDT,top_k_overlap,,,,,,,,,,,,,,,,,,0.5492957746478874
S2_零互补,55,random,OVERLAP_L1_vs_L3c_SplitNN_形态A双向,top_k_overlap,,,,,,,,,,,,,,,,,,0.5117370892018779
S2_零互补,55,oot,L0_内地单方_LR,logistic,7121.0,2137.0,0.7868166275825026,0.49457625342259365,4.903875573686894,0.24324324324324326,3.6606395127521885,0.36486486486486486,3.043388822077347,0.6081081081081081,0.0,,,,,,,
S2_零互补,55,oot,L1_加k匿名统计_LR,logistic,7121.0,2137.0,0.7773971256763307,0.4697370661985301,5.176313105558388,0.25675675675675674,3.525060271539145,0.35135135135135137,3.043388822077347,0.6081081081081081,384.0,,,,,,,
S2_零互补,55,oot,L2_加粗粒度标记_LR,logistic,7121.0,2137.0,0.7881987659011411,0.4953099003026293,4.903875573686894,0.24324324324324326,3.6606395127521885,0.36486486486486486,3.1110196847901763,0.6216216216216216,0.0,,,,,,,
S2_零互补,55,oot,L4_集中式_LR,logistic,7121.0,2137.0,0.813804352098099,0.5168280253108174,5.9936257011728715,0.2972972972972973,4.609694201243497,0.4594594594594595,3.043388822077347,0.6081081081081081,0.0,,,,,,,
S2_零互补,55,oot,L0_内地单方_GBDT,gbdt,7121.0,2137.0,0.7666413383815225,0.4737917752944413,3.8141254462009178,0.1891891891891892,3.9317979951782767,0.3918918918918919,2.9081270966516866,0.581081081081081,0.0,60.0,0.0,0.0,,,,
S2_零互补,55,oot,L4_集中式_GBDT,gbdt,7121.0,2137.0,0.7906224207726874,0.511482883756272,5.448750637429883,0.2702702702702703,3.2539017891130566,0.32432432432432434,3.3139122729286665,0.6621621621621622,1955520.0,60.0,420.0,420.0,,,,
S2_零互补,55,oot,L3a_联邦LR,federated_logistic,7121.0,2137.0,0.81414497386383,0.5197953649238186,5.9936257011728715,0.2972972972972973,4.609694201243497,0.4594594594594595,3.043388822077347,0.6081081081081081,3987200.0,400.0,,,,,,
S2_零互补,55,oot,L3b_纵向GBDT,vertical_gbdt,7121.0,2137.0,0.7906224207726874,0.511482883756272,5.448750637429883,0.2702702702702703,3.2539017891130566,0.32432432432432434,3.3139122729286665,0.6621621621621622,1955520.0,60.0,420.0,420.0,,,,
S2_零互补,55,oot,L3c_SplitNN_形态A双向,splitnn,7121.0,2137.0,0.811636163550851,0.5208237806395828,4.903875573686894,0.24324324324324326,4.202956477604364,0.4189189189189189,3.246281410215836,0.6486486486486487,466944.0,228.0,,,1.0,,,
S2_零互补,55,oot,L3c_SplitNN_形态B自监督,splitnn,7121.0,2137.0,0.7895416017083491,0.45138934377906753,5.448750637429883,0.2702702702702703,3.6606395127521885,0.36486486486486486,2.7728653712260267,0.5540540540540541,233472.0,228.0,,,0.0,,,
S2_零互补,55,oot,L3c_SplitNN_形态B随机,splitnn,7121.0,2137.0,0.763398881188508,0.40332892271816173,4.903875573686894,0.24324324324324326,3.9317979951782767,0.3918918918918919,2.569972783087537,0.5135135135135135,233472.0,228.0,,,0.0,,,
S2_零互补,55,oot,L0_内地单方_UPLIFT,t_learner,7121.0,2137.0,,,,,,,,,,,,,,0.0047005903408118355,0.032743362831858414,
S2_零互补,55,oot,L1_加k匿名统计_UPLIFT,t_learner,7121.0,2137.0,,,,,,,,,,,,,,0.005450373723356154,0.030803177405119148,
S2_零互补,55,oot,L2_加粗粒度标记_UPLIFT,t_learner,7121.0,2137.0,,,,,,,,,,,,,,0.004373965127095823,0.052654867256637164,
S2_零互补,55,oot,L4_集中式_UPLIFT,t_learner,7121.0,2137.0,,,,,,,,,,,,,,0.005320447693621068,0.0493119266055046,
S2_零互补,55,oot,OVERLAP_L1_vs_L3a_联邦LR,top_k_overlap,,,,,,,,,,,,,,,,,,0.6009389671361502
S2_零互补,55,oot,OVERLAP_L1_vs_L3b_纵向GBDT,top_k_overlap,,,,,,,,,,,,,,,,,,0.48826291079812206
S2_零互补,55,oot,OVERLAP_L1_vs_L3c_SplitNN_形态A双向,top_k_overlap,,,,,,,,,,,,,,,,,,0.5352112676056338
S3_高互补,11,random,L0_内地单方_LR,logistic,7236.0,2171.0,0.6407349856266025,0.239794887732111,2.636308439587128,0.13114754098360656,1.968119664576566,0.19672131147540983,1.6400997204804715,0.32786885245901637,0.0,,,,,,,
S3_高互补,11,random,L1_加k匿名统计_LR,logistic,7236.0,2171.0,0.6298345116929531,0.2562504855877553,2.636308439587128,0.13114754098360656,1.968119664576566,0.19672131147540983,1.4760897484324242,0.29508196721311475,384.0,,,,,,,
S3_高互补,11,random,L2_加粗粒度标记_LR,logistic,7236.0,2171.0,0.643897133089892,0.22645482091523572,1.977231329690346,0.09836065573770492,1.6400997204804715,0.16393442622950818,1.722104706504495,0.3442622950819672,0.0,,,,,,,
S3_高互补,11,random,L4_集中式_LR,logistic,7236.0,2171.0,0.8344650765286302,0.5534068836920207,7.249848208864602,0.36065573770491804,5.412329077585556,0.5409836065573771,3.44420941300899,0.6885245901639344,0.0,,,,,,,
S3_高互补,11,random,L0_内地单方_GBDT,gbdt,7236.0,2171.0,0.5380195788982985,0.1025639033486131,1.647692774741955,0.08196721311475409,1.6400997204804715,0.16393442622950818,1.4760897484324242,0.29508196721311475,0.0,60.0,0.0,0.0,,,,
S3_高互补,11,random,L4_集中式_GBDT,gbdt,7236.0,2171.0,0.7838318700955638,0.4722787662186311,5.272616879174256,0.26229508196721313,4.428269245297273,0.4426229508196721,2.9521794968648485,0.5901639344262295,1984680.0,60.0,420.0,420.0,,,,
S3_高互补,11,random,L3a_联邦LR,federated_logistic,7236.0,2171.0,0.8352808639577345,0.5578665216377905,7.249848208864602,0.36065573770491804,5.412329077585556,0.5409836065573771,3.44420941300899,0.6885245901639344,4052000.0,400.0,,,,,,
S3_高互补,11,random,L3b_纵向GBDT,vertical_gbdt,7236.0,2171.0,0.7838318700955638,0.4722787662186311,5.272616879174256,0.26229508196721313,4.428269245297273,0.4426229508196721,2.9521794968648485,0.5901639344262295,1984680.0,60.0,420.0,420.0,,,,
S3_高互补,11,random,L3c_SplitNN_形态A双向,splitnn,7236.0,2171.0,0.7981198042110169,0.4966669256468029,5.272616879174256,0.26229508196721313,4.920299161441415,0.4918032786885246,3.1981944549369192,0.639344262295082,466944.0,228.0,,,1.0,,,
S3_高互补,11,random,L3c_SplitNN_形态B自监督,splitnn,7236.0,2171.0,0.6918110480926112,0.3118794188485743,2.636308439587128,0.13114754098360656,3.44420941300899,0.3442622950819672,2.29613960867266,0.45901639344262296,233472.0,228.0,,,0.0,,,
S3_高互补,11,random,L3c_SplitNN_形态B随机,splitnn,7236.0,2171.0,0.6733509439825965,0.33337735995649137,2.306769884638737,0.11475409836065574,2.4601495807207074,0.2459016393442623,1.968119664576566,0.39344262295081966,233472.0,228.0,,,0.0,,,
S3_高互补,11,random,L0_内地单方_UPLIFT,t_learner,7236.0,2171.0,,,,,,,,,,,,,,-0.0003112516134330413,-0.044358974358974367,
S3_高互补,11,random,L1_加k匿名统计_UPLIFT,t_learner,7236.0,2171.0,,,,,,,,,,,,,,-0.0005633333487796905,-0.052344416027280474,
S3_高互补,11,random,L2_加粗粒度标记_UPLIFT,t_learner,7236.0,2171.0,,,,,,,,,,,,,,0.0011873382629926433,-0.00975860297894196,
S3_高互补,11,random,L4_集中式_UPLIFT,t_learner,7236.0,2171.0,,,,,,,,,,,,,,0.002979207795365077,0.013205282112845163,
S3_高互补,11,random,OVERLAP_L1_vs_L3a_联邦LR,top_k_overlap,,,,,,,,,,,,,,,,,,0.23963133640552994
S3_高互补,11,random,OVERLAP_L1_vs_L3b_纵向GBDT,top_k_overlap,,,,,,,,,,,,,,,,,,0.18433179723502305
S3_高互补,11,random,OVERLAP_L1_vs_L3c_SplitNN_形态A双向,top_k_overlap,,,,,,,,,,,,,,,,,,0.20276497695852536
S3_高互补,11,oot,L0_内地单方_LR,logistic,7236.0,2171.0,0.6863101462264933,0.2865275772211987,2.468648473034438,0.12280701754385964,1.755194437707171,0.17543859649122806,1.9307138814778881,0.38596491228070173,0.0,,,,,,,
S3_高互补,11,oot,L1_加k匿名统计_LR,logistic,7236.0,2171.0,0.6730153197563445,0.29284303473916584,2.1159844054580894,0.10526315789473684,1.9307138814778881,0.19298245614035087,2.1062333252486054,0.42105263157894735,384.0,,,,,,,
S3_高互补,11,oot,L2_加粗粒度标记_LR,logistic,7236.0,2171.0,0.6880114192766685,0.3278062706434961,1.0579922027290447,0.05263157894736842,1.755194437707171,0.17543859649122806,2.3695124909046807,0.47368421052631576,0.0,,,,,,,
S3_高互补,11,oot,L4_集中式_LR,logistic,7236.0,2171.0,0.8927036133379807,0.6688492755066474,7.405945419103314,0.3684210526315789,5.967661088204381,0.5964912280701754,4.036947206726493,0.8070175438596491,0.0,,,,,,,
S3_高互补,11,oot,L0_内地单方_GBDT,gbdt,7236.0,2171.0,0.6262261614300653,0.22026091719364632,2.468648473034438,0.12280701754385964,1.579674993936454,0.15789473684210525,1.6674347158218124,0.3333333333333333,0.0,60.0,0.0,0.0,,,,
S3_高互补,11,oot,L4_集中式_GBDT,gbdt,7236.0,2171.0,0.8416156284751614,0.5558764460820926,5.6426250812215715,0.2807017543859649,4.914544425580079,0.49122807017543857,3.4226291535289834,0.6842105263157895,1979072.0,60.0,412.0,412.0,,,,
S3_高互补,11,oot,L3a_联邦LR,federated_logistic,7236.0,2171.0,0.892720211123836,0.6688492755066474,7.405945419103314,0.3684210526315789,5.967661088204381,0.5964912280701754,4.036947206726493,0.8070175438596491,4052000.0,400.0,,,,,,
S3_高互补,11,oot,L3b_纵向GBDT,vertical_gbdt,7236.0,2171.0,0.8416156284751614,0.5558764460820926,5.6426250812215715,0.2807017543859649,4.914544425580079,0.49122807017543857,3.4226291535289834,0.6842105263157895,1979072.0,60.0,412.0,412.0,,,,
S3_高互补,11,oot,L3c_SplitNN_形态A双向,splitnn,7236.0,2171.0,0.8857408421716542,0.6496207405932048,6.700617283950617,0.3333333333333333,5.792141644433665,0.5789473684210527,4.036947206726493,0.8070175438596491,466944.0,228.0,,,1.0,,,
S3_高互补,11,oot,L3c_SplitNN_形态B自监督,splitnn,7236.0,2171.0,0.705065644243058,0.36641272054307955,2.8213125406107857,0.14035087719298245,3.3348694316436247,0.3333333333333333,2.2817527690193224,0.45614035087719296,233472.0,228.0,,,0.0,,,
S3_高互补,11,oot,L3c_SplitNN_形态B随机,splitnn,7236.0,2171.0,0.7165015186974057,0.3502464771199522,3.173976608187134,0.15789473684210525,2.8083111003314736,0.2807017543859649,2.2817527690193224,0.45614035087719296,233472.0,228.0,,,0.0,,,
S3_高互补,11,oot,L0_内地单方_UPLIFT,t_learner,7236.0,2171.0,,,,,,,,,,,,,,0.006318045816539329,-0.029311809685641455,
S3_高互补,11,oot,L1_加k匿名统计_UPLIFT,t_learner,7236.0,2171.0,,,,,,,,,,,,,,0.006260348588135378,-0.03333333333333334,
S3_高互补,11,oot,L2_加粗粒度标记_UPLIFT,t_learner,7236.0,2171.0,,,,,,,,,,,,,,0.007861970727169912,-0.0023870417732310273,
S3_高互补,11,oot,L4_集中式_UPLIFT,t_learner,7236.0,2171.0,,,,,,,,,,,,,,0.011836200731053785,0.16473791695030632,
S3_高互补,11,oot,OVERLAP_L1_vs_L3a_联邦LR,top_k_overlap,,,,,,,,,,,,,,,,,,0.2672811059907834
S3_高互补,11,oot,OVERLAP_L1_vs_L3b_纵向GBDT,top_k_overlap,,,,,,,,,,,,,,,,,,0.21658986175115208
S3_高互补,11,oot,OVERLAP_L1_vs_L3c_SplitNN_形态A双向,top_k_overlap,,,,,,,,,,,,,,,,,,0.29493087557603687
S3_高互补,22,random,L0_内地单方_LR,logistic,7169.0,2151.0,0.7502706094595655,0.41652678641462076,3.6250957560900874,0.18032786885245902,3.1162028211971027,0.3114754098360656,2.7881814715974076,0.5573770491803278,0.0,,,,,,,
S3_高互补,22,random,L1_加k匿名统计_LR,logistic,7169.0,2151.0,0.7515569848615578,0.41975056867205274,3.6250957560900874,0.18032786885245902,3.28021349599695,0.32786885245901637,2.8701868089973317,0.5737704918032787,384.0,,,,,,,
S3_高互补,22,random,L2_加粗粒度标记_LR,logistic,7169.0,2151.0,0.7740214918817162,0.47696289905090594,4.613758235023747,0.22950819672131148,3.772245520396493,0.3770491803278688,2.6241707967975603,0.5245901639344263,0.0,,,,,,,
S3_高互补,22,random,L4_集中式_LR,logistic,7169.0,2151.0,0.9385441995450623,0.7534159541924856,11.863949747203922,0.5901639344262295,7.708501715592833,0.7704918032786885,4.428288219595883,0.8852459016393442,0.0,,,,,,,
S3_高互补,22,random,L0_内地单方_GBDT,gbdt,7169.0,2151.0,0.7188524590163934,0.3569221115381599,3.295541596445534,0.16393442622950818,2.6241707967975603,0.26229508196721313,2.296149447197865,0.45901639344262296,0.0,60.0,0.0,0.0,,,,
S3_高互补,22,random,L4_集中式_GBDT,gbdt,7169.0,2151.0,0.9092007216252255,0.6736371480116088,9.8866247893366,0.4918032786885246,6.724437666793748,0.6721311475409836,4.182272207396112,0.8360655737704918,1967760.0,60.0,420.0,420.0,,,,
S3_高互补,22,random,L3a_联邦LR,federated_logistic,7169.0,2151.0,0.9388187308808534,0.7548513608910502,11.863949747203922,0.5901639344262295,7.708501715592833,0.7704918032786885,4.428288219595883,0.8852459016393442,4014400.0,400.0,,,,,,
S3_高互补,22,random,L3b_纵向GBDT,vertical_gbdt,7169.0,2151.0,0.9092007216252255,0.6736371480116088,9.8866247893366,0.4918032786885246,6.724437666793748,0.6721311475409836,4.182272207396112,0.8360655737704918,1967760.0,60.0,420.0,420.0,,,,
S3_高互补,22,random,L3c_SplitNN_形态A双向,splitnn,7169.0,2151.0,0.9309043846576203,0.7176327555102361,10.216178948981154,0.5081967213114754,7.87251239039268,0.7868852459016393,4.346282882195959,0.8688524590163934,466944.0,228.0,,,1.0,,,
S3_高互补,22,random,L3c_SplitNN_形态B自监督,splitnn,7169.0,2151.0,0.8442309200721625,0.5197270374146993,7.909299831469282,0.39344262295081966,5.084330918795273,0.5081967213114754,3.362218833396874,0.6721311475409836,233472.0,228.0,,,0.0,,,
S3_高互补,22,random,L3c_SplitNN_形态B随机,splitnn,7169.0,2151.0,0.7907443721076163,0.4575260804769002,6.261529033246514,0.3114754098360656,4.59229889439573,0.45901639344262296,3.198208158597027,0.639344262295082,233472.0,228.0,,,0.0,,,
S3_高互补,22,random,L0_内地单方_UPLIFT,t_learner,7169.0,2151.0,,,,,,,,,,,,,,0.008287992636038523,0.07217300677436164,
S3_高互补,22,random,L1_加k匿名统计_UPLIFT,t_learner,7169.0,2151.0,,,,,,,,,,,,,,0.0072342527913489,0.008511377453534821,
S3_高互补,22,random,L2_加粗粒度标记_UPLIFT,t_learner,7169.0,2151.0,,,,,,,,,,,,,,0.0076871818169350695,0.04379435693266402,
S3_高互补,22,random,L4_集中式_UPLIFT,t_learner,7169.0,2151.0,,,,,,,,,,,,,,0.009760068821957802,0.1427165354330709,
S3_高互补,22,random,OVERLAP_L1_vs_L3a_联邦LR,top_k_overlap,,,,,,,,,,,,,,,,,,0.27906976744186046
S3_高互补,22,random,OVERLAP_L1_vs_L3b_纵向GBDT,top_k_overlap,,,,,,,,,,,,,,,,,,0.24651162790697675
S3_高互补,22,random,OVERLAP_L1_vs_L3c_SplitNN_形态A双向,top_k_overlap,,,,,,,,,,,,,,,,,,0.2558139534883721
S3_高互补,22,oot,L0_内地单方_LR,logistic,7169.0,2151.0,0.7224149198210426,0.4101191373850098,3.5268076733890803,0.17543859649122806,2.983843329253366,0.2982456140350877,2.8083231334149326,0.5614035087719298,0.0,,,,,,,
S3_高互补,22,oot,L1_加k匿名统计_LR,logistic,7169.0,2151.0,0.7247608036327686,0.417156788820188,3.174126906050172,0.15789473684210525,2.8083231334149326,0.2807017543859649,2.7205630354957164,0.543859649122807,384.0,,,,,,,
S3_高互补,22,oot,L2_加粗粒度标记_LR,logistic,7169.0,2151.0,0.743561386752459,0.4004675011310511,4.584849975405804,0.22807017543859648,4.388004895960832,0.43859649122807015,2.8083231334149326,0.5614035087719298,0.0,,,,,,,
S3_高互补,22,oot,L4_集中式_LR,logistic,7169.0,2151.0,0.9195613197272072,0.6966772231438194,11.285784554845057,0.5614035087719298,6.494247246022033,0.6491228070175439,4.388004895960832,0.8771929824561403,0.0,,,,,,,
S3_高互补,22,oot,L0_内地单方_GBDT,gbdt,7169.0,2151.0,0.6557247943162586,0.2590861106922033,2.821446138711264,0.14035087719298245,1.9307221542227662,0.19298245614035087,2.1062423500611995,0.42105263157894735,0.0,60.0,0.0,0.0,,,,
S3_高互补,22,oot,L4_集中式_GBDT,gbdt,7169.0,2151.0,0.9000485933075286,0.660383049313829,8.464338416133792,0.42105263157894735,6.494247246022033,0.6491228070175439,4.124724602203183,0.8245614035087719,1967760.0,60.0,420.0,420.0,,,,
S3_高互补,22,oot,L3a_联邦LR,federated_logistic,7169.0,2151.0,0.9193099750330936,0.6942894485497411,11.638465322183963,0.5789473684210527,6.318727050183599,0.631578947368421,4.300244798041616,0.8596491228070176,4014400.0,400.0,,,,,,
S3_高互补,22,oot,L3b_纵向GBDT,vertical_gbdt,7169.0,2151.0,0.9000485933075286,0.660383049313829,8.464338416133792,0.42105263157894735,6.494247246022033,0.6491228070175439,4.124724602203183,0.8245614035087719,1967760.0,60.0,420.0,420.0,,,,
S3_高互补,22,oot,L3c_SplitNN_形态A双向,splitnn,7169.0,2151.0,0.9116020710802795,0.7058513044789625,9.875061485489423,0.49122807017543857,6.845287637698899,0.6842105263157895,4.300244798041616,0.8596491228070176,466944.0,228.0,,,1.0,,,
S3_高互补,22,oot,L3c_SplitNN_形态B自监督,splitnn,7169.0,2151.0,0.8269240436334389,0.5156085055044488,7.053615346778161,0.3508771929824561,5.265605875152999,0.5263157894736842,3.1593635250917993,0.631578947368421,233472.0,228.0,,,0.0,,,
S3_高互补,22,oot,L3c_SplitNN_形态B随机,splitnn,7169.0,2151.0,0.7776353491177801,0.4645101291911728,5.995573044761436,0.2982456140350877,4.212484700122399,0.42105263157894735,3.0716034271725827,0.6140350877192983,233472.0,228.0,,,0.0,,,
S3_高互补,22,oot,L0_内地单方_UPLIFT,t_learner,7169.0,2151.0,,,,,,,,,,,,,,0.001985193752439619,-0.017438833940655915,
S3_高互补,22,oot,L1_加k匿名统计_UPLIFT,t_learner,7169.0,2151.0,,,,,,,,,,,,,,0.0023469753034060774,-0.001741553465691395,
S3_高互补,22,oot,L2_加粗粒度标记_UPLIFT,t_learner,7169.0,2151.0,,,,,,,,,,,,,,0.0023303846513841073,0.02890273451021115,
S3_高互补,22,oot,L4_集中式_UPLIFT,t_learner,7169.0,2151.0,,,,,,,,,,,,,,0.0021091389651645034,0.07761607761607764,
S3_高互补,22,oot,OVERLAP_L1_vs_L3a_联邦LR,top_k_overlap,,,,,,,,,,,,,,,,,,0.3209302325581395
S3_高互补,22,oot,OVERLAP_L1_vs_L3b_纵向GBDT,top_k_overlap,,,,,,,,,,,,,,,,,,0.32558139534883723
S3_高互补,22,oot,OVERLAP_L1_vs_L3c_SplitNN_形态A双向,top_k_overlap,,,,,,,,,,,,,,,,,,0.30697674418604654
S3_高互补,33,random,L0_内地单方_LR,logistic,7289.0,2187.0,0.6588373123026589,0.2682696841112682,2.432026688907423,0.12121212121212122,2.432026688907423,0.24242424242424243,1.895672976908675,0.3787878787878788,0.0,,,,,,,
S3_高互补,33,random,L1_加k匿名统计_LR,logistic,7289.0,2187.0,0.6606946408926607,0.2580472332947581,2.736030025020851,0.13636363636363635,2.280025020850709,0.22727272727272727,1.819846057832328,0.36363636363636365,384.0,,,,,,,
S3_高互补,33,random,L2_加粗粒度标记_LR,logistic,7289.0,2187.0,0.697905504836198,0.35960738931035957,2.128023352793995,0.10606060606060606,2.584028356964137,0.25757575757575757,2.2748075722904098,0.45454545454545453,0.0,,,,,,,
S3_高互补,33,random,L4_集中式_LR,logistic,7289.0,2187.0,0.9003543211464003,0.6643521495006643,8.51209341117598,0.42424242424242425,6.688073394495413,0.6666666666666666,4.094653630122738,0.8181818181818182,0.0,,,,,,,
S3_高互补,33,random,L0_内地单方_GBDT,gbdt,7289.0,2187.0,0.6334883488348835,0.21726458360121725,3.0400333611342787,0.15151515151515152,1.9760216847372811,0.19696969696969696,1.744019138755981,0.3484848484848485,0.0,60.0,0.0,0.0,,,,
S3_高互补,33,random,L4_集中式_GBDT,gbdt,7289.0,2187.0,0.8938465275098938,0.6365779435086365,8.51209341117598,0.42424242424242425,6.232068390325272,0.6212121212121212,3.79134595381735,0.7575757575757576,1998000.0,60.0,420.0,420.0,,,,
S3_高互补,33,random,L3a_联邦LR,federated_logistic,7289.0,2187.0,0.9005972025774006,0.6648236252196648,8.51209341117598,0.42424242424242425,6.688073394495413,0.6666666666666666,4.094653630122738,0.8181818181818182,4081600.0,400.0,,,,,,
S3_高互补,33,random,L3b_纵向GBDT,vertical_gbdt,7289.0,2187.0,0.8938465275098938,0.6365779435086365,8.51209341117598,0.42424242424242425,6.232068390325272,0.6212121212121212,3.79134595381735,0.7575757575757576,1998000.0,60.0,420.0,420.0,,,,
S3_高互补,33,random,L3c_SplitNN_形态A双向,splitnn,7289.0,2187.0,0.8793807952223793,0.6213621362136214,8.51209341117598,0.42424242424242425,5.928065054211844,0.5909090909090909,3.942999791970044,0.7878787878787878,466944.0,228.0,,,1.0,,,
S3_高互补,33,random,L3c_SplitNN_形态B自监督,splitnn,7289.0,2187.0,0.7733987684482734,0.40017573185890015,5.472060050041702,0.2727272727272727,3.9520433694745623,0.3939393939393939,2.805596005824839,0.5606060606060606,233472.0,228.0,,,0.0,,,
S3_高互补,33,random,L3c_SplitNN_形态B随机,splitnn,7289.0,2187.0,0.7650979383652651,0.4297715485834298,4.560050041701418,0.22727272727272727,3.192035029190993,0.3181818181818182,2.957249843977533,0.5909090909090909,233472.0,228.0,,,0.0,,,
S3_高互补,33,random,L0_内地单方_UPLIFT,t_learner,7289.0,2187.0,,,,,,,,,,,,,,0.00471610236247106,-0.010101010101010097,
S3_高互补,33,random,L1_加k匿名统计_UPLIFT,t_learner,7289.0,2187.0,,,,,,,,,,,,,,0.003583587423834161,0.017508417508417508,
S3_高互补,33,random,L2_加粗粒度标记_UPLIFT,t_learner,7289.0,2187.0,,,,,,,,,,,,,,0.003324736619262025,0.0347457627118644,
S3_高互补,33,random,L4_集中式_UPLIFT,t_learner,7289.0,2187.0,,,,,,,,,,,,,,0.006494402665833138,0.05525937209105525,
S3_高互补,33,random,OVERLAP_L1_vs_L3a_联邦LR,top_k_overlap,,,,,,,,,,,,,,,,,,0.3440366972477064
S3_高互补,33,random,OVERLAP_L1_vs_L3b_纵向GBDT,top_k_overlap,,,,,,,,,,,,,,,,,,0.2798165137614679
S3_高互补,33,random,OVERLAP_L1_vs_L3c_SplitNN_形态A双向,top_k_overlap,,,,,,,,,,,,,,,,,,0.3256880733944954
S3_高互补,33,oot,L0_内地单方_LR,logistic,7289.0,2187.0,0.6478093434343435,0.21583333333333332,2.675229357798165,0.13333333333333333,2.541467889908257,0.25333333333333335,1.7349199084668192,0.3466666666666667,0.0,,,,,,,
S3_高互补,33,oot,L1_加k匿名统计_LR,logistic,7289.0,2187.0,0.6525252525252526,0.22590909090909095,2.675229357798165,0.13333333333333333,2.541467889908257,0.25333333333333335,1.8016475972540045,0.36,384.0,,,,,,,
S3_高互补,33,oot,L2_加粗粒度标记_LR,logistic,7289.0,2187.0,0.6800631313131313,0.29446969696969694,2.675229357798165,0.13333333333333333,2.2739449541284404,0.22666666666666666,1.935102974828375,0.38666666666666666,0.0,,,,,,,
S3_高互补,33,oot,L4_集中式_LR,logistic,7289.0,2187.0,0.8844444444444445,0.5987878787878788,8.828256880733946,0.44,6.15302752293578,0.6133333333333333,3.6700228832951947,0.7333333333333333,0.0,,,,,,,
S3_高互补,33,oot,L0_内地单方_GBDT,gbdt,7289.0,2187.0,0.6306313131313132,0.19914772727272728,3.2102752293577983,0.16,2.140183486238532,0.21333333333333335,1.8016475972540045,0.36,0.0,60.0,0.0,0.0,,,,
S3_高互补,33,oot,L4_集中式_GBDT,gbdt,7289.0,2187.0,0.8389551767676767,0.5342424242424243,7.223119266055046,0.36,5.216697247706422,0.52,3.4698398169336384,0.6933333333333334,1993648.0,60.0,412.0,412.0,,,,
S3_高互补,33,oot,L3a_联邦LR,federated_logistic,7289.0,2187.0,0.8847032828282828,0.5935795454545454,9.095779816513762,0.4533333333333333,6.15302752293578,0.6133333333333333,3.6700228832951947,0.7333333333333333,4081600.0,400.0,,,,,,
S3_高互补,33,oot,L3b_纵向GBDT,vertical_gbdt,7289.0,2187.0,0.8389551767676767,0.5342424242424243,7.223119266055046,0.36,5.216697247706422,0.52,3.4698398169336384,0.6933333333333334,1993648.0,60.0,412.0,412.0,,,,
S3_高互补,33,oot,L3c_SplitNN_形态A双向,splitnn,7289.0,2187.0,0.8765151515151516,0.5799621212121211,8.560733944954128,0.4266666666666667,5.751743119266055,0.5733333333333334,3.6700228832951947,0.7333333333333333,466944.0,228.0,,,1.0,,,
S3_高互补,33,oot,L3c_SplitNN_形态B自监督,splitnn,7289.0,2187.0,0.808655303030303,0.4510227272727273,6.15302752293578,0.30666666666666664,4.547889908256881,0.4533333333333333,3.1362013729977116,0.6266666666666667,233472.0,228.0,,,0.0,,,
S3_高互补,33,oot,L3c_SplitNN_形态B随机,splitnn,7289.0,2187.0,0.76625,0.40339015151515156,4.280366972477064,0.21333333333333335,3.2102752293577983,0.32,2.669107551487414,0.5333333333333333,233472.0,228.0,,,0.0,,,
S3_高互补,33,oot,L0_内地单方_UPLIFT,t_learner,7289.0,2187.0,,,,,,,,,,,,,,0.003249395303057733,0.011312790206838327,
S3_高互补,33,oot,L1_加k匿名统计_UPLIFT,t_learner,7289.0,2187.0,,,,,,,,,,,,,,0.0036589173137002986,0.0036302237230899093,
S3_高互补,33,oot,L2_加粗粒度标记_UPLIFT,t_learner,7289.0,2187.0,,,,,,,,,,,,,,0.003319042958277538,0.008080808080808077,
S3_高互补,33,oot,L4_集中式_UPLIFT,t_learner,7289.0,2187.0,,,,,,,,,,,,,,0.005128316828513408,0.08611228366399323,
S3_高互补,33,oot,OVERLAP_L1_vs_L3a_联邦LR,top_k_overlap,,,,,,,,,,,,,,,,,,0.2981651376146789
S3_高互补,33,oot,OVERLAP_L1_vs_L3b_纵向GBDT,top_k_overlap,,,,,,,,,,,,,,,,,,0.23394495412844038
S3_高互补,33,oot,OVERLAP_L1_vs_L3c_SplitNN_形态A双向,top_k_overlap,,,,,,,,,,,,,,,,,,0.28440366972477066
S3_高互补,44,random,L0_内地单方_LR,logistic,7289.0,2187.0,0.6785902711828637,0.2872744539411206,3.4678899082568813,0.1728395061728395,2.724770642201835,0.2716049382716049,2.162471395881007,0.43209876543209874,0.0,,,,,,,
S3_高互补,44,random,L1_加k匿名统计_LR,logistic,7289.0,2187.0,0.6762219642878078,0.27682811016144354,3.4678899082568813,0.1728395061728395,3.096330275229358,0.30864197530864196,1.977116704805492,0.3950617283950617,384.0,,,,,,,
S3_高互补,44,random,L2_加粗粒度标记_LR,logistic,7289.0,2187.0,0.6762747235998265,0.2787274453941121,3.963302752293578,0.19753086419753085,2.8486238532110093,0.2839506172839506,2.1006864988558354,0.41975308641975306,0.0,,,,,,,
S3_高互补,44,random,L4_集中式_LR,logistic,7289.0,2187.0,0.9256328186369338,0.7041785375118709,10.651376146788992,0.5308641975308642,7.183486238532111,0.7160493827160493,4.386727688787186,0.8765432098765432,0.0,,,,,,,
S3_高互补,44,random,L0_内地单方_GBDT,gbdt,7289.0,2187.0,0.6350902184235517,0.2203228869895536,4.458715596330276,0.2222222222222222,2.600917431192661,0.25925925925925924,1.5446224256292909,0.30864197530864196,0.0,60.0,0.0,0.0,,,,
S3_高互补,44,random,L4_集中式_GBDT,gbdt,7289.0,2187.0,0.9058187659010705,0.6657169990503324,8.669724770642203,0.43209876543209874,6.688073394495413,0.6666666666666666,4.077803203661328,0.8148148148148148,1986180.0,60.0,410.0,410.0,,,,
S3_高互补,44,random,L3a_联邦LR,federated_logistic,7289.0,2187.0,0.9261604117571196,0.7032288698955366,10.651376146788992,0.5308641975308642,7.059633027522936,0.7037037037037037,4.324942791762014,0.8641975308641975,4081600.0,400.0,,,,,,
S3_高互补,44,random,L3b_纵向GBDT,vertical_gbdt,7289.0,2187.0,0.9058187659010705,0.6657169990503324,8.669724770642203,0.43209876543209874,6.688073394495413,0.6666666666666666,4.077803203661328,0.8148148148148148,1986180.0,60.0,410.0,410.0,,,,
S3_高互补,44,random,L3c_SplitNN_形态A双向,splitnn,7289.0,2187.0,0.9041773650827148,0.6614434947768282,8.917431192660551,0.4444444444444444,6.316513761467891,0.6296296296296297,4.077803203661328,0.8148148148148148,466944.0,228.0,,,1.0,,,
S3_高互补,44,random,L3c_SplitNN_形态B自监督,splitnn,7289.0,2187.0,0.7921517592299486,0.5047483380816714,5.697247706422019,0.2839506172839506,3.839449541284404,0.38271604938271603,2.9656750572082378,0.5925925925925926,233472.0,228.0,,,0.0,,,
S3_高互补,44,random,L3c_SplitNN_形态B随机,splitnn,7289.0,2187.0,0.7745711840362046,0.4686609686609686,3.4678899082568813,0.1728395061728395,2.972477064220184,0.2962962962962963,2.471395881006865,0.49382716049382713,233472.0,228.0,,,0.0,,,
S3_高互补,44,random,L0_内地单方_UPLIFT,t_learner,7289.0,2187.0,,,,,,,,,,,,,,0.004892296612604308,0.023638666103841285,
S3_高互补,44,random,L1_加k匿名统计_UPLIFT,t_learner,7289.0,2187.0,,,,,,,,,,,,,,0.0049944520630654755,0.021731805929919135,
S3_高互补,44,random,L2_加粗粒度标记_UPLIFT,t_learner,7289.0,2187.0,,,,,,,,,,,,,,0.005230909620072816,0.03140523701271365,
S3_高互补,44,random,L4_集中式_UPLIFT,t_learner,7289.0,2187.0,,,,,,,,,,,,,,0.005997294899839216,0.17058575642646437,
S3_高互补,44,random,OVERLAP_L1_vs_L3a_联邦LR,top_k_overlap,,,,,,,,,,,,,,,,,,0.2798165137614679
S3_高互补,44,random,OVERLAP_L1_vs_L3b_纵向GBDT,top_k_overlap,,,,,,,,,,,,,,,,,,0.25229357798165136
S3_高互补,44,random,OVERLAP_L1_vs_L3c_SplitNN_形态A双向,top_k_overlap,,,,,,,,,,,,,,,,,,0.24770642201834864
S3_高互补,44,oot,L0_内地单方_LR,logistic,7289.0,2187.0,0.7020158476002791,0.33027466436753294,3.489429597128042,0.17391304347826086,2.6170721978460314,0.2608695652173913,2.175902895234305,0.43478260869565216,0.0,,,,,,,
S3_高互补,44,oot,L1_加k匿名统计_LR,logistic,7289.0,2187.0,0.706039331608983,0.3588085560619124,3.489429597128042,0.17391304347826086,2.035500598324691,0.2028985507246377,2.103372798726495,0.42028985507246375,384.0,,,,,,,
S3_高互补,44,oot,L2_加粗粒度标记_LR,logistic,7289.0,2187.0,0.7011742004351932,0.3394711992445703,3.489429597128042,0.17391304347826086,2.6170721978460314,0.2608695652173913,2.030842702218685,0.4057971014492754,0.0,,,,,,,
S3_高互补,44,oot,L4_集中式_LR,logistic,7289.0,2187.0,0.9150483776053429,0.6876462618549083,10.177502991623456,0.5072463768115942,6.106501794974074,0.6086956521739131,4.279275693960801,0.855072463768116,0.0,,,,,,,
S3_高互补,44,oot,L0_内地单方_GBDT,gbdt,7289.0,2187.0,0.6303047720709994,0.24496038099930206,3.198643797367372,0.15942028985507245,2.1808934982050263,0.21739130434782608,1.668192219679634,0.3333333333333333,0.0,60.0,0.0,0.0,,,,
S3_高互补,44,oot,L4_集中式_GBDT,gbdt,7289.0,2187.0,0.8968674303075092,0.6500184751816727,8.432788193059435,0.42028985507246375,5.815715995213403,0.5797101449275363,4.06168540443737,0.8115942028985508,1989824.0,60.0,412.0,412.0,,,,
S3_高互补,44,oot,L3a_联邦LR,federated_logistic,7289.0,2187.0,0.9156505316746726,0.6903764831465287,10.177502991623456,0.5072463768115942,6.251894694854409,0.6231884057971014,4.279275693960801,0.855072463768116,4081600.0,400.0,,,,,,
S3_高互补,44,oot,L3b_纵向GBDT,vertical_gbdt,7289.0,2187.0,0.8968674303075092,0.6500184751816727,8.432788193059435,0.42028985507246375,5.815715995213403,0.5797101449275363,4.06168540443737,0.8115942028985508,1989824.0,60.0,412.0,412.0,,,,
S3_高互补,44,oot,L3c_SplitNN_形态A双向,splitnn,7289.0,2187.0,0.9076240916369012,0.6670156423204828,9.886717191862786,0.4927536231884058,6.106501794974074,0.6086956521739131,4.06168540443737,0.8115942028985508,466944.0,228.0,,,1.0,,,
S3_高互补,44,oot,L3c_SplitNN_形态B自监督,splitnn,7289.0,2187.0,0.8153439805121047,0.543704068645564,5.234144395692063,0.2608695652173913,3.925608296769047,0.391304347826087,3.1913242463436475,0.6376811594202898,233472.0,228.0,,,0.0,,,
S3_高互补,44,oot,L3c_SplitNN_形态B随机,splitnn,7289.0,2187.0,0.7707024674631523,0.4631522765529417,4.361786996410053,0.21739130434782608,2.9078579976067016,0.2898550724637681,2.3209630882499255,0.463768115942029,233472.0,228.0,,,0.0,,,
S3_高互补,44,oot,L0_内地单方_UPLIFT,t_learner,7289.0,2187.0,,,,,,,,,,,,,,0.005517469781239776,0.01697648756472285,
S3_高互补,44,oot,L1_加k匿名统计_UPLIFT,t_learner,7289.0,2187.0,,,,,,,,,,,,,,0.00549192825439809,0.032616120218579236,
S3_高互补,44,oot,L2_加粗粒度标记_UPLIFT,t_learner,7289.0,2187.0,,,,,,,,,,,,,,0.005826823747738346,0.013539815520013543,
S3_高互补,44,oot,L4_集中式_UPLIFT,t_learner,7289.0,2187.0,,,,,,,,,,,,,,0.006825502415967996,0.1393173198482933,
S3_高互补,44,oot,OVERLAP_L1_vs_L3a_联邦LR,top_k_overlap,,,,,,,,,,,,,,,,,,0.22018348623853212
S3_高互补,44,oot,OVERLAP_L1_vs_L3b_纵向GBDT,top_k_overlap,,,,,,,,,,,,,,,,,,0.21559633027522937
S3_高互补,44,oot,OVERLAP_L1_vs_L3c_SplitNN_形态A双向,top_k_overlap,,,,,,,,,,,,,,,,,,0.17889908256880735
S3_高互补,55,random,L0_内地单方_LR,logistic,7121.0,2137.0,0.7325283405692233,0.3857106246985046,2.8350530660377355,0.140625,2.9785064553990606,0.296875,2.502341920374707,0.5,0.0,,,,,,,
S3_高互补,55,random,L1_加k匿名统计_LR,logistic,7121.0,2137.0,0.7500678364688856,0.41870176073323684,3.780070754716981,0.1875,2.9785064553990606,0.296875,2.580540105386417,0.515625,384.0,,,,,,,
S3_高互补,55,random,L2_加粗粒度标记_LR,logistic,7121.0,2137.0,0.778596840328027,0.47021225277375783,3.465064858490566,0.171875,3.919087441314554,0.390625,2.6587382903981265,0.53125,0.0,,,,,,,
S3_高互补,55,random,L4_集中式_LR,logistic,7121.0,2137.0,0.9048932706222865,0.6680535455861071,9.765182783018867,0.484375,6.427303403755868,0.640625,3.9881074355971893,0.796875,0.0,,,,,,,
S3_高互补,55,random,L0_内地单方_GBDT,gbdt,7121.0,2137.0,0.7011652797877472,0.32302219006271105,4.095076650943396,0.203125,2.9785064553990606,0.296875,2.189549180327869,0.4375,0.0,60.0,0.0,0.0,,,,
S3_高互补,55,random,L4_集中式_GBDT,gbdt,7121.0,2137.0,0.8687665822479499,0.5722458393632417,9.765182783018867,0.484375,5.957012910798121,0.59375,3.5189183255269323,0.703125,1955520.0,60.0,420.0,420.0,,,,
S3_高互补,55,random,L3a_联邦LR,federated_logistic,7121.0,2137.0,0.9047274481427882,0.6661239749155813,9.765182783018867,0.484375,6.427303403755868,0.640625,3.9881074355971893,0.796875,3987200.0,400.0,,,,,,
S3_高互补,55,random,L3b_纵向GBDT,vertical_gbdt,7121.0,2137.0,0.8687665822479499,0.5722458393632417,9.765182783018867,0.484375,5.957012910798121,0.59375,3.5189183255269323,0.703125,1955520.0,60.0,420.0,420.0,,,,
S3_高互补,55,random,L3c_SplitNN_形态A双向,splitnn,7121.0,2137.0,0.898554329474192,0.6316856608779546,10.395194575471697,0.515625,6.58406690140845,0.65625,3.9099092505854802,0.78125,466944.0,228.0,,,1.0,,,
S3_高互补,55,random,L3c_SplitNN_形态B自监督,splitnn,7121.0,2137.0,0.8093569102749638,0.515828509406657,5.355100235849056,0.265625,3.6055604460093895,0.359375,3.0497292154566744,0.609375,233472.0,228.0,,,0.0,,,
S3_高互补,55,random,L3c_SplitNN_形态B随机,splitnn,7121.0,2137.0,0.8477071273516642,0.5724794983116257,5.985112028301886,0.296875,4.702904929577465,0.46875,3.753512880562061,0.75,233472.0,228.0,,,0.0,,,
S3_高互补,55,random,L0_内地单方_UPLIFT,t_learner,7121.0,2137.0,,,,,,,,,,,,,,0.006243153679864967,0.056311881188118806,
S3_高互补,55,random,L1_加k匿名统计_UPLIFT,t_learner,7121.0,2137.0,,,,,,,,,,,,,,0.004727850871606585,0.020114428750223498,
S3_高互补,55,random,L2_加粗粒度标记_UPLIFT,t_learner,7121.0,2137.0,,,,,,,,,,,,,,0.005884333283958567,0.08552283547875154,
S3_高互补,55,random,L4_集中式_UPLIFT,t_learner,7121.0,2137.0,,,,,,,,,,,,,,0.008741602529025873,0.12360446570972886,
S3_高互补,55,random,OVERLAP_L1_vs_L3a_联邦LR,top_k_overlap,,,,,,,,,,,,,,,,,,0.3051643192488263
S3_高互补,55,random,OVERLAP_L1_vs_L3b_纵向GBDT,top_k_overlap,,,,,,,,,,,,,,,,,,0.2535211267605634
S3_高互补,55,random,OVERLAP_L1_vs_L3c_SplitNN_形态A双向,top_k_overlap,,,,,,,,,,,,,,,,,,0.28169014084507044
S3_高互补,55,oot,L0_内地单方_LR,logistic,7121.0,2137.0,0.704034917555771,0.3514451988360815,3.7632704402515724,0.18666666666666668,2.541658841940532,0.25333333333333335,2.2687900078064014,0.4533333333333333,0.0,,,,,,,
S3_高互补,55,oot,L1_加k匿名统计_LR,logistic,7121.0,2137.0,0.7061881668283221,0.33105075978014875,3.4944654088050315,0.17333333333333334,3.0767449139280125,0.30666666666666664,2.33551912568306,0.4666666666666667,384.0,,,,,,,
S3_高互补,55,oot,L2_加粗粒度标记_LR,logistic,7121.0,2137.0,0.7387908179760749,0.39070805043646945,3.7632704402515724,0.18666666666666668,3.2105164319248827,0.32,2.6691647150663544,0.5333333333333333,0.0,,,,,,,
S3_高互补,55,oot,L4_集中式_LR,logistic,7121.0,2137.0,0.8831425800193986,0.5982605884254768,8.601761006289308,0.4266666666666667,5.752175273865415,0.5733333333333334,3.870288836846214,0.7733333333333333,0.0,,,,,,,
S3_高互补,55,oot,L0_内地单方_GBDT,gbdt,7121.0,2137.0,0.676721629485936,0.3334949886841254,2.419245283018868,0.12,2.541658841940532,0.25333333333333335,2.0686026541764244,0.41333333333333333,0.0,60.0,0.0,0.0,,,,
S3_高互补,55,oot,L4_集中式_GBDT,gbdt,7121.0,2137.0,0.8390494665373424,0.537601034594245,7.526540880503145,0.37333333333333335,5.350860719874804,0.5333333333333333,3.4699141295862606,0.6933333333333334,1955520.0,60.0,420.0,420.0,,,,
S3_高互补,55,oot,L3a_联邦LR,federated_logistic,7121.0,2137.0,0.882909796314258,0.5960814742967993,8.601761006289308,0.4266666666666667,5.752175273865415,0.5733333333333334,3.870288836846214,0.7733333333333333,3987200.0,400.0,,,,,,
S3_高互补,55,oot,L3b_纵向GBDT,vertical_gbdt,7121.0,2137.0,0.8390494665373424,0.537601034594245,7.526540880503145,0.37333333333333335,5.350860719874804,0.5333333333333333,3.4699141295862606,0.6933333333333334,1955520.0,60.0,420.0,420.0,,,,
S3_高互补,55,oot,L3c_SplitNN_形态A双向,splitnn,7121.0,2137.0,0.8636922082120918,0.5764306498545102,7.526540880503145,0.37333333333333335,5.752175273865415,0.5733333333333334,3.5366432474629197,0.7066666666666667,466944.0,228.0,,,1.0,,,
S3_高互补,55,oot,L3c_SplitNN_形态B自监督,splitnn,7121.0,2137.0,0.7728548334949887,0.45663756870352407,4.838490566037736,0.24,3.7456025039123633,0.37333333333333335,2.5357064793130366,0.5066666666666667,233472.0,228.0,,,0.0,,,
S3_高互补,55,oot,L3c_SplitNN_形态B随机,splitnn,7121.0,2137.0,0.8269835111542192,0.5449272550921436,4.569685534591195,0.22666666666666666,3.611830985915493,0.36,3.6033723653395784,0.72,233472.0,228.0,,,0.0,,,
S3_高互补,55,oot,L0_内地单方_UPLIFT,t_learner,7121.0,2137.0,,,,,,,,,,,,,,0.0088154923395776,0.01987281399046105,
S3_高互补,55,oot,L1_加k匿名统计_UPLIFT,t_learner,7121.0,2137.0,,,,,,,,,,,,,,0.007750909253546385,0.02364149611856034,
S3_高互补,55,oot,L2_加粗粒度标记_UPLIFT,t_learner,7121.0,2137.0,,,,,,,,,,,,,,0.008905537776064407,0.038617527772879565,
S3_高互补,55,oot,L4_集中式_UPLIFT,t_learner,7121.0,2137.0,,,,,,,,,,,,,,0.012107030214756098,0.1392907551164432,
S3_高互补,55,oot,OVERLAP_L1_vs_L3a_联邦LR,top_k_overlap,,,,,,,,,,,,,,,,,,0.27699530516431925
S3_高互补,55,oot,OVERLAP_L1_vs_L3b_纵向GBDT,top_k_overlap,,,,,,,,,,,,,,,,,,0.22535211267605634
S3_高互补,55,oot,OVERLAP_L1_vs_L3c_SplitNN_形态A双向,top_k_overlap,,,,,,,,,,,,,,,,,,0.26291079812206575
S4_高冗余,11,random,L0_内地单方_LR,logistic,7236.0,2171.0,0.6709440806368773,0.25242360041088857,2.7256748273697426,0.13559322033898305,2.5435444817620874,0.2542372881355932,2.03483558540967,0.4067796610169492,0.0,,,,,,,
S4_高冗余,11,random,L1_加k匿名统计_LR,logistic,7236.0,2171.0,0.661297829994864,0.2644292501284027,2.7256748273697426,0.13559322033898305,2.7131141138795596,0.2711864406779661,1.9500507693509332,0.3898305084745763,384.0,,,,,,,
S4_高冗余,11,random,L2_加粗粒度标记_LR,logistic,7236.0,2171.0,0.669579802259887,0.2499117231638418,3.06638418079096,0.15254237288135594,2.5435444817620874,0.2542372881355932,2.03483558540967,0.4067796610169492,0.0,,,,,,,
S4_高冗余,11,random,L4_集中式_LR,logistic,7236.0,2171.0,0.718886427837699,0.3226759116589625,3.407093534212178,0.1694915254237288,2.7131141138795596,0.2711864406779661,2.3739748496446142,0.4745762711864407,0.0,,,,,,,
S4_高冗余,11,random,L0_内地单方_GBDT,gbdt,7236.0,2171.0,0.632599833076528,0.2647021058038007,1.0221280602636533,0.05084745762711865,1.6956963211747247,0.1694915254237288,1.3565570569397798,0.2711864406779661,0.0,60.0,0.0,0.0,,,,
S4_高冗余,11,random,L4_集中式_GBDT,gbdt,7236.0,2171.0,0.6400552131484335,0.24177420390344118,2.7256748273697426,0.13559322033898305,2.03483558540967,0.2033898305084746,1.7804811372334608,0.3559322033898305,1964064.0,60.0,396.0,396.0,,,,
S4_高冗余,11,random,L3a_联邦LR,federated_logistic,7236.0,2171.0,0.7190469311761685,0.3302436440677966,3.407093534212178,0.1694915254237288,2.7131141138795596,0.2711864406779661,2.3739748496446142,0.4745762711864407,4052000.0,400.0,,,,,,
S4_高冗余,11,random,L3b_纵向GBDT,vertical_gbdt,7236.0,2171.0,0.6400552131484335,0.24177420390344118,2.7256748273697426,0.13559322033898305,2.03483558540967,0.2033898305084746,1.7804811372334608,0.3559322033898305,1964064.0,60.0,396.0,396.0,,,,
S4_高冗余,11,random,L3c_SplitNN_形态A双向,splitnn,7236.0,2171.0,0.6289965331278891,0.23413424499229585,1.703546767106089,0.0847457627118644,1.6956963211747247,0.1694915254237288,1.9500507693509332,0.3898305084745763,466944.0,228.0,,,1.0,,,
S4_高冗余,11,random,L3c_SplitNN_形态B自监督,splitnn,7236.0,2171.0,0.6680309450436568,0.32190549563430915,2.0442561205273067,0.1016949152542373,2.03483558540967,0.2033898305084746,1.9500507693509332,0.3898305084745763,233472.0,228.0,,,0.0,,,
S4_高冗余,11,random,L3c_SplitNN_形态B随机,splitnn,7236.0,2171.0,0.6585050719054956,0.3604503723677452,1.703546767106089,0.0847457627118644,2.204405217527142,0.22033898305084745,1.9500507693509332,0.3898305084745763,233472.0,228.0,,,0.0,,,
S4_高冗余,11,random,L0_内地单方_UPLIFT,t_learner,7236.0,2171.0,,,,,,,,,,,,,,0.0058862061938357675,0.04345238095238095,
S4_高冗余,11,random,L1_加k匿名统计_UPLIFT,t_learner,7236.0,2171.0,,,,,,,,,,,,,,0.004581369232306068,0.03573859768550035,
S4_高冗余,11,random,L2_加粗粒度标记_UPLIFT,t_learner,7236.0,2171.0,,,,,,,,,,,,,,0.005527006086208265,0.05632008154943935,
S4_高冗余,11,random,L4_集中式_UPLIFT,t_learner,7236.0,2171.0,,,,,,,,,,,,,,0.008189397460067508,0.1017857142857143,
S4_高冗余,11,random,OVERLAP_L1_vs_L3a_联邦LR,top_k_overlap,,,,,,,,,,,,,,,,,,0.5161290322580645
S4_高冗余,11,random,OVERLAP_L1_vs_L3b_纵向GBDT,top_k_overlap,,,,,,,,,,,,,,,,,,0.4055299539170507
S4_高冗余,11,random,OVERLAP_L1_vs_L3c_SplitNN_形态A双向,top_k_overlap,,,,,,,,,,,,,,,,,,0.391705069124424
S4_高冗余,11,oot,L0_内地单方_LR,logistic,7236.0,2171.0,0.693534925526451,0.29990851309707245,2.0442561205273067,0.1016949152542373,2.3739748496446142,0.23728813559322035,2.03483558540967,0.4067796610169492,0.0,,,,,,,
S4_高冗余,11,oot,L1_加k匿名统计_LR,logistic,7236.0,2171.0,0.6928287108371854,0.3156298151001541,2.0442561205273067,0.1016949152542373,2.204405217527142,0.22033898305084745,2.03483558540967,0.4067796610169492,384.0,,,,,,,
S4_高冗余,11,oot,L2_加粗粒度标记_LR,logistic,7236.0,2171.0,0.6939201335387776,0.30106413713405233,2.0442561205273067,0.1016949152542373,2.3739748496446142,0.23728813559322035,2.03483558540967,0.4067796610169492,0.0,,,,,,,
S4_高冗余,11,oot,L4_集中式_LR,logistic,7236.0,2171.0,0.7408593348741653,0.3856253210066769,4.769930947897049,0.23728813559322035,3.3913926423494494,0.3389830508474576,2.7131141138795596,0.5423728813559322,0.0,,,,,,,
S4_高冗余,11,oot,L0_内地单方_GBDT,gbdt,7236.0,2171.0,0.6656554956343093,0.2947082049306625,1.3628374136848713,0.06779661016949153,1.5261266890572522,0.15254237288135594,1.6956963211747247,0.3389830508474576,0.0,60.0,0.0,0.0,,,,
S4_高冗余,11,oot,L4_集中式_GBDT,gbdt,7236.0,2171.0,0.7385480868002054,0.4129991653826399,2.0442561205273067,0.1016949152542373,2.3739748496446142,0.23728813559322035,2.7131141138795596,0.5423728813559322,1984680.0,60.0,420.0,420.0,,,,
S4_高冗余,11,oot,L3a_联邦LR,federated_logistic,7236.0,2171.0,0.7405222778633795,0.3786193502824859,4.429221594475831,0.22033898305084745,3.5609622744669216,0.3559322033898305,2.7131141138795596,0.5423728813559322,4052000.0,400.0,,,,,,
S4_高冗余,11,oot,L3b_纵向GBDT,vertical_gbdt,7236.0,2171.0,0.7385480868002054,0.4129991653826399,2.0442561205273067,0.1016949152542373,2.3739748496446142,0.23728813559322035,2.7131141138795596,0.5423728813559322,1984680.0,60.0,420.0,420.0,,,,
S4_高冗余,11,oot,L3c_SplitNN_形态A双向,splitnn,7236.0,2171.0,0.7122094889573702,0.33932813302516696,4.088512241054613,0.2033898305084746,3.0522533781145045,0.3050847457627119,2.5435444817620874,0.5084745762711864,466944.0,228.0,,,1.0,,,
S4_高冗余,11,oot,L3c_SplitNN_形态B自监督,splitnn,7236.0,2171.0,0.5926345017976373,0.19531651258346172,1.0221280602636533,0.05084745762711865,1.1869874248223071,0.11864406779661017,1.6956963211747247,0.3389830508474576,233472.0,228.0,,,0.0,,,
S4_高冗余,11,oot,L3c_SplitNN_形态B随机,splitnn,7236.0,2171.0,0.6449826656394453,0.28649043400102725,2.3849654739485247,0.11864406779661017,1.8652659532921971,0.1864406779661017,1.9500507693509332,0.3898305084745763,233472.0,228.0,,,0.0,,,
S4_高冗余,11,oot,L0_内地单方_UPLIFT,t_learner,7236.0,2171.0,,,,,,,,,,,,,,0.006790576805227564,0.0714529041049225,
S4_高冗余,11,oot,L1_加k匿名统计_UPLIFT,t_learner,7236.0,2171.0,,,,,,,,,,,,,,0.006604918112124591,0.04261704681872748,
S4_高冗余,11,oot,L2_加粗粒度标记_UPLIFT,t_learner,7236.0,2171.0,,,,,,,,,,,,,,0.007759611106236695,0.07698209718670075,
S4_高冗余,11,oot,L4_集中式_UPLIFT,t_learner,7236.0,2171.0,,,,,,,,,,,,,,0.009482620782621083,0.14201837985023824,
S4_高冗余,11,oot,OVERLAP_L1_vs_L3a_联邦LR,top_k_overlap,,,,,,,,,,,,,,,,,,0.4976958525345622
S4_高冗余,11,oot,OVERLAP_L1_vs_L3b_纵向GBDT,top_k_overlap,,,,,,,,,,,,,,,,,,0.391705069124424
S4_高冗余,11,oot,OVERLAP_L1_vs_L3c_SplitNN_形态A双向,top_k_overlap,,,,,,,,,,,,,,,,,,0.43317972350230416
S4_高冗余,22,random,L0_内地单方_LR,logistic,7169.0,2151.0,0.7652913108602666,0.4533501134977378,6.809014169430207,0.3387096774193548,4.356864216054014,0.43548387096774194,3.14662415603901,0.6290322580645161,0.0,,,,,,,
S4_高冗余,22,random,L1_加k匿名统计_LR,logistic,7169.0,2151.0,0.7665112185178894,0.4643987708272209,7.133252939403075,0.3548387096774194,4.518229557389347,0.45161290322580644,3.2273068267066765,0.6451612903225806,342.0,,,,,,,
S4_高冗余,22,random,L2_加粗粒度标记_LR,logistic,7169.0,2151.0,0.7650210781512995,0.4514353217313424,6.809014169430207,0.3387096774193548,4.356864216054014,0.43548387096774194,3.14662415603901,0.6290322580645161,0.0,,,,,,,
S4_高冗余,22,random,L4_集中式_LR,logistic,7169.0,2151.0,0.8383467934958847,0.5217344307354962,7.457491709375942,0.3709677419354839,5.647786946736685,0.5645161290322581,3.38867216804201,0.6774193548387096,0.0,,,,,,,
S4_高冗余,22,random,L0_内地单方_GBDT,gbdt,7169.0,2151.0,0.7700126623326489,0.43803177936657456,6.160536629484473,0.3064516129032258,4.356864216054014,0.43548387096774194,3.0659414853713427,0.6129032258064516,0.0,60.0,0.0,0.0,,,,
S4_高冗余,22,random,L4_集中式_GBDT,gbdt,7169.0,2151.0,0.8022205407742553,0.48398678176006427,7.133252939403075,0.3548387096774194,5.002325581395349,0.5,3.2273068267066765,0.6451612903225806,1957500.0,60.0,408.0,408.0,,,,
S4_高冗余,22,random,L3a_联邦LR,federated_logistic,7169.0,2151.0,0.8380070723760404,0.5166154511342054,7.133252939403075,0.3548387096774194,5.647786946736685,0.5645161290322581,3.4693548387096773,0.6935483870967742,4014400.0,400.0,,,,,,
S4_高冗余,22,random,L3b_纵向GBDT,vertical_gbdt,7169.0,2151.0,0.8022205407742553,0.48398678176006427,7.133252939403075,0.3548387096774194,5.002325581395349,0.5,3.2273068267066765,0.6451612903225806,1957500.0,60.0,408.0,408.0,,,,
S4_高冗余,22,random,L3c_SplitNN_形态A双向,splitnn,7169.0,2151.0,0.8298074398925247,0.5485801201377414,7.457491709375942,0.3709677419354839,5.002325581395349,0.5,3.4693548387096773,0.6935483870967742,466944.0,228.0,,,1.0,,,
S4_高冗余,22,random,L3c_SplitNN_形态B自监督,splitnn,7169.0,2151.0,0.7880912305625473,0.4772155221668031,7.133252939403075,0.3548387096774194,4.518229557389347,0.45161290322580644,3.2273068267066765,0.6451612903225806,233472.0,228.0,,,0.0,,,
S4_高冗余,22,random,L3c_SplitNN_形态B随机,splitnn,7169.0,2151.0,0.7756836887536868,0.42683642428079493,7.457491709375942,0.3709677419354839,4.356864216054014,0.43548387096774194,2.985258814703676,0.5967741935483871,233472.0,228.0,,,0.0,,,
S4_高冗余,22,random,L0_内地单方_UPLIFT,t_learner,7169.0,2151.0,,,,,,,,,,,,,,0.009393863937283226,0.12210107303565247,
S4_高冗余,22,random,L1_加k匿名统计_UPLIFT,t_learner,7169.0,2151.0,,,,,,,,,,,,,,0.009051626052171892,0.11059190031152646,
S4_高冗余,22,random,L2_加粗粒度标记_UPLIFT,t_learner,7169.0,2151.0,,,,,,,,,,,,,,0.009450771842696288,0.12445906179678035,
S4_高冗余,22,random,L4_集中式_UPLIFT,t_learner,7169.0,2151.0,,,,,,,,,,,,,,0.009826015749622255,0.15047021943573669,
S4_高冗余,22,random,OVERLAP_L1_vs_L3a_联邦LR,top_k_overlap,,,,,,,,,,,,,,,,,,0.5534883720930233
S4_高冗余,22,random,OVERLAP_L1_vs_L3b_纵向GBDT,top_k_overlap,,,,,,,,,,,,,,,,,,0.413953488372093
S4_高冗余,22,random,OVERLAP_L1_vs_L3c_SplitNN_形态A双向,top_k_overlap,,,,,,,,,,,,,,,,,,0.46511627906976744
S4_高冗余,22,oot,L0_内地单方_LR,logistic,7169.0,2151.0,0.7865082648344335,0.4615806608270231,6.8273673073531995,0.33962264150943394,4.907942079859588,0.49056603773584906,2.9258885476086003,0.5849056603773585,0.0,,,,,,,
S4_高冗余,22,oot,L1_加k匿名统计_LR,logistic,7169.0,2151.0,0.7856359156069572,0.43881864129359494,7.585963674836889,0.37735849056603776,5.096709082931111,0.5094339622641509,2.9258885476086003,0.5849056603773585,342.0,,,,,,,
S4_高冗余,22,oot,L2_加粗粒度标记_LR,logistic,7169.0,2151.0,0.7783783297659945,0.4242405165746353,7.206665491095045,0.3584905660377358,4.719175076788065,0.4716981132075472,2.831505046072839,0.5660377358490566,0.0,,,,,,,
S4_高冗余,22,oot,L4_集中式_LR,logistic,7169.0,2151.0,0.8217349857006673,0.4731460330593378,6.8273673073531995,0.33962264150943394,4.907942079859588,0.49056603773584906,3.209039052215884,0.6415094339622641,0.0,,,,,,,
S4_高冗余,22,oot,L0_内地单方_GBDT,gbdt,7169.0,2151.0,0.7535118801374174,0.37966976635429966,5.689472756127667,0.2830188679245283,3.9641070645019743,0.39622641509433965,2.831505046072839,0.5660377358490566,0.0,60.0,0.0,0.0,,,,
S4_高冗余,22,oot,L4_集中式_GBDT,gbdt,7169.0,2151.0,0.7883024263899132,0.4690900588161232,6.448069123611355,0.32075471698113206,4.34164107064502,0.4339622641509434,3.0202720491443613,0.6037735849056604,1959210.0,60.0,410.0,410.0,,,,
S4_高冗余,22,oot,L3a_联邦LR,federated_logistic,7169.0,2151.0,0.8224544489810602,0.48029569940824146,6.8273673073531995,0.33962264150943394,4.907942079859588,0.49056603773584906,3.209039052215884,0.6415094339622641,4014400.0,400.0,,,,,,
S4_高冗余,22,oot,L3b_纵向GBDT,vertical_gbdt,7169.0,2151.0,0.7883024263899132,0.4690900588161232,6.448069123611355,0.32075471698113206,4.34164107064502,0.4339622641509434,3.0202720491443613,0.6037735849056604,1959210.0,60.0,410.0,410.0,,,,
S4_高冗余,22,oot,L3c_SplitNN_形态A双向,splitnn,7169.0,2151.0,0.759879130168894,0.4218213212943145,5.310174572385822,0.2641509433962264,3.9641070645019743,0.39622641509433965,2.831505046072839,0.5660377358490566,466944.0,228.0,,,1.0,,,
S4_高冗余,22,oot,L3c_SplitNN_形态B自监督,splitnn,7169.0,2151.0,0.7564346997140134,0.42571541629944065,4.551578204902134,0.22641509433962265,3.9641070645019743,0.39622641509433965,2.3595875383940323,0.4716981132075472,233472.0,228.0,,,0.0,,,
S4_高冗余,22,oot,L3c_SplitNN_形态B随机,splitnn,7169.0,2151.0,0.6857744122884328,0.3174361926003202,4.930876388643978,0.24528301886792453,3.209039052215884,0.32075471698113206,2.0764370337867484,0.41509433962264153,233472.0,228.0,,,0.0,,,
S4_高冗余,22,oot,L0_内地单方_UPLIFT,t_learner,7169.0,2151.0,,,,,,,,,,,,,,0.002939577872126887,0.031168831168831165,
S4_高冗余,22,oot,L1_加k匿名统计_UPLIFT,t_learner,7169.0,2151.0,,,,,,,,,,,,,,0.003390550120146894,0.02616431187859758,
S4_高冗余,22,oot,L2_加粗粒度标记_UPLIFT,t_learner,7169.0,2151.0,,,,,,,,,,,,,,0.003559144356413352,0.05930735930735931,
S4_高冗余,22,oot,L4_集中式_UPLIFT,t_learner,7169.0,2151.0,,,,,,,,,,,,,,0.005117261767628393,0.08854076510299463,
S4_高冗余,22,oot,OVERLAP_L1_vs_L3a_联邦LR,top_k_overlap,,,,,,,,,,,,,,,,,,0.5116279069767442
S4_高冗余,22,oot,OVERLAP_L1_vs_L3b_纵向GBDT,top_k_overlap,,,,,,,,,,,,,,,,,,0.4744186046511628
S4_高冗余,22,oot,OVERLAP_L1_vs_L3c_SplitNN_形态A双向,top_k_overlap,,,,,,,,,,,,,,,,,,0.42790697674418604
S4_高冗余,33,random,L0_内地单方_LR,logistic,7289.0,2187.0,0.8000709405795536,0.4710608701016301,4.933824635283502,0.2459016393442623,4.275981350579035,0.4262295081967213,2.87147841092396,0.5737704918032787,0.0,,,,,,,
S4_高冗余,33,random,L1_加k匿名统计_LR,logistic,7289.0,2187.0,0.7780793609179094,0.4572120352235399,4.275981350579035,0.21311475409836064,3.947059708226801,0.39344262295081966,2.543309449675507,0.5081967213114754,384.0,,,,,,,
S4_高冗余,33,random,L2_加粗粒度标记_LR,logistic,7289.0,2187.0,0.8036642351525993,0.47569514057030055,5.920589562340202,0.29508196721311475,4.111520529402918,0.4098360655737705,3.0355628915481865,0.6065573770491803,0.0,,,,,,,
S4_高冗余,33,random,L4_集中式_LR,logistic,7289.0,2187.0,0.8535771016146693,0.5481470629057879,7.236276131749135,0.36065573770491804,5.427207098811851,0.5409836065573771,3.609858573732978,0.7213114754098361,0.0,,,,,,,
S4_高冗余,33,random,L0_内地单方_GBDT,gbdt,7289.0,2187.0,0.7660348842589022,0.44492851965516705,4.933824635283502,0.2459016393442623,3.7825988870506846,0.3770491803278688,2.7894361706118467,0.5573770491803278,0.0,60.0,0.0,0.0,,,,
S4_高冗余,33,random,L4_集中式_GBDT,gbdt,7289.0,2187.0,0.8134571195040328,0.5188455191770893,6.907354489396902,0.3442622950819672,4.440442171755151,0.4426229508196721,3.1996473721724126,0.639344262295082,1998000.0,60.0,420.0,420.0,,,,
S4_高冗余,33,random,L3a_联邦LR,federated_logistic,7289.0,2187.0,0.8541554215566831,0.5509692642228151,7.236276131749135,0.36065573770491804,5.427207098811851,0.5409836065573771,3.609858573732978,0.7213114754098361,4081600.0,400.0,,,,,,
S4_高冗余,33,random,L3b_纵向GBDT,vertical_gbdt,7289.0,2187.0,0.8134571195040328,0.5188455191770893,6.907354489396902,0.3442622950819672,4.440442171755151,0.4426229508196721,3.1996473721724126,0.639344262295082,1998000.0,60.0,420.0,420.0,,,,
S4_高冗余,33,random,L3c_SplitNN_形态A双向,splitnn,7289.0,2187.0,0.7936554446894808,0.45656431688848453,5.262746277635735,0.26229508196721313,3.947059708226801,0.39344262295081966,3.0355628915481865,0.6065573770491803,466944.0,228.0,,,1.0,,,
S4_高冗余,33,random,L3c_SplitNN_形态B自监督,splitnn,7289.0,2187.0,0.7422081026479341,0.39487685640701387,3.6181380658745677,0.18032786885245902,3.7825988870506846,0.3770491803278688,2.6253516899876206,0.5245901639344263,233472.0,228.0,,,0.0,,,
S4_高冗余,33,random,L3c_SplitNN_形态B随机,splitnn,7289.0,2187.0,0.7798451644741915,0.4523155930478232,5.262746277635735,0.26229508196721313,4.111520529402918,0.4098360655737705,3.1176051318602993,0.6229508196721312,233472.0,228.0,,,0.0,,,
S4_高冗余,33,random,L0_内地单方_UPLIFT,t_learner,7289.0,2187.0,,,,,,,,,,,,,,0.01113787263844161,0.1821865766146053,
S4_高冗余,33,random,L1_加k匿名统计_UPLIFT,t_learner,7289.0,2187.0,,,,,,,,,,,,,,0.00881751359031146,0.12508417508417508,
S4_高冗余,33,random,L2_加粗粒度标记_UPLIFT,t_learner,7289.0,2187.0,,,,,,,,,,,,,,0.010246269866882035,0.10755593077247785,
S4_高冗余,33,random,L4_集中式_UPLIFT,t_learner,7289.0,2187.0,,,,,,,,,,,,,,0.009458161547153668,0.19662304769945121,
S4_高冗余,33,random,OVERLAP_L1_vs_L3a_联邦LR,top_k_overlap,,,,,,,,,,,,,,,,,,0.43119266055045874
S4_高冗余,33,random,OVERLAP_L1_vs_L3b_纵向GBDT,top_k_overlap,,,,,,,,,,,,,,,,,,0.3944954128440367
S4_高冗余,33,random,OVERLAP_L1_vs_L3c_SplitNN_形态A双向,top_k_overlap,,,,,,,,,,,,,,,,,,0.3669724770642202
S4_高冗余,33,oot,L0_内地单方_LR,logistic,7289.0,2187.0,0.7356390938974943,0.35553395326230164,4.880485990577734,0.24324324324324326,3.3892263823456488,0.33783783783783783,2.502288329519451,0.5,0.0,,,,,,,
S4_高冗余,33,oot,L1_加k匿名统计_LR,logistic,7289.0,2187.0,0.7253360790985023,0.33597037643417194,4.880485990577734,0.24324324324324326,3.2536573270518225,0.32432432432432434,2.2994000865854414,0.4594594594594595,384.0,,,,,,,
S4_高冗余,33,oot,L2_加粗粒度标记_LR,logistic,7289.0,2187.0,0.7383891226768653,0.37016026911909544,4.338209769402431,0.21621621621621623,3.3892263823456488,0.33783783783783783,2.5699177438307874,0.5135135135135135,0.0,,,,,,,
S4_高冗余,33,oot,L4_集中式_LR,logistic,7289.0,2187.0,0.7993630165897085,0.4970389225003518,5.965038432928342,0.2972972972972973,3.9315026035209524,0.3918918918918919,3.043323644010143,0.6081081081081081,0.0,,,,,,,
S4_高冗余,33,oot,L0_内地单方_GBDT,gbdt,7289.0,2187.0,0.6775751141581714,0.28980826543533594,3.2536573270518225,0.16216216216216217,2.440242995288867,0.24324324324324326,1.8936236007174223,0.3783783783783784,0.0,60.0,0.0,0.0,,,,
S4_高冗余,33,oot,L4_集中式_GBDT,gbdt,7289.0,2187.0,0.7577480462004835,0.4086990445248846,4.609347879990082,0.22972972972972974,3.5247954376394746,0.35135135135135137,2.7051765724534604,0.5405405405405406,1998000.0,60.0,420.0,420.0,,,,
S4_高冗余,33,oot,L3a_联邦LR,federated_logistic,7289.0,2187.0,0.8002136068865837,0.500300584541001,5.965038432928342,0.2972972972972973,3.9315026035209524,0.3918918918918919,3.043323644010143,0.6081081081081081,4081600.0,400.0,,,,,,
S4_高冗余,33,oot,L3b_纵向GBDT,vertical_gbdt,7289.0,2187.0,0.7577480462004835,0.4086990445248846,4.609347879990082,0.22972972972972974,3.5247954376394746,0.35135135135135137,2.7051765724534604,0.5405405405405406,1998000.0,60.0,420.0,420.0,,,,
S4_高冗余,33,oot,L3c_SplitNN_形态A双向,splitnn,7289.0,2187.0,0.777963955436743,0.4392051777286041,5.693900322340689,0.28378378378378377,4.202640714108604,0.4189189189189189,3.043323644010143,0.6081081081081081,466944.0,228.0,,,1.0,,,
S4_高冗余,33,oot,L3c_SplitNN_形态B自监督,splitnn,7289.0,2187.0,0.7450979138153772,0.4013954797201366,4.609347879990082,0.22972972972972974,3.2536573270518225,0.32432432432432434,2.772805986764797,0.5540540540540541,233472.0,228.0,,,0.0,,,
S4_高冗余,33,oot,L3c_SplitNN_形态B随机,splitnn,7289.0,2187.0,0.7477839884370883,0.40449725636663636,4.067071658814778,0.20270270270270271,3.7959335482271266,0.3783783783783784,2.772805986764797,0.5540540540540541,233472.0,228.0,,,0.0,,,
S4_高冗余,33,oot,L0_内地单方_UPLIFT,t_learner,7289.0,2187.0,,,,,,,,,,,,,,0.0033551952869701547,0.10027925869510028,
S4_高冗余,33,oot,L1_加k匿名统计_UPLIFT,t_learner,7289.0,2187.0,,,,,,,,,,,,,,0.003733667859525156,0.07592592592592592,
S4_高冗余,33,oot,L2_加粗粒度标记_UPLIFT,t_learner,7289.0,2187.0,,,,,,,,,,,,,,0.0034140043700856245,0.07101694915254236,
S4_高冗余,33,oot,L4_集中式_UPLIFT,t_learner,7289.0,2187.0,,,,,,,,,,,,,,0.0029473763078680126,0.05661335364305661,
S4_高冗余,33,oot,OVERLAP_L1_vs_L3a_联邦LR,top_k_overlap,,,,,,,,,,,,,,,,,,0.4724770642201835
S4_高冗余,33,oot,OVERLAP_L1_vs_L3b_纵向GBDT,top_k_overlap,,,,,,,,,,,,,,,,,,0.40825688073394495
S4_高冗余,33,oot,OVERLAP_L1_vs_L3c_SplitNN_形态A双向,top_k_overlap,,,,,,,,,,,,,,,,,,0.47706422018348627
S4_高冗余,44,random,L0_内地单方_LR,logistic,7289.0,2187.0,0.7533096276588942,0.40096698686381604,4.338209769402431,0.21621621621621623,3.9315026035209524,0.3918918918918919,2.7051765724534604,0.5405405405405406,0.0,,,,,,,
S4_高冗余,44,random,L1_加k匿名统计_LR,logistic,7289.0,2187.0,0.7548828999373249,0.4111165116844246,4.338209769402431,0.21621621621621623,3.2536573270518225,0.32432432432432434,2.637547158142124,0.527027027027027,384.0,,,,,,,
S4_高冗余,44,random,L2_加粗粒度标记_LR,logistic,7289.0,2187.0,0.7579718857522927,0.3947762244023484,4.338209769402431,0.21621621621621623,3.5247954376394746,0.35135135135135137,2.8404354010761335,0.5675675675675675,0.0,,,,,,,
S4_高冗余,44,random,L4_集中式_LR,logistic,7289.0,2187.0,0.8388355226973306,0.565290799554879,7.049590875278949,0.35135135135135137,5.01605504587156,0.5,3.6519883728121716,0.7297297297297297,0.0,,,,,,,
S4_高冗余,44,random,L0_内地单方_GBDT,gbdt,7289.0,2187.0,0.7418746242693237,0.3722004067484428,3.2536573270518225,0.16216216216216217,3.1180882717579967,0.3108108108108108,2.637547158142124,0.527027027027027,0.0,60.0,0.0,0.0,,,,
S4_高冗余,44,random,L4_集中式_GBDT,gbdt,7289.0,2187.0,0.78555531395096,0.5390568040828334,3.2536573270518225,0.16216216216216217,3.1180882717579967,0.3108108108108108,3.3814707155668255,0.6756756756756757,1975516.0,60.0,398.0,398.0,,,,
S4_高冗余,44,random,L3a_联邦LR,federated_logistic,7289.0,2187.0,0.8388547089446284,0.5648175387881966,6.507314654103645,0.32432432432432434,5.151624101165386,0.5135135135135135,3.6519883728121716,0.7297297297297297,4081600.0,400.0,,,,,,
S4_高冗余,44,random,L3b_纵向GBDT,vertical_gbdt,7289.0,2187.0,0.78555531395096,0.5390568040828334,3.2536573270518225,0.16216216216216217,3.1180882717579967,0.3108108108108108,3.3814707155668255,0.6756756756756757,1975516.0,60.0,398.0,398.0,,,,
S4_高冗余,44,random,L3c_SplitNN_形态A双向,splitnn,7289.0,2187.0,0.803436896432637,0.523432803366547,4.880485990577734,0.24324324324324326,3.9315026035209524,0.3918918918918919,3.178582472632816,0.6351351351351351,466944.0,228.0,,,1.0,,,
S4_高冗余,44,random,L3c_SplitNN_形态B自监督,splitnn,7289.0,2187.0,0.7354856039191108,0.3651654494058659,4.609347879990082,0.22972972972972974,3.7959335482271266,0.3783783783783784,2.5699177438307874,0.5135135135135135,233472.0,228.0,,,0.0,,,
S4_高冗余,44,random,L3c_SplitNN_形态B随机,splitnn,7289.0,2187.0,0.727197145086402,0.3501873856819432,4.067071658814778,0.20270270270270271,3.3892263823456488,0.33783783783783783,2.4346589152081144,0.4864864864864865,233472.0,228.0,,,0.0,,,
S4_高冗余,44,random,L0_内地单方_UPLIFT,t_learner,7289.0,2187.0,,,,,,,,,,,,,,0.00654519926619975,0.06734006734006734,
S4_高冗余,44,random,L1_加k匿名统计_UPLIFT,t_learner,7289.0,2187.0,,,,,,,,,,,,,,0.006511467651803018,0.06793088916982723,
S4_高冗余,44,random,L2_加粗粒度标记_UPLIFT,t_learner,7289.0,2187.0,,,,,,,,,,,,,,0.006486819792627252,0.07227088948787064,
S4_高冗余,44,random,L4_集中式_UPLIFT,t_learner,7289.0,2187.0,,,,,,,,,,,,,,0.008875401343381576,0.10444743935309972,
S4_高冗余,44,random,OVERLAP_L1_vs_L3a_联邦LR,top_k_overlap,,,,,,,,,,,,,,,,,,0.4724770642201835
S4_高冗余,44,random,OVERLAP_L1_vs_L3b_纵向GBDT,top_k_overlap,,,,,,,,,,,,,,,,,,0.481651376146789
S4_高冗余,44,random,OVERLAP_L1_vs_L3c_SplitNN_形态A双向,top_k_overlap,,,,,,,,,,,,,,,,,,0.44954128440366975
S4_高冗余,44,oot,L0_内地单方_LR,logistic,7289.0,2187.0,0.7525978597578147,0.4178963672205012,4.491989593317815,0.22388059701492538,3.443858688210325,0.34328358208955223,2.3902455684961916,0.47761194029850745,0.0,,,,,,,
S4_高冗余,44,oot,L1_加k匿名统计_LR,logistic,7289.0,2187.0,0.7546465784286117,0.43080118276541823,4.791455566205669,0.23880597014925373,4.0427906339860336,0.40298507462686567,2.7637214385737217,0.5522388059701493,384.0,,,,,,,
S4_高冗余,44,oot,L2_加粗粒度标记_LR,logistic,7289.0,2187.0,0.7475781470008449,0.38249084764854974,4.491989593317815,0.22388059701492538,3.443858688210325,0.34328358208955223,2.6143310905427097,0.5223880597014925,0.0,,,,,,,
S4_高冗余,44,oot,L4_集中式_LR,logistic,7289.0,2187.0,0.8353069557871022,0.5409110109828217,7.187183349308503,0.3582089552238806,5.390387511981378,0.5373134328358209,3.36128283069777,0.6716417910447762,0.0,,,,,,,
S4_高冗余,44,oot,L0_内地单方_GBDT,gbdt,7289.0,2187.0,0.7736975499859194,0.49138270909602927,4.491989593317815,0.22388059701492538,3.7433246610981787,0.373134328358209,2.6143310905427097,0.5223880597014925,0.0,60.0,0.0,0.0,,,,
S4_高冗余,44,oot,L4_集中式_GBDT,gbdt,7289.0,2187.0,0.8203745423824275,0.5339341030695579,4.791455566205669,0.23880597014925373,5.090921539093523,0.5074626865671642,3.36128283069777,0.6716417910447762,1992376.0,60.0,412.0,412.0,,,,
S4_高冗余,44,oot,L3a_联邦LR,federated_logistic,7289.0,2187.0,0.835673049845114,0.5432695015488594,7.187183349308503,0.3582089552238806,5.390387511981378,0.5373134328358209,3.36128283069777,0.6716417910447762,4081600.0,400.0,,,,,,
S4_高冗余,44,oot,L3b_纵向GBDT,vertical_gbdt,7289.0,2187.0,0.8203745423824275,0.5339341030695579,4.791455566205669,0.23880597014925373,5.090921539093523,0.5074626865671642,3.36128283069777,0.6716417910447762,1992376.0,60.0,412.0,412.0,,,,
S4_高冗余,44,oot,L3c_SplitNN_形态A双向,splitnn,7289.0,2187.0,0.8197338777809069,0.5338707406364405,5.9893194577570865,0.29850746268656714,4.641722579761742,0.4626865671641791,3.5853683527442874,0.7164179104477612,466944.0,228.0,,,1.0,,,
S4_高冗余,44,oot,L3c_SplitNN_形态B自监督,splitnn,7289.0,2187.0,0.7820121092649958,0.4968389186144748,4.491989593317815,0.22388059701492538,3.443858688210325,0.34328358208955223,2.9878069606202398,0.5970149253731343,233472.0,228.0,,,0.0,,,
S4_高冗余,44,oot,L3c_SplitNN_形态B随机,splitnn,7289.0,2187.0,0.7586806533370882,0.424704308645452,3.893057647542106,0.19402985074626866,2.9946597288785433,0.29850746268656714,2.6143310905427097,0.5223880597014925,233472.0,228.0,,,0.0,,,
S4_高冗余,44,oot,L0_内地单方_UPLIFT,t_learner,7289.0,2187.0,,,,,,,,,,,,,,0.00724695302651757,0.08535762483130904,
S4_高冗余,44,oot,L1_加k匿名统计_UPLIFT,t_learner,7289.0,2187.0,,,,,,,,,,,,,,0.007692572226332519,0.07813420897533047,
S4_高冗余,44,oot,L2_加粗粒度标记_UPLIFT,t_learner,7289.0,2187.0,,,,,,,,,,,,,,0.00699065203491851,0.0726078167115903,
S4_高冗余,44,oot,L4_集中式_UPLIFT,t_learner,7289.0,2187.0,,,,,,,,,,,,,,0.008875761312261725,0.09174311926605505,
S4_高冗余,44,oot,OVERLAP_L1_vs_L3a_联邦LR,top_k_overlap,,,,,,,,,,,,,,,,,,0.5045871559633027
S4_高冗余,44,oot,OVERLAP_L1_vs_L3b_纵向GBDT,top_k_overlap,,,,,,,,,,,,,,,,,,0.5229357798165137
S4_高冗余,44,oot,OVERLAP_L1_vs_L3c_SplitNN_形态A双向,top_k_overlap,,,,,,,,,,,,,,,,,,0.44954128440366975
S4_高冗余,55,random,L0_内地单方_LR,logistic,7121.0,2137.0,0.7784283112151965,0.44279132417994516,5.7601078167115904,0.2857142857142857,3.9812951784782773,0.3968253968253968,2.9392587636147356,0.5873015873015873,0.0,,,,,,,
S4_高冗余,55,random,L1_加k匿名统计_LR,logistic,7121.0,2137.0,0.7777854311123357,0.4555570862224671,5.44010182689428,0.2698412698412698,3.9812951784782773,0.3968253968253968,3.17757704174566,0.6349206349206349,372.0,,,,,,,
S4_高冗余,55,random,L2_加粗粒度标记_LR,logistic,7121.0,2137.0,0.7851326322878878,0.4660498079013026,5.7601078167115904,0.2857142857142857,4.618302407034801,0.4603174603174603,3.0981376157020186,0.6190476190476191,0.0,,,,,,,
S4_高冗余,55,random,L4_集中式_LR,logistic,7121.0,2137.0,0.831167439653457,0.5468231008250295,7.680143755615454,0.38095238095238093,4.777554214173933,0.47619047619047616,3.336455893832943,0.6666666666666666,0.0,,,,,,,
S4_高冗余,55,random,L0_内地单方_GBDT,gbdt,7121.0,2137.0,0.7590385881128408,0.4460133780288071,5.120095837076969,0.25396825396825395,3.503539757060884,0.3492063492063492,2.4626222073528865,0.49206349206349204,0.0,60.0,0.0,0.0,,,,
S4_高冗余,55,random,L4_集中式_GBDT,gbdt,7121.0,2137.0,0.7968881541687712,0.46944788844499546,5.44010182689428,0.2698412698412698,4.2997987927565395,0.42857142857142855,2.859819337571094,0.5714285714285714,1955520.0,60.0,420.0,420.0,,,,
S4_高冗余,55,random,L3a_联邦LR,federated_logistic,7121.0,2137.0,0.831236319664478,0.5453766205935926,7.680143755615454,0.38095238095238093,4.777554214173933,0.47619047619047616,3.336455893832943,0.6666666666666666,3987200.0,400.0,,,,,,
S4_高冗余,55,random,L3b_纵向GBDT,vertical_gbdt,7121.0,2137.0,0.7968881541687712,0.46944788844499546,5.44010182689428,0.2698412698412698,4.2997987927565395,0.42857142857142855,2.859819337571094,0.5714285714285714,1955520.0,60.0,420.0,420.0,,,,
S4_高冗余,55,random,L3c_SplitNN_形态A双向,splitnn,7121.0,2137.0,0.8244631185807657,0.5149622690606297,7.040131775980833,0.3492063492063492,4.777554214173933,0.47619047619047616,3.336455893832943,0.6666666666666666,466944.0,228.0,,,1.0,,,
S4_高冗余,55,random,L3c_SplitNN_形态B自监督,splitnn,7121.0,2137.0,0.8026281550871714,0.5044312807090049,6.0801138065289,0.30158730158730157,4.45905059989567,0.4444444444444444,3.0981376157020186,0.6190476190476191,233472.0,228.0,,,0.0,,,
S4_高冗余,55,random,L3c_SplitNN_形态B随机,splitnn,7121.0,2137.0,0.7960233273637324,0.5161179225788677,4.800089847259659,0.23809523809523808,3.9812951784782773,0.3968253968253968,3.2570164677893017,0.6507936507936508,233472.0,228.0,,,0.0,,,
S4_高冗余,55,random,L0_内地单方_UPLIFT,t_learner,7121.0,2137.0,,,,,,,,,,,,,,0.009192335582594862,0.17069299947099276,
S4_高冗余,55,random,L1_加k匿名统计_UPLIFT,t_learner,7121.0,2137.0,,,,,,,,,,,,,,0.009639447357936887,0.1738095238095238,
S4_高冗余,55,random,L2_加粗粒度标记_UPLIFT,t_learner,7121.0,2137.0,,,,,,,,,,,,,,0.009095718267414846,0.16814002828854313,
S4_高冗余,55,random,L4_集中式_UPLIFT,t_learner,7121.0,2137.0,,,,,,,,,,,,,,0.009256036953684663,0.16452991452991453,
S4_高冗余,55,random,OVERLAP_L1_vs_L3a_联邦LR,top_k_overlap,,,,,,,,,,,,,,,,,,0.539906103286385
S4_高冗余,55,random,OVERLAP_L1_vs_L3b_纵向GBDT,top_k_overlap,,,,,,,,,,,,,,,,,,0.4694835680751174
S4_高冗余,55,random,OVERLAP_L1_vs_L3c_SplitNN_形态A双向,top_k_overlap,,,,,,,,,,,,,,,,,,0.4131455399061033
S4_高冗余,55,oot,L0_内地单方_LR,logistic,7121.0,2137.0,0.7633063901174317,0.43308384462875843,4.372130029552171,0.21686746987951808,3.2637026981164095,0.3253012048192771,2.5324906182105473,0.5060240963855421,0.0,,,,,,,
S4_高冗余,55,oot,L1_加k匿名统计_LR,logistic,7121.0,2137.0,0.7620511256320315,0.4318637744747246,4.372130029552171,0.21686746987951808,3.0219469427003793,0.30120481927710846,2.6530854095539067,0.5301204819277109,372.0,,,,,,,
S4_高冗余,55,oot,L2_加粗粒度标记_LR,logistic,7121.0,2137.0,0.7827864525287127,0.48433265682007487,5.1008183678108665,0.25301204819277107,3.74721420894847,0.37349397590361444,2.8942749922406255,0.5783132530120482,0.0,,,,,,,
S4_高冗余,55,oot,L4_集中式_LR,logistic,7121.0,2137.0,0.8203622669841977,0.5020940627162985,6.3152989315753585,0.3132530120481928,5.076870863736636,0.5060240963855421,3.0751671792556645,0.6144578313253012,0.0,,,,,,,
S4_高冗余,55,oot,L0_内地单方_GBDT,gbdt,7121.0,2137.0,0.7019157447707088,0.3531223237643856,2.9147533530347807,0.14457831325301204,2.901069064992364,0.2891566265060241,2.231003639852149,0.4457831325301205,0.0,60.0,0.0,0.0,,,,
S4_高冗余,55,oot,L4_集中式_GBDT,gbdt,7121.0,2137.0,0.7582736007320422,0.43734822444598254,3.643441691293476,0.18072289156626506,3.6263363312404553,0.3614457831325301,2.773680200897266,0.5542168674698795,1953360.0,60.0,416.0,416.0,,,,
S4_高冗余,55,oot,L3a_联邦LR,federated_logistic,7121.0,2137.0,0.8207494046292277,0.5055020471369411,6.3152989315753585,0.3132530120481928,5.076870863736636,0.5060240963855421,3.014869783583985,0.6024096385542169,3987200.0,400.0,,,,,,
S4_高冗余,55,oot,L3b_纵向GBDT,vertical_gbdt,7121.0,2137.0,0.7582736007320422,0.43734822444598254,3.643441691293476,0.18072289156626506,3.6263363312404553,0.3614457831325301,2.773680200897266,0.5542168674698795,1953360.0,60.0,416.0,416.0,,,,
S4_高冗余,55,oot,L3c_SplitNN_形态A双向,splitnn,7121.0,2137.0,0.7794136624394364,0.46265294869839635,6.3152989315753585,0.3132530120481928,3.8680920866564854,0.3855421686746988,2.6530854095539067,0.5301204819277109,466944.0,228.0,,,1.0,,,
S4_高冗余,55,oot,L3c_SplitNN_形态B自监督,splitnn,7121.0,2137.0,0.7403714175103531,0.37210966553653757,4.129233916799272,0.20481927710843373,3.5054584535324396,0.3493975903614458,2.5324906182105473,0.5060240963855421,233472.0,228.0,,,0.0,,,
S4_高冗余,55,oot,L3c_SplitNN_形态B随机,splitnn,7121.0,2137.0,0.7196067620041997,0.33863985640712807,4.372130029552171,0.21686746987951808,3.2637026981164095,0.3253012048192771,2.411895826867188,0.4819277108433735,233472.0,228.0,,,0.0,,,
S4_高冗余,55,oot,L0_内地单方_UPLIFT,t_learner,7121.0,2137.0,,,,,,,,,,,,,,0.007285844564908683,0.08318521151795236,
S4_高冗余,55,oot,L1_加k匿名统计_UPLIFT,t_learner,7121.0,2137.0,,,,,,,,,,,,,,0.005792804907675794,0.07905944986690329,
S4_高冗余,55,oot,L2_加粗粒度标记_UPLIFT,t_learner,7121.0,2137.0,,,,,,,,,,,,,,0.0072498398111673695,0.08600917431192662,
S4_高冗余,55,oot,L4_集中式_UPLIFT,t_learner,7121.0,2137.0,,,,,,,,,,,,,,0.00741593994363902,0.1261904761904762,
S4_高冗余,55,oot,OVERLAP_L1_vs_L3a_联邦LR,top_k_overlap,,,,,,,,,,,,,,,,,,0.5492957746478874
S4_高冗余,55,oot,OVERLAP_L1_vs_L3b_纵向GBDT,top_k_overlap,,,,,,,,,,,,,,,,,,0.4835680751173709
S4_高冗余,55,oot,OVERLAP_L1_vs_L3c_SplitNN_形态A双向,top_k_overlap,,,,,,,,,,,,,,,,,,0.3615023474178404
S5_低重叠高漂移,11,random,L0_内地单方_LR,logistic,2469.0,741.0,0.591821639898563,0.3351648351648352,1.5405405405405408,0.07692307692307693,1.5405405405405408,0.15384615384615385,0.7702702702702704,0.15384615384615385,0.0,,,,,,,
S5_低重叠高漂移,11,random,L1_加k匿名统计_LR,logistic,2469.0,741.0,0.6251056635672021,0.32417582417582425,3.0810810810810816,0.15384615384615385,1.5405405405405408,0.15384615384615385,0.7702702702702704,0.15384615384615385,372.0,,,,,,,
S5_低重叠高漂移,11,random,L2_加粗粒度标记_LR,logistic,2469.0,741.0,0.5153212172442942,0.17307692307692313,3.0810810810810816,0.15384615384615385,1.5405405405405408,0.15384615384615385,0.7702702702702704,0.15384615384615385,0.0,,,,,,,
S5_低重叠高漂移,11,random,L4_集中式_LR,logistic,2469.0,741.0,0.6094674556213019,0.2417582417582418,3.0810810810810816,0.15384615384615385,2.310810810810811,0.23076923076923078,1.5405405405405408,0.3076923076923077,0.0,,,,,,,
S5_低重叠高漂移,11,random,L0_内地单方_GBDT,gbdt,2469.0,741.0,0.4946111580726965,0.18543956043956045,0.0,0.0,0.0,0.0,0.7702702702702704,0.15384615384615385,0.0,60.0,0.0,0.0,,,,
S5_低重叠高漂移,11,random,L4_集中式_GBDT,gbdt,2469.0,741.0,0.5996407438715131,0.2623626373626374,1.5405405405405408,0.07692307692307693,0.7702702702702704,0.07692307692307693,1.9256756756756759,0.38461538461538464,761820.0,60.0,376.0,376.0,,,,
S5_低重叠高漂移,11,random,L3a_联邦LR,federated_logistic,2469.0,741.0,0.5622358410819949,0.18956043956043955,3.0810810810810816,0.15384615384615385,2.310810810810811,0.23076923076923078,1.1554054054054055,0.23076923076923078,1382400.0,400.0,,,,,,
S5_低重叠高漂移,11,random,L3b_纵向GBDT,vertical_gbdt,2469.0,741.0,0.5996407438715131,0.2623626373626374,1.5405405405405408,0.07692307692307693,0.7702702702702704,0.07692307692307693,1.9256756756756759,0.38461538461538464,761820.0,60.0,376.0,376.0,,,,
S5_低重叠高漂移,11,random,L3c_SplitNN_形态A双向,splitnn,2469.0,741.0,0.45319103972950125,0.16483516483516492,0.0,0.0,0.0,0.0,1.1554054054054055,0.23076923076923078,147456.0,72.0,,,1.0,,,
S5_低重叠高漂移,11,random,L3c_SplitNN_形态B自监督,splitnn,2469.0,741.0,0.44177937447168214,0.1510989010989011,0.0,0.0,0.0,0.0,0.3851351351351352,0.07692307692307693,73728.0,72.0,,,0.0,,,
S5_低重叠高漂移,11,random,L3c_SplitNN_形态B随机,splitnn,2469.0,741.0,0.382607776838546,0.2802197802197802,0.0,0.0,0.0,0.0,0.0,0.0,73728.0,72.0,,,0.0,,,
S5_低重叠高漂移,11,random,L0_内地单方_UPLIFT,t_learner,2469.0,741.0,,,,,,,,,,,,,,0.0027170660972938086,-0.0029239766081871343,
S5_低重叠高漂移,11,random,L1_加k匿名统计_UPLIFT,t_learner,2469.0,741.0,,,,,,,,,,,,,,0.001956474678243447,-0.008823529411764702,
S5_低重叠高漂移,11,random,L2_加粗粒度标记_UPLIFT,t_learner,2469.0,741.0,,,,,,,,,,,,,,0.0032141017262251196,0.027777777777777776,
S5_低重叠高漂移,11,random,L4_集中式_UPLIFT,t_learner,2469.0,741.0,,,,,,,,,,,,,,0.005466319933079851,0.06896551724137931,
S5_低重叠高漂移,11,random,OVERLAP_L1_vs_L3a_联邦LR,top_k_overlap,,,,,,,,,,,,,,,,,,0.36486486486486486
S5_低重叠高漂移,11,random,OVERLAP_L1_vs_L3b_纵向GBDT,top_k_overlap,,,,,,,,,,,,,,,,,,0.25675675675675674
S5_低重叠高漂移,11,random,OVERLAP_L1_vs_L3c_SplitNN_形态A双向,top_k_overlap,,,,,,,,,,,,,,,,,,0.35135135135135137
S5_低重叠高漂移,11,oot,L0_内地单方_LR,logistic,2469.0,741.0,0.660124826629681,0.31324549237170596,3.004054054054054,0.15,2.002702702702703,0.2,1.7523648648648649,0.35,0.0,,,,,,,
S5_低重叠高漂移,11,oot,L1_加k匿名统计_LR,logistic,2469.0,741.0,0.668377253814147,0.3326629680998613,2.002702702702703,0.1,2.002702702702703,0.2,2.002702702702703,0.4,372.0,,,,,,,
S5_低重叠高漂移,11,oot,L2_加粗粒度标记_LR,logistic,2469.0,741.0,0.6873786407766991,0.3326629680998613,1.0013513513513514,0.05,2.5033783783783785,0.25,2.2530405405405407,0.45,0.0,,,,,,,
S5_低重叠高漂移,11,oot,L4_集中式_LR,logistic,2469.0,741.0,0.7228848821081831,0.36990291262135916,4.005405405405406,0.2,3.004054054054054,0.3,2.5033783783783785,0.5,0.0,,,,,,,
S5_低重叠高漂移,11,oot,L0_内地单方_GBDT,gbdt,2469.0,741.0,0.5386615811373093,0.15915395284327327,0.0,0.0,1.0013513513513514,0.1,0.7510135135135135,0.15,0.0,60.0,0.0,0.0,,,,
S5_低重叠高漂移,11,oot,L4_集中式_GBDT,gbdt,2469.0,741.0,0.4472260748959779,0.1710818307905686,0.0,0.0,0.5006756756756757,0.05,1.0013513513513514,0.2,776580.0,60.0,406.0,406.0,,,,
S5_低重叠高漂移,11,oot,L3a_联邦LR,federated_logistic,2469.0,741.0,0.7016643550624133,0.3490291262135923,4.005405405405406,0.2,2.5033783783783785,0.25,2.002702702702703,0.4,1382400.0,400.0,,,,,,
S5_低重叠高漂移,11,oot,L3b_纵向GBDT,vertical_gbdt,2469.0,741.0,0.4472260748959779,0.1710818307905686,0.0,0.0,0.5006756756756757,0.05,1.0013513513513514,0.2,776580.0,60.0,406.0,406.0,,,,
S5_低重叠高漂移,11,oot,L3c_SplitNN_形态A双向,splitnn,2469.0,741.0,0.5868932038834951,0.22552011095700414,2.002702702702703,0.1,2.5033783783783785,0.25,1.502027027027027,0.3,147456.0,72.0,,,1.0,,,
S5_低重叠高漂移,11,oot,L3c_SplitNN_形态B自监督,splitnn,2469.0,741.0,0.5878640776699029,0.23509015256588073,2.002702702702703,0.1,2.5033783783783785,0.25,2.002702702702703,0.4,73728.0,72.0,,,0.0,,,
S5_低重叠高漂移,11,oot,L3c_SplitNN_形态B随机,splitnn,2469.0,741.0,0.5484743411927878,0.21171983356449375,2.002702702702703,0.1,1.502027027027027,0.15,1.0013513513513514,0.2,73728.0,72.0,,,0.0,,,
S5_低重叠高漂移,11,oot,L0_内地单方_UPLIFT,t_learner,2469.0,741.0,,,,,,,,,,,,,,0.009043791559763292,0.08625730994152048,
S5_低重叠高漂移,11,oot,L1_加k匿名统计_UPLIFT,t_learner,2469.0,741.0,,,,,,,,,,,,,,0.0049644046207368295,0.0,
S5_低重叠高漂移,11,oot,L2_加粗粒度标记_UPLIFT,t_learner,2469.0,741.0,,,,,,,,,,,,,,0.01118270784279679,0.1286549707602339,
S5_低重叠高漂移,11,oot,L4_集中式_UPLIFT,t_learner,2469.0,741.0,,,,,,,,,,,,,,0.01314340844418863,0.12307692307692308,
S5_低重叠高漂移,11,oot,OVERLAP_L1_vs_L3a_联邦LR,top_k_overlap,,,,,,,,,,,,,,,,,,0.4594594594594595
S5_低重叠高漂移,11,oot,OVERLAP_L1_vs_L3b_纵向GBDT,top_k_overlap,,,,,,,,,,,,,,,,,,0.13513513513513514
S5_低重叠高漂移,11,oot,OVERLAP_L1_vs_L3c_SplitNN_形态A双向,top_k_overlap,,,,,,,,,,,,,,,,,,0.28378378378378377
S5_低重叠高漂移,22,random,L0_内地单方_LR,logistic,2375.0,713.0,0.7822812051649928,0.49704088952654235,3.819642857142857,0.1875,5.021126760563381,0.5,2.8243838028169015,0.5625,0.0,,,,,,,
S5_低重叠高漂移,22,random,L1_加k匿名统计_LR,logistic,2375.0,713.0,0.7914275466284075,0.504842180774749,2.5464285714285713,0.125,4.393485915492958,0.4375,2.8243838028169015,0.5625,378.0,,,,,,,
S5_低重叠高漂移,22,random,L2_加粗粒度标记_LR,logistic,2375.0,713.0,0.7792324246771879,0.4999103299856528,3.819642857142857,0.1875,4.393485915492958,0.4375,2.8243838028169015,0.5625,0.0,,,,,,,
S5_低重叠高漂移,22,random,L4_集中式_LR,logistic,2375.0,713.0,0.8205703012912483,0.5202654232424677,7.639285714285714,0.375,5.648767605633803,0.5625,3.138204225352113,0.625,0.0,,,,,,,
S5_低重叠高漂移,22,random,L0_内地单方_GBDT,gbdt,2375.0,713.0,0.7980631276901003,0.5946018651362984,2.5464285714285713,0.125,3.138204225352113,0.3125,3.4520246478873235,0.6875,0.0,60.0,0.0,0.0,,,,
S5_低重叠高漂移,22,random,L4_集中式_GBDT,gbdt,2375.0,713.0,0.7777977044476327,0.5124641319942611,6.366071428571429,0.3125,4.393485915492958,0.4375,3.4520246478873235,0.6875,753888.0,60.0,410.0,410.0,,,,
S5_低重叠高漂移,22,random,L3a_联邦LR,federated_logistic,2375.0,713.0,0.7985114777618364,0.5503945480631277,5.0928571428571425,0.25,6.276408450704226,0.625,3.138204225352113,0.625,1329600.0,400.0,,,,,,
S5_低重叠高漂移,22,random,L3b_纵向GBDT,vertical_gbdt,2375.0,713.0,0.7777977044476327,0.5124641319942611,6.366071428571429,0.3125,4.393485915492958,0.4375,3.4520246478873235,0.6875,753888.0,60.0,410.0,410.0,,,,
S5_低重叠高漂移,22,random,L3c_SplitNN_形态A双向,splitnn,2375.0,713.0,0.7727761836441893,0.5003586800573888,5.0928571428571425,0.25,3.7658450704225355,0.375,3.138204225352113,0.625,147456.0,72.0,,,1.0,,,
S5_低重叠高漂移,22,random,L3c_SplitNN_形态B自监督,splitnn,2375.0,713.0,0.8044296987087518,0.5909253945480631,5.0928571428571425,0.25,3.7658450704225355,0.375,3.4520246478873235,0.6875,73728.0,72.0,,,0.0,,,
S5_低重叠高漂移,22,random,L3c_SplitNN_形态B随机,splitnn,2375.0,713.0,0.7057926829268293,0.33106169296987087,3.819642857142857,0.1875,1.8829225352112677,0.1875,2.196742957746479,0.4375,73728.0,72.0,,,0.0,,,
S5_低重叠高漂移,22,random,L0_内地单方_UPLIFT,t_learner,2375.0,713.0,,,,,,,,,,,,,,0.00610106153502076,0.0880952380952381,
S5_低重叠高漂移,22,random,L1_加k匿名统计_UPLIFT,t_learner,2375.0,713.0,,,,,,,,,,,,,,0.005660550508381137,0.10952380952380952,
S5_低重叠高漂移,22,random,L2_加粗粒度标记_UPLIFT,t_learner,2375.0,713.0,,,,,,,,,,,,,,0.006006066783918717,0.11854838709677419,
S5_低重叠高漂移,22,random,L4_集中式_UPLIFT,t_learner,2375.0,713.0,,,,,,,,,,,,,,0.006564557432466182,0.15421303656597773,
S5_低重叠高漂移,22,random,OVERLAP_L1_vs_L3a_联邦LR,top_k_overlap,,,,,,,,,,,,,,,,,,0.4647887323943662
S5_低重叠高漂移,22,random,OVERLAP_L1_vs_L3b_纵向GBDT,top_k_overlap,,,,,,,,,,,,,,,,,,0.36619718309859156
S5_低重叠高漂移,22,random,OVERLAP_L1_vs_L3c_SplitNN_形态A双向,top_k_overlap,,,,,,,,,,,,,,,,,,0.36619718309859156
S5_低重叠高漂移,22,oot,L0_内地单方_LR,logistic,2375.0,713.0,0.8084009465855307,0.5403989181879648,3.5949579831932774,0.17647058823529413,4.135045567522783,0.4117647058823529,2.953603976801989,0.5882352941176471,0.0,,,,,,,
S5_低重叠高漂移,22,oot,L1_加k匿名统计_LR,logistic,2375.0,713.0,0.8207403651115619,0.5950811359026369,3.5949579831932774,0.17647058823529413,4.725766362883181,0.47058823529411764,2.953603976801989,0.5882352941176471,378.0,,,,,,,
S5_低重叠高漂移,22,oot,L2_加粗粒度标记_LR,logistic,2375.0,713.0,0.7980054090601758,0.5791920216362407,2.396638655462185,0.11764705882352941,4.135045567522783,0.4117647058823529,2.953603976801989,0.5882352941176471,0.0,,,,,,,
S5_低重叠高漂移,22,oot,L4_集中式_LR,logistic,2375.0,713.0,0.8544624746450303,0.6279580797836376,5.991596638655462,0.29411764705882354,5.3164871582435795,0.5294117647058824,2.953603976801989,0.5882352941176471,0.0,,,,,,,
S5_低重叠高漂移,22,oot,L0_内地单方_GBDT,gbdt,2375.0,713.0,0.7628465179175119,0.442866801893171,3.5949579831932774,0.17647058823529413,3.544324772162386,0.35294117647058826,2.3628831814415907,0.47058823529411764,0.0,60.0,0.0,0.0,,,,
S5_低重叠高漂移,22,oot,L4_集中式_GBDT,gbdt,2375.0,713.0,0.8040906017579446,0.5505409060175794,7.189915966386555,0.35294117647058826,5.907207953603978,0.5882352941176471,2.953603976801989,0.5882352941176471,751872.0,60.0,408.0,408.0,,,,
S5_低重叠高漂移,22,oot,L3a_联邦LR,federated_logistic,2375.0,713.0,0.8327417173766059,0.5618661257606491,5.991596638655462,0.29411764705882354,4.135045567522783,0.4117647058823529,3.544324772162386,0.7058823529411765,1329600.0,400.0,,,,,,
S5_低重叠高漂移,22,oot,L3b_纵向GBDT,vertical_gbdt,2375.0,713.0,0.8040906017579446,0.5505409060175794,7.189915966386555,0.35294117647058826,5.907207953603978,0.5882352941176471,2.953603976801989,0.5882352941176471,751872.0,60.0,408.0,408.0,,,,
S5_低重叠高漂移,22,oot,L3c_SplitNN_形态A双向,splitnn,2375.0,713.0,0.735209601081812,0.4153989181879648,4.79327731092437,0.23529411764705882,2.3628831814415907,0.23529411764705882,2.3628831814415907,0.47058823529411764,147456.0,72.0,,,1.0,,,
S5_低重叠高漂移,22,oot,L3c_SplitNN_形态B自监督,splitnn,2375.0,713.0,0.7289553752535497,0.3563218390804598,2.396638655462185,0.11764705882352941,2.3628831814415907,0.23529411764705882,2.6582435791217898,0.5294117647058824,73728.0,72.0,,,0.0,,,
S5_低重叠高漂移,22,oot,L3c_SplitNN_形态B随机,splitnn,2375.0,713.0,0.683739012846518,0.32614942528735635,1.1983193277310924,0.058823529411764705,2.3628831814415907,0.23529411764705882,2.3628831814415907,0.47058823529411764,73728.0,72.0,,,0.0,,,
S5_低重叠高漂移,22,oot,L0_内地单方_UPLIFT,t_learner,2375.0,713.0,,,,,,,,,,,,,,0.002409022294646298,-0.038950715421303655,
S5_低重叠高漂移,22,oot,L1_加k匿名统计_UPLIFT,t_learner,2375.0,713.0,,,,,,,,,,,,,,0.0041994578225606535,0.017488076311605733,
S5_低重叠高漂移,22,oot,L2_加粗粒度标记_UPLIFT,t_learner,2375.0,713.0,,,,,,,,,,,,,,0.0010544717080059882,-0.05368589743589744,
S5_低重叠高漂移,22,oot,L4_集中式_UPLIFT,t_learner,2375.0,713.0,,,,,,,,,,,,,,0.002630564969027362,0.003968253968253954,
S5_低重叠高漂移,22,oot,OVERLAP_L1_vs_L3a_联邦LR,top_k_overlap,,,,,,,,,,,,,,,,,,0.4507042253521127
S5_低重叠高漂移,22,oot,OVERLAP_L1_vs_L3b_纵向GBDT,top_k_overlap,,,,,,,,,,,,,,,,,,0.38028169014084506
S5_低重叠高漂移,22,oot,OVERLAP_L1_vs_L3c_SplitNN_形态A双向,top_k_overlap,,,,,,,,,,,,,,,,,,0.4225352112676056
S5_低重叠高漂移,33,random,L0_内地单方_LR,logistic,2436.0,731.0,0.6836351441985244,0.288933601609658,4.834656084656085,0.23809523809523808,2.8610567514677103,0.2857142857142857,1.9073711676451401,0.38095238095238093,0.0,,,,,,,
S5_低重叠高漂移,33,random,L1_加k匿名统计_LR,logistic,2436.0,731.0,0.6857813547954392,0.3269617706237425,3.8677248677248675,0.19047619047619047,2.8610567514677103,0.2857142857142857,1.6689497716894977,0.3333333333333333,384.0,,,,,,,
S5_低重叠高漂移,33,random,L2_加粗粒度标记_LR,logistic,2436.0,731.0,0.7365526492287056,0.40590207914151566,4.834656084656085,0.23809523809523808,3.3378995433789953,0.3333333333333333,2.1457925636007826,0.42857142857142855,0.0,,,,,,,
S5_低重叠高漂移,33,random,L4_集中式_LR,logistic,2436.0,731.0,0.8248155600268275,0.5083836351441985,5.801587301587301,0.2857142857142857,4.291585127201565,0.42857142857142855,3.0994781474233526,0.6190476190476191,0.0,,,,,,,
S5_低重叠高漂移,33,random,L0_内地单方_GBDT,gbdt,2436.0,731.0,0.6266599597585513,0.2641180415828303,1.9338624338624337,0.09523809523809523,1.4305283757338552,0.14285714285714285,1.4305283757338552,0.2857142857142857,0.0,60.0,0.0,0.0,,,,
S5_低重叠高漂移,33,random,L4_集中式_GBDT,gbdt,2436.0,731.0,0.840710932260228,0.5777330650570087,4.834656084656085,0.23809523809523808,3.3378995433789953,0.3333333333333333,3.576320939334638,0.7142857142857143,766800.0,60.0,404.0,404.0,,,,
S5_低重叠高漂移,33,random,L3a_联邦LR,federated_logistic,2436.0,731.0,0.8177062374245474,0.5551307847082495,5.801587301587301,0.2857142857142857,3.3378995433789953,0.3333333333333333,3.576320939334638,0.7142857142857143,1364000.0,400.0,,,,,,
S5_低重叠高漂移,33,random,L3b_纵向GBDT,vertical_gbdt,2436.0,731.0,0.840710932260228,0.5777330650570087,4.834656084656085,0.23809523809523808,3.3378995433789953,0.3333333333333333,3.576320939334638,0.7142857142857143,766800.0,60.0,404.0,404.0,,,,
S5_低重叠高漂移,33,random,L3c_SplitNN_形态A双向,splitnn,2436.0,731.0,0.7950368879946345,0.5126089872568745,4.834656084656085,0.23809523809523808,4.768427919112851,0.47619047619047616,3.3378995433789953,0.6666666666666666,147456.0,72.0,,,1.0,,,
S5_低重叠高漂移,33,random,L3c_SplitNN_形态B自监督,splitnn,2436.0,731.0,0.7059691482226692,0.368075117370892,2.9007936507936507,0.14285714285714285,3.3378995433789953,0.3333333333333333,2.6226353555120676,0.5238095238095238,73728.0,72.0,,,0.0,,,
S5_低重叠高漂移,33,random,L3c_SplitNN_形态B随机,splitnn,2436.0,731.0,0.6698859825620389,0.3503018108651911,0.9669312169312169,0.047619047619047616,1.4305283757338552,0.14285714285714285,2.3842139595564253,0.47619047619047616,73728.0,72.0,,,0.0,,,
S5_低重叠高漂移,33,random,L0_内地单方_UPLIFT,t_learner,2436.0,731.0,,,,,,,,,,,,,,-0.00014532785963925567,-0.11007751937984496,
S5_低重叠高漂移,33,random,L1_加k匿名统计_UPLIFT,t_learner,2436.0,731.0,,,,,,,,,,,,,,0.0007672732555855829,-0.07621951219512195,
S5_低重叠高漂移,33,random,L2_加粗粒度标记_UPLIFT,t_learner,2436.0,731.0,,,,,,,,,,,,,,0.0005899328152206563,-0.11007751937984496,
S5_低重叠高漂移,33,random,L4_集中式_UPLIFT,t_learner,2436.0,731.0,,,,,,,,,,,,,,0.001092426476043794,-0.04337152209492637,
S5_低重叠高漂移,33,random,OVERLAP_L1_vs_L3a_联邦LR,top_k_overlap,,,,,,,,,,,,,,,,,,0.4794520547945205
S5_低重叠高漂移,33,random,OVERLAP_L1_vs_L3b_纵向GBDT,top_k_overlap,,,,,,,,,,,,,,,,,,0.3287671232876712
S5_低重叠高漂移,33,random,OVERLAP_L1_vs_L3c_SplitNN_形态A双向,top_k_overlap,,,,,,,,,,,,,,,,,,0.3698630136986301
S5_低重叠高漂移,33,oot,L0_内地单方_LR,logistic,2436.0,731.0,0.6736497545008183,0.33671576650300056,2.342948717948718,0.11538461538461539,3.4662802950474183,0.34615384615384615,2.310853530031612,0.46153846153846156,0.0,,,,,,,
S5_低重叠高漂移,33,oot,L1_加k匿名统计_LR,logistic,2436.0,731.0,0.6794326241134752,0.3342062193126023,3.9049145299145303,0.19230769230769232,3.4662802950474183,0.34615384615384615,2.310853530031612,0.46153846153846156,384.0,,,,,,,
S5_低重叠高漂移,33,oot,L2_加粗粒度标记_LR,logistic,2436.0,731.0,0.6935624659028915,0.3518821603927987,3.9049145299145303,0.19230769230769232,2.6959957850368808,0.2692307692307692,2.118282402528978,0.4230769230769231,0.0,,,,,,,
S5_低重叠高漂移,33,oot,L4_集中式_LR,logistic,2436.0,731.0,0.7755046372067649,0.488379705400982,4.685897435897436,0.23076923076923078,2.6959957850368808,0.2692307692307692,3.0811380400421493,0.6153846153846154,0.0,,,,,,,
S5_低重叠高漂移,33,oot,L0_内地单方_GBDT,gbdt,2436.0,731.0,0.64012547735952,0.2724495362793235,2.342948717948718,0.11538461538461539,1.5405690200210747,0.15384615384615385,1.9257112750263434,0.38461538461538464,0.0,60.0,0.0,0.0,,,,
S5_低重叠高漂移,33,oot,L4_集中式_GBDT,gbdt,2436.0,731.0,0.7631751227495909,0.4392253136933988,6.247863247863248,0.3076923076923077,3.851422550052687,0.38461538461538464,2.6959957850368808,0.5384615384615384,764984.0,60.0,404.0,404.0,,,,
S5_低重叠高漂移,33,oot,L3a_联邦LR,federated_logistic,2436.0,731.0,0.7752318603382433,0.5050736497545008,4.685897435897436,0.23076923076923078,3.4662802950474183,0.34615384615384615,3.273709167544784,0.6538461538461539,1364000.0,400.0,,,,,,
S5_低重叠高漂移,33,oot,L3b_纵向GBDT,vertical_gbdt,2436.0,731.0,0.7631751227495909,0.4392253136933988,6.247863247863248,0.3076923076923077,3.851422550052687,0.38461538461538464,2.6959957850368808,0.5384615384615384,764984.0,60.0,404.0,404.0,,,,
S5_低重叠高漂移,33,oot,L3c_SplitNN_形态A双向,splitnn,2436.0,731.0,0.7296781232951446,0.3755046372067648,3.123931623931624,0.15384615384615385,3.851422550052687,0.38461538461538464,2.6959957850368808,0.5384615384615384,147456.0,72.0,,,1.0,,,
S5_低重叠高漂移,33,oot,L3c_SplitNN_形态B自监督,splitnn,2436.0,731.0,0.6476268412438626,0.28063284233497005,3.123931623931624,0.15384615384615385,3.0811380400421493,0.3076923076923077,1.7331401475237092,0.34615384615384615,73728.0,72.0,,,0.0,,,
S5_低重叠高漂移,33,oot,L3c_SplitNN_形态B随机,splitnn,2436.0,731.0,0.642771412984179,0.34604473540643754,3.123931623931624,0.15384615384615385,1.9257112750263434,0.19230769230769232,1.9257112750263434,0.38461538461538464,73728.0,72.0,,,0.0,,,
S5_低重叠高漂移,33,oot,L0_内地单方_UPLIFT,t_learner,2436.0,731.0,,,,,,,,,,,,,,0.0007738441325373194,0.06605222734254992,
S5_低重叠高漂移,33,oot,L1_加k匿名统计_UPLIFT,t_learner,2436.0,731.0,,,,,,,,,,,,,,0.0024340782562917037,0.02121212121212121,
S5_低重叠高漂移,33,oot,L2_加粗粒度标记_UPLIFT,t_learner,2436.0,731.0,,,,,,,,,,,,,,0.0007362553605354778,0.02651515151515152,
S5_低重叠高漂移,33,oot,L4_集中式_UPLIFT,t_learner,2436.0,731.0,,,,,,,,,,,,,,-0.00020952055345420438,-0.04210526315789476,
S5_低重叠高漂移,33,oot,OVERLAP_L1_vs_L3a_联邦LR,top_k_overlap,,,,,,,,,,,,,,,,,,0.3972602739726027
S5_低重叠高漂移,33,oot,OVERLAP_L1_vs_L3b_纵向GBDT,top_k_overlap,,,,,,,,,,,,,,,,,,0.273972602739726
S5_低重叠高漂移,33,oot,OVERLAP_L1_vs_L3c_SplitNN_形态A双向,top_k_overlap,,,,,,,,,,,,,,,,,,0.4383561643835616
S5_低重叠高漂移,44,random,L0_内地单方_LR,logistic,2412.0,724.0,0.6923197985520931,0.3605602769908719,2.234567901234568,0.1111111111111111,2.234567901234568,0.2222222222222222,1.6759259259259258,0.3333333333333333,0.0,,,,,,,
S5_低重叠高漂移,44,random,L1_加k匿名统计_LR,logistic,2412.0,724.0,0.66123701605288,0.24614416115832544,2.234567901234568,0.1111111111111111,2.234567901234568,0.2222222222222222,1.955246913580247,0.3888888888888889,372.0,,,,,,,
S5_低重叠高漂移,44,random,L2_加粗粒度标记_LR,logistic,2412.0,724.0,0.6856310985206169,0.37409505823103556,1.117283950617284,0.05555555555555555,2.234567901234568,0.2222222222222222,1.6759259259259258,0.3333333333333333,0.0,,,,,,,
S5_低重叠高漂移,44,random,L4_集中式_LR,logistic,2412.0,724.0,0.8578061063896758,0.6693421466792571,6.703703703703703,0.3333333333333333,5.027777777777778,0.5,3.910493827160494,0.7777777777777778,0.0,,,,,,,
S5_低重叠高漂移,44,random,L0_内地单方_GBDT,gbdt,2412.0,724.0,0.6678470254957507,0.2966635190431225,3.3518518518518516,0.16666666666666666,1.6759259259259258,0.16666666666666666,1.955246913580247,0.3888888888888889,0.0,60.0,0.0,0.0,,,,
S5_低重叠高漂移,44,random,L4_集中式_GBDT,gbdt,2412.0,724.0,0.8719704123386842,0.622599937047529,7.820987654320988,0.3888888888888889,6.145061728395063,0.6111111111111112,3.631172839506173,0.7222222222222222,749114.0,60.0,384.0,384.0,,,,
S5_低重叠高漂移,44,random,L3a_联邦LR,federated_logistic,2412.0,724.0,0.8414384639597103,0.6123701605288008,6.703703703703703,0.3333333333333333,4.469135802469136,0.4444444444444444,3.631172839506173,0.7222222222222222,1350400.0,400.0,,,,,,
S5_低重叠高漂移,44,random,L3b_纵向GBDT,vertical_gbdt,2412.0,724.0,0.8719704123386842,0.622599937047529,7.820987654320988,0.3888888888888889,6.145061728395063,0.6111111111111112,3.631172839506173,0.7222222222222222,749114.0,60.0,384.0,384.0,,,,
S5_低重叠高漂移,44,random,L3c_SplitNN_形态A双向,splitnn,2412.0,724.0,0.7333175952156122,0.45483160214038404,2.234567901234568,0.1111111111111111,3.910493827160494,0.3888888888888889,2.234567901234568,0.4444444444444444,147456.0,72.0,,,1.0,,,
S5_低重叠高漂移,44,random,L3c_SplitNN_形态B自监督,splitnn,2412.0,724.0,0.5570506767390621,0.19310670443814917,1.117283950617284,0.05555555555555555,2.234567901234568,0.2222222222222222,1.6759259259259258,0.3333333333333333,73728.0,72.0,,,0.0,,,
S5_低重叠高漂移,44,random,L3c_SplitNN_形态B随机,splitnn,2412.0,724.0,0.6354265029902424,0.24708844822159276,2.234567901234568,0.1111111111111111,2.234567901234568,0.2222222222222222,1.6759259259259258,0.3333333333333333,73728.0,72.0,,,0.0,,,
S5_低重叠高漂移,44,random,L0_内地单方_UPLIFT,t_learner,2412.0,724.0,,,,,,,,,,,,,,0.0011766262023139914,0.1111111111111111,
S5_低重叠高漂移,44,random,L1_加k匿名统计_UPLIFT,t_learner,2412.0,724.0,,,,,,,,,,,,,,0.004566676563009563,0.11875,
S5_低重叠高漂移,44,random,L2_加粗粒度标记_UPLIFT,t_learner,2412.0,724.0,,,,,,,,,,,,,,0.0015039661208126815,0.1111111111111111,
S5_低重叠高漂移,44,random,L4_集中式_UPLIFT,t_learner,2412.0,724.0,,,,,,,,,,,,,,0.001596958290240112,0.04633204633204635,
S5_低重叠高漂移,44,random,OVERLAP_L1_vs_L3a_联邦LR,top_k_overlap,,,,,,,,,,,,,,,,,,0.2916666666666667
S5_低重叠高漂移,44,random,OVERLAP_L1_vs_L3b_纵向GBDT,top_k_overlap,,,,,,,,,,,,,,,,,,0.2638888888888889
S5_低重叠高漂移,44,random,OVERLAP_L1_vs_L3c_SplitNN_形态A双向,top_k_overlap,,,,,,,,,,,,,,,,,,0.25
S5_低重叠高漂移,44,oot,L0_内地单方_LR,logistic,2412.0,724.0,0.6145922746781116,0.2333619456366237,2.413333333333333,0.12,1.2066666666666666,0.12,1.4077777777777778,0.28,0.0,,,,,,,
S5_低重叠高漂移,44,oot,L1_加k匿名统计_LR,logistic,2412.0,724.0,0.6086981402002861,0.2252932761087268,2.413333333333333,0.12,1.2066666666666666,0.12,1.4077777777777778,0.28,372.0,,,,,,,
S5_低重叠高漂移,44,oot,L2_加粗粒度标记_LR,logistic,2412.0,724.0,0.6009728183118741,0.18912732474964244,2.413333333333333,0.12,1.2066666666666666,0.12,1.2066666666666666,0.24,0.0,,,,,,,
S5_低重叠高漂移,44,oot,L4_集中式_LR,logistic,2412.0,724.0,0.8230615164520744,0.5238340486409155,5.631111111111111,0.28,4.826666666666666,0.48,3.2177777777777776,0.64,0.0,,,,,,,
S5_低重叠高漂移,44,oot,L0_内地单方_GBDT,gbdt,2412.0,724.0,0.6416022889842633,0.2523032904148784,2.413333333333333,0.12,2.011111111111111,0.2,1.6088888888888888,0.32,0.0,60.0,0.0,0.0,,,,
S5_低重叠高漂移,44,oot,L4_集中式_GBDT,gbdt,2412.0,724.0,0.8615164520743919,0.6397711015736767,7.239999999999999,0.36,5.228888888888888,0.52,4.022222222222222,0.8,743154.0,60.0,374.0,374.0,,,,
S5_低重叠高漂移,44,oot,L3a_联邦LR,federated_logistic,2412.0,724.0,0.8192274678111588,0.4996280400572246,7.239999999999999,0.36,4.826666666666666,0.48,3.0166666666666666,0.6,1350400.0,400.0,,,,,,
S5_低重叠高漂移,44,oot,L3b_纵向GBDT,vertical_gbdt,2412.0,724.0,0.8615164520743919,0.6397711015736767,7.239999999999999,0.36,5.228888888888888,0.52,4.022222222222222,0.8,743154.0,60.0,374.0,374.0,,,,
S5_低重叠高漂移,44,oot,L3c_SplitNN_形态A双向,splitnn,2412.0,724.0,0.648755364806867,0.25390557939914166,3.2177777777777776,0.16,3.2177777777777776,0.32,2.011111111111111,0.4,147456.0,72.0,,,1.0,,,
S5_低重叠高漂移,44,oot,L3c_SplitNN_形态B自监督,splitnn,2412.0,724.0,0.5605150214592275,0.13693848354792562,2.413333333333333,0.12,2.011111111111111,0.2,1.4077777777777778,0.28,73728.0,72.0,,,0.0,,,
S5_低重叠高漂移,44,oot,L3c_SplitNN_形态B随机,splitnn,2412.0,724.0,0.608354792560801,0.20114449213161661,4.022222222222222,0.2,2.8155555555555556,0.28,1.6088888888888888,0.32,73728.0,72.0,,,0.0,,,
S5_低重叠高漂移,44,oot,L0_内地单方_UPLIFT,t_learner,2412.0,724.0,,,,,,,,,,,,,,0.00845374269471273,0.16286388670338317,
S5_低重叠高漂移,44,oot,L1_加k匿名统计_UPLIFT,t_learner,2412.0,724.0,,,,,,,,,,,,,,0.010955122139008941,0.175,
S5_低重叠高漂移,44,oot,L2_加粗粒度标记_UPLIFT,t_learner,2412.0,724.0,,,,,,,,,,,,,,0.00848288777222323,0.17777777777777778,
S5_低重叠高漂移,44,oot,L4_集中式_UPLIFT,t_learner,2412.0,724.0,,,,,,,,,,,,,,0.009738905028650066,0.0904799370574351,
S5_低重叠高漂移,44,oot,OVERLAP_L1_vs_L3a_联邦LR,top_k_overlap,,,,,,,,,,,,,,,,,,0.4305555555555556
S5_低重叠高漂移,44,oot,OVERLAP_L1_vs_L3b_纵向GBDT,top_k_overlap,,,,,,,,,,,,,,,,,,0.4305555555555556
S5_低重叠高漂移,44,oot,OVERLAP_L1_vs_L3c_SplitNN_形态A双向,top_k_overlap,,,,,,,,,,,,,,,,,,0.4166666666666667
S5_低重叠高漂移,55,random,L0_内地单方_LR,logistic,2369.0,711.0,0.6882716049382714,0.4298245614035088,0.7523809523809524,0.037037037037037035,1.483568075117371,0.14814814814814814,2.596244131455399,0.5185185185185185,0.0,,,,,,,
S5_低重叠高漂移,55,random,L1_加k匿名统计_LR,logistic,2369.0,711.0,0.645982239549491,0.3201754385964912,0.7523809523809524,0.037037037037037035,1.8544600938967137,0.18518518518518517,2.0399061032863846,0.4074074074074074,384.0,,,,,,,
S5_低重叠高漂移,55,random,L2_加粗粒度标记_LR,logistic,2369.0,711.0,0.7014836473900802,0.4049707602339181,2.257142857142857,0.1111111111111111,2.967136150234742,0.2962962962962963,2.596244131455399,0.5185185185185185,0.0,,,,,,,
S5_低重叠高漂移,55,random,L4_集中式_LR,logistic,2369.0,711.0,0.7538986354775827,0.48196881091617927,6.019047619047619,0.2962962962962963,5.192488262910798,0.5185185185185185,2.7816901408450705,0.5555555555555556,0.0,,,,,,,
S5_低重叠高漂移,55,random,L0_内地单方_GBDT,gbdt,2369.0,711.0,0.6845895603205544,0.43323586744639375,2.257142857142857,0.1111111111111111,2.225352112676056,0.2222222222222222,2.225352112676056,0.4444444444444444,0.0,60.0,0.0,0.0,,,,
S5_低重叠高漂移,55,random,L4_集中式_GBDT,gbdt,2369.0,711.0,0.6906541043967944,0.40204678362573093,3.7619047619047614,0.18518518518518517,2.967136150234742,0.2962962962962963,2.7816901408450705,0.5555555555555556,734648.0,60.0,378.0,378.0,,,,
S5_低重叠高漂移,55,random,L3a_联邦LR,federated_logistic,2369.0,711.0,0.7401992635910764,0.43177387914230014,3.7619047619047614,0.18518518518518517,3.3380281690140845,0.3333333333333333,2.967136150234742,0.5925925925925926,1326400.0,400.0,,,,,,
S5_低重叠高漂移,55,random,L3b_纵向GBDT,vertical_gbdt,2369.0,711.0,0.6906541043967944,0.40204678362573093,3.7619047619047614,0.18518518518518517,2.967136150234742,0.2962962962962963,2.7816901408450705,0.5555555555555556,734648.0,60.0,378.0,378.0,,,,
S5_低重叠高漂移,55,random,L3c_SplitNN_形态A双向,splitnn,2369.0,711.0,0.6320121290881524,0.25487329434697853,2.257142857142857,0.1111111111111111,1.483568075117371,0.14814814814814814,1.6690140845070423,0.3333333333333333,147456.0,72.0,,,1.0,,,
S5_低重叠高漂移,55,random,L3c_SplitNN_形态B自监督,splitnn,2369.0,711.0,0.5909681611435997,0.21734892787524368,2.257142857142857,0.1111111111111111,1.8544600938967137,0.18518518518518517,1.483568075117371,0.2962962962962963,73728.0,72.0,,,0.0,,,
S5_低重叠高漂移,55,random,L3c_SplitNN_形态B随机,splitnn,2369.0,711.0,0.6061836690491661,0.2392787524366472,1.5047619047619047,0.07407407407407407,1.8544600938967137,0.18518518518518517,1.6690140845070423,0.3333333333333333,73728.0,72.0,,,0.0,,,
S5_低重叠高漂移,55,random,L0_内地单方_UPLIFT,t_learner,2369.0,711.0,,,,,,,,,,,,,,0.0009923154002466072,0.017886178861788615,
S5_低重叠高漂移,55,random,L1_加k匿名统计_UPLIFT,t_learner,2369.0,711.0,,,,,,,,,,,,,,0.0003418752984042705,0.03418124006359301,
S5_低重叠高漂移,55,random,L2_加粗粒度标记_UPLIFT,t_learner,2369.0,711.0,,,,,,,,,,,,,,0.0005123468441430608,0.017886178861788615,
S5_低重叠高漂移,55,random,L4_集中式_UPLIFT,t_learner,2369.0,711.0,,,,,,,,,,,,,,0.0010376563137438042,0.04226475279106859,
S5_低重叠高漂移,55,random,OVERLAP_L1_vs_L3a_联邦LR,top_k_overlap,,,,,,,,,,,,,,,,,,0.5492957746478874
S5_低重叠高漂移,55,random,OVERLAP_L1_vs_L3b_纵向GBDT,top_k_overlap,,,,,,,,,,,,,,,,,,0.39436619718309857
S5_低重叠高漂移,55,random,OVERLAP_L1_vs_L3c_SplitNN_形态A双向,top_k_overlap,,,,,,,,,,,,,,,,,,0.2676056338028169
S5_低重叠高漂移,55,oot,L0_内地单方_LR,logistic,2369.0,711.0,0.7618595825426946,0.5196869070208728,2.6211981566820275,0.12903225806451613,2.584279872785098,0.25806451612903225,2.745797364834166,0.5483870967741935,0.0,,,,,,,
S5_低重叠高漂移,55,oot,L1_加k匿名统计_LR,logistic,2369.0,711.0,0.7453510436432638,0.4860531309297913,3.2764976958525343,0.16129032258064516,1.9382099045888233,0.1935483870967742,2.584279872785098,0.5161290322580645,384.0,,,,,,,
S5_低重叠高漂移,55,oot,L2_加粗粒度标记_LR,logistic,2369.0,711.0,0.7786053130929791,0.49606261859582546,4.587096774193549,0.22580645161290322,4.199454793275784,0.41935483870967744,2.907314856883235,0.5806451612903226,0.0,,,,,,,
S5_低重叠高漂移,55,oot,L4_集中式_LR,logistic,2369.0,711.0,0.8308349146110057,0.5471537001897533,3.9317972350230415,0.1935483870967742,4.522489777373921,0.45161290322580644,3.068832348932303,0.6129032258064516,0.0,,,,,,,
S5_低重叠高漂移,55,oot,L0_内地单方_GBDT,gbdt,2369.0,711.0,0.652134724857685,0.31067362428842504,1.9658986175115207,0.0967741935483871,1.6151749204906862,0.16129032258064516,1.4536574284416175,0.2903225806451613,0.0,60.0,0.0,0.0,,,,
S5_低重叠高漂移,55,oot,L4_集中式_GBDT,gbdt,2369.0,711.0,0.7218216318785579,0.390370018975332,3.2764976958525343,0.16129032258064516,2.907314856883235,0.2903225806451613,2.099727396637892,0.41935483870967744,730288.0,60.0,368.0,368.0,,,,
S5_低重叠高漂移,55,oot,L3a_联邦LR,federated_logistic,2369.0,711.0,0.8479127134724858,0.5373339658444023,4.587096774193549,0.22580645161290322,4.845524761472058,0.4838709677419355,3.553384825079509,0.7096774193548387,1326400.0,400.0,,,,,,
S5_低重叠高漂移,55,oot,L3b_纵向GBDT,vertical_gbdt,2369.0,711.0,0.7218216318785579,0.390370018975332,3.2764976958525343,0.16129032258064516,2.907314856883235,0.2903225806451613,2.099727396637892,0.41935483870967744,730288.0,60.0,368.0,368.0,,,,
S5_低重叠高漂移,55,oot,L3c_SplitNN_形态A双向,splitnn,2369.0,711.0,0.7097722960151802,0.37191650853889935,1.9658986175115207,0.0967741935483871,2.584279872785098,0.25806451612903225,2.745797364834166,0.5483870967741935,147456.0,72.0,,,1.0,,,
S5_低重叠高漂移,55,oot,L3c_SplitNN_形态B自监督,splitnn,2369.0,711.0,0.6711100569259962,0.29397533206831117,0.6552995391705069,0.03225806451612903,1.9382099045888233,0.1935483870967742,2.099727396637892,0.41935483870967744,73728.0,72.0,,,0.0,,,
S5_低重叠高漂移,55,oot,L3c_SplitNN_形态B随机,splitnn,2369.0,711.0,0.6926944971537001,0.31475332068311196,3.2764976958525343,0.16129032258064516,1.9382099045888233,0.1935483870967742,2.422762380736029,0.4838709677419355,73728.0,72.0,,,0.0,,,
S5_低重叠高漂移,55,oot,L0_内地单方_UPLIFT,t_learner,2369.0,711.0,,,,,,,,,,,,,,0.0020628050607082614,0.07308970099667773,
S5_低重叠高漂移,55,oot,L1_加k匿名统计_UPLIFT,t_learner,2369.0,711.0,,,,,,,,,,,,,,0.0010649861789869927,0.07717569786535305,
S5_低重叠高漂移,55,oot,L2_加粗粒度标记_UPLIFT,t_learner,2369.0,711.0,,,,,,,,,,,,,,0.0019454253959295142,0.00574712643678163,
S5_低重叠高漂移,55,oot,L4_集中式_UPLIFT,t_learner,2369.0,711.0,,,,,,,,,,,,,,0.0012354623990135348,0.041335453100158986,
S5_低重叠高漂移,55,oot,OVERLAP_L1_vs_L3a_联邦LR,top_k_overlap,,,,,,,,,,,,,,,,,,0.5352112676056338
S5_低重叠高漂移,55,oot,OVERLAP_L1_vs_L3b_纵向GBDT,top_k_overlap,,,,,,,,,,,,,,,,,,0.2535211267605634
S5_低重叠高漂移,55,oot,OVERLAP_L1_vs_L3c_SplitNN_形态A双向,top_k_overlap,,,,,,,,,,,,,,,,,,0.3380281690140845
S6_匹配噪声,11,random,L0_内地单方_LR,logistic,7236.0,2171.0,0.6562259244992295,0.2446070878274268,2.3849654739485247,0.11864406779661017,2.5435444817620874,0.2542372881355932,1.8652659532921971,0.3728813559322034,0.0,,,,,,,
S6_匹配噪声,11,random,L1_加k匿名统计_LR,logistic,7236.0,2171.0,0.6491958782742682,0.23306689779147416,2.7256748273697426,0.13559322033898305,2.204405217527142,0.22033898305084745,1.6109115051159884,0.3220338983050847,384.0,,,,,,,
S6_匹配噪声,11,random,L2_加粗粒度标记_LR,logistic,7236.0,2171.0,0.6501909989727788,0.23675044940934775,2.7256748273697426,0.13559322033898305,2.03483558540967,0.2033898305084746,1.7804811372334608,0.3559322033898305,0.0,,,,,,,
S6_匹配噪声,11,random,L4_集中式_LR,logistic,7236.0,2171.0,0.6730306240369799,0.33619831792501287,1.703546767106089,0.0847457627118644,2.204405217527142,0.22033898305084745,1.8652659532921971,0.3728813559322034,0.0,,,,,,,
S6_匹配噪声,11,random,L0_内地单方_GBDT,gbdt,7236.0,2171.0,0.5997046738572162,0.18472329224447867,2.7256748273697426,0.13559322033898305,1.8652659532921971,0.1864406779661017,1.6109115051159884,0.3220338983050847,0.0,60.0,0.0,0.0,,,,
S6_匹配噪声,11,random,L4_集中式_GBDT,gbdt,7236.0,2171.0,0.6348468798151001,0.26243900873138154,2.3849654739485247,0.11864406779661017,2.03483558540967,0.2033898305084746,1.7804811372334608,0.3559322033898305,1984680.0,60.0,420.0,420.0,,,,
S6_匹配噪声,11,random,L3a_联邦LR,federated_logistic,7236.0,2171.0,0.6731750770416025,0.33335740883410375,1.703546767106089,0.0847457627118644,2.03483558540967,0.2033898305084746,1.8652659532921971,0.3728813559322034,4052000.0,400.0,,,,,,
S6_匹配噪声,11,random,L3b_纵向GBDT,vertical_gbdt,7236.0,2171.0,0.6348468798151001,0.26243900873138154,2.3849654739485247,0.11864406779661017,2.03483558540967,0.2033898305084746,1.7804811372334608,0.3559322033898305,1984680.0,60.0,420.0,420.0,,,,
S6_匹配噪声,11,random,L3c_SplitNN_形态A双向,splitnn,7236.0,2171.0,0.6154019003595275,0.19376765536723173,1.703546767106089,0.0847457627118644,1.5261266890572522,0.15254237288135594,1.8652659532921971,0.3728813559322034,466944.0,228.0,,,1.0,,,
S6_匹配噪声,11,random,L3c_SplitNN_形态B自监督,splitnn,7236.0,2171.0,0.6733676810477658,0.27313655624036975,3.06638418079096,0.15254237288135594,1.6956963211747247,0.1694915254237288,2.119620401468406,0.423728813559322,233472.0,228.0,,,0.0,,,
S6_匹配噪声,11,random,L3c_SplitNN_形态B随机,splitnn,7236.0,2171.0,0.6440677966101696,0.2632896764252697,2.3849654739485247,0.11864406779661017,2.3739748496446142,0.23728813559322035,1.6109115051159884,0.3220338983050847,233472.0,228.0,,,0.0,,,
S6_匹配噪声,11,random,L0_内地单方_UPLIFT,t_learner,7236.0,2171.0,,,,,,,,,,,,,,0.0037417168820200763,-0.006998975759644935,
S6_匹配噪声,11,random,L1_加k匿名统计_UPLIFT,t_learner,7236.0,2171.0,,,,,,,,,,,,,,0.0036517249093804146,-0.01157249829816201,
S6_匹配噪声,11,random,L2_加粗粒度标记_UPLIFT,t_learner,7236.0,2171.0,,,,,,,,,,,,,,0.005011827280189092,0.07083333333333333,
S6_匹配噪声,11,random,L4_集中式_UPLIFT,t_learner,7236.0,2171.0,,,,,,,,,,,,,,0.007037135824235903,0.05762304921968786,
S6_匹配噪声,11,random,OVERLAP_L1_vs_L3a_联邦LR,top_k_overlap,,,,,,,,,,,,,,,,,,0.47465437788018433
S6_匹配噪声,11,random,OVERLAP_L1_vs_L3b_纵向GBDT,top_k_overlap,,,,,,,,,,,,,,,,,,0.2903225806451613
S6_匹配噪声,11,random,OVERLAP_L1_vs_L3c_SplitNN_形态A双向,top_k_overlap,,,,,,,,,,,,,,,,,,0.391705069124424
S6_匹配噪声,11,oot,L0_内地单方_LR,logistic,7236.0,2171.0,0.6830380071905495,0.28741332819722654,2.0442561205273067,0.1016949152542373,2.3739748496446142,0.23728813559322035,2.119620401468406,0.423728813559322,0.0,,,,,,,
S6_匹配噪声,11,oot,L1_加k匿名统计_LR,logistic,7236.0,2171.0,0.6789852978941963,0.27113026450950184,2.0442561205273067,0.1016949152542373,2.3739748496446142,0.23728813559322035,1.8652659532921971,0.3728813559322034,384.0,,,,,,,
S6_匹配噪声,11,oot,L2_加粗粒度标记_LR,logistic,7236.0,2171.0,0.6927966101694916,0.32738668464304055,1.0221280602636533,0.05084745762711865,1.3565570569397798,0.13559322033898305,2.03483558540967,0.4067796610169492,0.0,,,,,,,
S6_匹配噪声,11,oot,L4_集中式_LR,logistic,7236.0,2171.0,0.742961928608115,0.3793737159732923,3.407093534212178,0.1694915254237288,3.3913926423494494,0.3389830508474576,2.5435444817620874,0.5084745762711864,0.0,,,,,,,
S6_匹配噪声,11,oot,L0_内地单方_GBDT,gbdt,7236.0,2171.0,0.6704545454545455,0.27645095017976373,2.3849654739485247,0.11864406779661017,1.6956963211747247,0.1694915254237288,1.7804811372334608,0.3559322033898305,0.0,60.0,0.0,0.0,,,,
S6_匹配噪声,11,oot,L4_集中式_GBDT,gbdt,7236.0,2171.0,0.7211174242424243,0.3420566897791474,3.407093534212178,0.1694915254237288,2.882683745997032,0.288135593220339,2.3739748496446142,0.4745762711864407,1974906.0,60.0,402.0,402.0,,,,
S6_匹配噪声,11,oot,L3a_联邦LR,federated_logistic,7236.0,2171.0,0.74285760143811,0.3882736260914227,3.407093534212178,0.1694915254237288,3.3913926423494494,0.3389830508474576,2.5435444817620874,0.5084745762711864,4052000.0,400.0,,,,,,
S6_匹配噪声,11,oot,L3b_纵向GBDT,vertical_gbdt,7236.0,2171.0,0.7211174242424243,0.3420566897791474,3.407093534212178,0.1694915254237288,2.882683745997032,0.288135593220339,2.3739748496446142,0.4745762711864407,1974906.0,60.0,402.0,402.0,,,,
S6_匹配噪声,11,oot,L3c_SplitNN_形态A双向,splitnn,7236.0,2171.0,0.7035182331792501,0.3127166795069337,4.088512241054613,0.2033898305084746,2.882683745997032,0.288135593220339,2.03483558540967,0.4067796610169492,466944.0,228.0,,,1.0,,,
S6_匹配噪声,11,oot,L3c_SplitNN_形态B自监督,splitnn,7236.0,2171.0,0.6226406009244992,0.1915928351309708,2.7256748273697426,0.13559322033898305,2.204405217527142,0.22033898305084745,1.6109115051159884,0.3220338983050847,233472.0,228.0,,,0.0,,,
S6_匹配噪声,11,oot,L3c_SplitNN_形态B随机,splitnn,7236.0,2171.0,0.6623651771956858,0.29916217257318944,2.0442561205273067,0.1016949152542373,2.03483558540967,0.2033898305084746,1.5261266890572522,0.3050847457627119,233472.0,228.0,,,0.0,,,
S6_匹配噪声,11,oot,L0_内地单方_UPLIFT,t_learner,7236.0,2171.0,,,,,,,,,,,,,,0.004233680220885422,-0.0023112480739599373,
S6_匹配噪声,11,oot,L1_加k匿名统计_UPLIFT,t_learner,7236.0,2171.0,,,,,,,,,,,,,,0.004205644861438402,0.011426116838487974,
S6_匹配噪声,11,oot,L2_加粗粒度标记_UPLIFT,t_learner,7236.0,2171.0,,,,,,,,,,,,,,0.005759713755565414,0.04164541900390957,
S6_匹配噪声,11,oot,L4_集中式_UPLIFT,t_learner,7236.0,2171.0,,,,,,,,,,,,,,0.008372255977833594,0.11932888204074645,
S6_匹配噪声,11,oot,OVERLAP_L1_vs_L3a_联邦LR,top_k_overlap,,,,,,,,,,,,,,,,,,0.5253456221198156
S6_匹配噪声,11,oot,OVERLAP_L1_vs_L3b_纵向GBDT,top_k_overlap,,,,,,,,,,,,,,,,,,0.4423963133640553
S6_匹配噪声,11,oot,OVERLAP_L1_vs_L3c_SplitNN_形态A双向,top_k_overlap,,,,,,,,,,,,,,,,,,0.4930875576036866
S6_匹配噪声,22,random,L0_内地单方_LR,logistic,7169.0,2151.0,0.7509458144813848,0.4156410691950154,5.187820319565872,0.25806451612903225,4.195498874718679,0.41935483870967744,2.985258814703676,0.5967741935483871,0.0,,,,,,,
S6_匹配噪声,22,random,L1_加k匿名统计_LR,logistic,7169.0,2151.0,0.7509689772850106,0.4087539955836254,5.187820319565872,0.25806451612903225,3.872768192048012,0.3870967741935484,2.8238934733683423,0.5645161290322581,384.0,,,,,,,
S6_匹配噪声,22,random,L2_加粗粒度标记_LR,logistic,7169.0,2151.0,0.7499189301873098,0.39266356799827057,5.512059089538739,0.27419354838709675,4.195498874718679,0.41935483870967744,2.8238934733683423,0.5645161290322581,0.0,,,,,,,
S6_匹配噪声,22,random,L4_集中式_LR,logistic,7169.0,2151.0,0.8290585092419587,0.5230624314767058,6.48477539945734,0.3225806451612903,4.8409602400600145,0.4838709677419355,3.3079894973743436,0.6612903225806451,0.0,,,,,,,
S6_匹配噪声,22,random,L0_内地单方_GBDT,gbdt,7169.0,2151.0,0.7323769669080745,0.3450871693509782,4.863581549593005,0.24193548387096775,3.872768192048012,0.3870967741935484,2.6625281320330085,0.532258064516129,0.0,60.0,0.0,0.0,,,,
S6_匹配噪声,22,random,L4_集中式_GBDT,gbdt,7169.0,2151.0,0.7918050000772093,0.5016291171883445,4.863581549593005,0.24193548387096775,3.2273068267066765,0.3225806451612903,2.985258814703676,0.5967741935483871,1967760.0,60.0,420.0,420.0,,,,
S6_匹配噪声,22,random,L3a_联邦LR,federated_logistic,7169.0,2151.0,0.828757392794824,0.5225837335351071,6.48477539945734,0.3225806451612903,4.8409602400600145,0.4838709677419355,3.3079894973743436,0.6612903225806451,4014400.0,400.0,,,,,,
S6_匹配噪声,22,random,L3b_纵向GBDT,vertical_gbdt,7169.0,2151.0,0.7918050000772093,0.5016291171883445,4.863581549593005,0.24193548387096775,3.2273068267066765,0.3225806451612903,2.985258814703676,0.5967741935483871,1967760.0,60.0,420.0,420.0,,,,
S6_匹配噪声,22,random,L3c_SplitNN_形态A双向,splitnn,7169.0,2151.0,0.822796831328464,0.520082150743526,6.160536629484473,0.3064516129032258,5.325056264066017,0.532258064516129,3.2273068267066765,0.6451612903225806,466944.0,228.0,,,1.0,,,
S6_匹配噪声,22,random,L3c_SplitNN_形态B自监督,splitnn,7169.0,2151.0,0.8182569218178168,0.49996911626183227,6.809014169430207,0.3387096774193548,4.8409602400600145,0.4838709677419355,3.3079894973743436,0.6612903225806451,233472.0,228.0,,,0.0,,,
S6_匹配噪声,22,random,L3c_SplitNN_形态B随机,splitnn,7169.0,2151.0,0.7762087123025371,0.4663135625936163,4.215104009647272,0.20967741935483872,4.034133533383345,0.4032258064516129,3.14662415603901,0.6290322580645161,233472.0,228.0,,,0.0,,,
S6_匹配噪声,22,random,L0_内地单方_UPLIFT,t_learner,7169.0,2151.0,,,,,,,,,,,,,,0.0067822098549899235,0.04351595006934813,
S6_匹配噪声,22,random,L1_加k匿名统计_UPLIFT,t_learner,7169.0,2151.0,,,,,,,,,,,,,,0.007621431099706143,0.024242424242424246,
S6_匹配噪声,22,random,L2_加粗粒度标记_UPLIFT,t_learner,7169.0,2151.0,,,,,,,,,,,,,,0.006183677315817472,0.03376623376623377,
S6_匹配噪声,22,random,L4_集中式_UPLIFT,t_learner,7169.0,2151.0,,,,,,,,,,,,,,0.008485184591803323,0.11032741205154999,
S6_匹配噪声,22,random,OVERLAP_L1_vs_L3a_联邦LR,top_k_overlap,,,,,,,,,,,,,,,,,,0.4418604651162791
S6_匹配噪声,22,random,OVERLAP_L1_vs_L3b_纵向GBDT,top_k_overlap,,,,,,,,,,,,,,,,,,0.3674418604651163
S6_匹配噪声,22,random,OVERLAP_L1_vs_L3c_SplitNN_形态A双向,top_k_overlap,,,,,,,,,,,,,,,,,,0.4232558139534884
S6_匹配噪声,22,oot,L0_内地单方_LR,logistic,7169.0,2151.0,0.7519920139575877,0.458477975430329,4.172280021160289,0.20754716981132076,3.5865730583589293,0.3584905660377358,3.209039052215884,0.6415094339622641,0.0,,,,,,,
S6_匹配噪声,22,oot,L1_加k匿名统计_LR,logistic,7169.0,2151.0,0.7528104034390346,0.4641977085094519,4.172280021160289,0.20754716981132076,3.209039052215884,0.32075471698113206,3.209039052215884,0.6415094339622641,384.0,,,,,,,
S6_匹配噪声,22,oot,L2_加粗粒度标记_LR,logistic,7169.0,2151.0,0.7528553698940591,0.4439807903304135,4.551578204902134,0.22641509433962265,3.5865730583589293,0.3584905660377358,3.0202720491443613,0.6037735849056604,0.0,,,,,,,
S6_匹配噪声,22,oot,L4_集中式_LR,logistic,7169.0,2151.0,0.8243070669280717,0.5126265805708942,7.585963674836889,0.37735849056603776,4.907942079859588,0.49056603773584906,3.209039052215884,0.6415094339622641,0.0,,,,,,,
S6_匹配噪声,22,oot,L0_内地单方_GBDT,gbdt,7169.0,2151.0,0.7286454305088405,0.38881594330629354,3.0343854699347554,0.1509433962264151,2.453971039929794,0.24528301886792453,2.3595875383940323,0.4716981132075472,0.0,60.0,0.0,0.0,,,,
S6_匹配噪声,22,oot,L4_集中式_GBDT,gbdt,7169.0,2151.0,0.7919402126013994,0.47417126823389744,4.930876388643978,0.24528301886792453,3.7753400614304518,0.37735849056603776,2.9258885476086003,0.5849056603773585,1967760.0,60.0,420.0,420.0,,,,
S6_匹配噪声,22,oot,L3a_联邦LR,federated_logistic,7169.0,2151.0,0.8240822346529489,0.5154864471104557,7.965261858578733,0.39622641509433965,4.907942079859588,0.49056603773584906,3.1146555506801232,0.6226415094339622,4014400.0,400.0,,,,,,
S6_匹配噪声,22,oot,L3b_纵向GBDT,vertical_gbdt,7169.0,2151.0,0.7919402126013994,0.47417126823389744,4.930876388643978,0.24528301886792453,3.7753400614304518,0.37735849056603776,2.9258885476086003,0.5849056603773585,1967760.0,60.0,420.0,420.0,,,,
S6_匹配噪声,22,oot,L3c_SplitNN_形态A双向,splitnn,7169.0,2151.0,0.8083619619763657,0.5151267154702592,4.930876388643978,0.24528301886792453,4.907942079859588,0.49056603773584906,3.3978060552874068,0.6792452830188679,466944.0,228.0,,,1.0,,,
S6_匹配噪声,22,oot,L3c_SplitNN_形态B自监督,splitnn,7169.0,2151.0,0.7572890623594798,0.40497688724211733,4.172280021160289,0.20754716981132076,3.9641070645019743,0.39622641509433965,2.9258885476086003,0.5849056603773585,233472.0,228.0,,,0.0,,,
S6_匹配噪声,22,oot,L3c_SplitNN_形态B随机,splitnn,7169.0,2151.0,0.7319189884346278,0.40565138406748563,3.7929818374184445,0.18867924528301888,3.7753400614304518,0.37735849056603776,2.737121544537078,0.5471698113207547,233472.0,228.0,,,0.0,,,
S6_匹配噪声,22,oot,L0_内地单方_UPLIFT,t_learner,7169.0,2151.0,,,,,,,,,,,,,,0.0017234999656284074,0.010746112178927139,
S6_匹配噪声,22,oot,L1_加k匿名统计_UPLIFT,t_learner,7169.0,2151.0,,,,,,,,,,,,,,0.0022665605238459266,0.017507002801120455,
S6_匹配噪声,22,oot,L2_加粗粒度标记_UPLIFT,t_learner,7169.0,2151.0,,,,,,,,,,,,,,0.002914646220155503,0.013852813852813853,
S6_匹配噪声,22,oot,L4_集中式_UPLIFT,t_learner,7169.0,2151.0,,,,,,,,,,,,,,0.004284956306777807,0.12025426680599094,
S6_匹配噪声,22,oot,OVERLAP_L1_vs_L3a_联邦LR,top_k_overlap,,,,,,,,,,,,,,,,,,0.48372093023255813
S6_匹配噪声,22,oot,OVERLAP_L1_vs_L3b_纵向GBDT,top_k_overlap,,,,,,,,,,,,,,,,,,0.42790697674418604
S6_匹配噪声,22,oot,OVERLAP_L1_vs_L3c_SplitNN_形态A双向,top_k_overlap,,,,,,,,,,,,,,,,,,0.46511627906976744
S6_匹配噪声,33,random,L0_内地单方_LR,logistic,7289.0,2187.0,0.6904291905062998,0.3005567293308452,1.6446082117611671,0.08196721311475409,2.1379906752895175,0.21311475409836064,2.2151404884270547,0.4426229508196721,0.0,,,,,,,
S6_匹配噪声,33,random,L1_加k匿名统计_LR,logistic,7289.0,2187.0,0.6929815091837207,0.32003454497786965,2.302451496465634,0.11475409836065574,1.9735298541134005,0.19672131147540983,2.297182728739168,0.45901639344262296,384.0,,,,,,,
S6_匹配噪声,33,random,L2_加粗粒度标记_LR,logistic,7289.0,2187.0,0.7050028530450473,0.33527905864935303,2.6313731388178674,0.13114754098360656,2.6313731388178674,0.26229508196721313,2.461267209363394,0.4918032786885246,0.0,,,,,,,
S6_匹配噪声,33,random,L4_集中式_LR,logistic,7289.0,2187.0,0.7924679610752126,0.45159847631972605,5.920589562340202,0.29508196721311475,4.275981350579035,0.4262295081967213,3.0355628915481865,0.6065573770491803,0.0,,,,,,,
S6_匹配噪声,33,random,L0_内地单方_GBDT,gbdt,7289.0,2187.0,0.6452585475687429,0.25181592461792335,1.9735298541134005,0.09836065573770492,1.8090690329372838,0.18032786885245902,1.6408448062422627,0.32786885245901637,0.0,60.0,0.0,0.0,,,,
S6_匹配噪声,33,random,L4_集中式_GBDT,gbdt,7289.0,2187.0,0.7622025507764909,0.4299307558256095,5.920589562340202,0.29508196721311475,3.453677244698451,0.3442622950819672,2.461267209363394,0.4918032786885246,1998000.0,60.0,420.0,420.0,,,,
S6_匹配噪声,33,random,L3a_联邦LR,federated_logistic,7289.0,2187.0,0.7927686874450596,0.4487762750026988,5.920589562340202,0.29508196721311475,4.275981350579035,0.4262295081967213,3.0355628915481865,0.6065573770491803,4081600.0,400.0,,,,,,
S6_匹配噪声,33,random,L3b_纵向GBDT,vertical_gbdt,7289.0,2187.0,0.7622025507764909,0.4299307558256095,5.920589562340202,0.29508196721311475,3.453677244698451,0.3442622950819672,2.461267209363394,0.4918032786885246,1998000.0,60.0,420.0,420.0,,,,
S6_匹配噪声,33,random,L3c_SplitNN_形态A双向,splitnn,7289.0,2187.0,0.7736764184260444,0.45320235029224437,4.604902992931268,0.22950819672131148,3.947059708226801,0.39344262295081966,2.7894361706118467,0.5573770491803278,466944.0,228.0,,,1.0,,,
S6_匹配噪声,33,random,L3c_SplitNN_形态B自监督,splitnn,7289.0,2187.0,0.6980861465385624,0.30752741236525144,4.933824635283502,0.2459016393442623,3.7825988870506846,0.3770491803278688,2.2151404884270547,0.4426229508196721,233472.0,228.0,,,0.0,,,
S6_匹配噪声,33,random,L3c_SplitNN_形态B随机,splitnn,7289.0,2187.0,0.6972919204848634,0.32876332063599767,4.275981350579035,0.21311475409836064,3.1247556023462177,0.3114754098360656,2.379224969051281,0.47540983606557374,233472.0,228.0,,,0.0,,,
S6_匹配噪声,33,random,L0_内地单方_UPLIFT,t_learner,7289.0,2187.0,,,,,,,,,,,,,,0.008785655775768933,0.06247361756015196,
S6_匹配噪声,33,random,L1_加k匿名统计_UPLIFT,t_learner,7289.0,2187.0,,,,,,,,,,,,,,0.008849508264628117,0.10183996576807874,
S6_匹配噪声,33,random,L2_加粗粒度标记_UPLIFT,t_learner,7289.0,2187.0,,,,,,,,,,,,,,0.00666096946620335,0.07048681541582151,
S6_匹配噪声,33,random,L4_集中式_UPLIFT,t_learner,7289.0,2187.0,,,,,,,,,,,,,,0.00928774152976389,0.139401601348504,
S6_匹配噪声,33,random,OVERLAP_L1_vs_L3a_联邦LR,top_k_overlap,,,,,,,,,,,,,,,,,,0.48623853211009177
S6_匹配噪声,33,random,OVERLAP_L1_vs_L3b_纵向GBDT,top_k_overlap,,,,,,,,,,,,,,,,,,0.40825688073394495
S6_匹配噪声,33,random,OVERLAP_L1_vs_L3c_SplitNN_形态A双向,top_k_overlap,,,,,,,,,,,,,,,,,,0.5045871559633027
S6_匹配噪声,33,oot,L0_内地单方_LR,logistic,7289.0,2187.0,0.6799989767334775,0.29196352054847086,3.5247954376394746,0.17567567567567569,2.440242995288867,0.24324324324324326,2.0288824293400953,0.40540540540540543,0.0,,,,,,,
S6_匹配噪声,33,oot,L1_加k匿名统计_LR,logistic,7289.0,2187.0,0.6750489249306099,0.30784973331116255,2.982519216464171,0.14864864864864866,2.711381105876519,0.2702702702702703,2.0965118436514314,0.4189189189189189,384.0,,,,,,,
S6_匹配噪声,33,oot,L2_加粗粒度标记_LR,logistic,7289.0,2187.0,0.6923293383302848,0.31106023202568395,3.5247954376394746,0.17567567567567569,2.711381105876519,0.2702702702702703,2.2994000865854414,0.4594594594594595,0.0,,,,,,,
S6_匹配噪声,33,oot,L4_集中式_LR,logistic,7289.0,2187.0,0.7620201839321574,0.40323735946073846,5.151624101165386,0.25675675675675674,3.6603644929333004,0.36486486486486486,2.772805986764797,0.5540540540540541,0.0,,,,,,,
S6_匹配噪声,33,oot,L0_内地单方_GBDT,gbdt,7289.0,2187.0,0.6539920185211241,0.2813535257927118,1.6268286635259113,0.08108108108108109,2.1691048847012153,0.21621621621621623,2.231770672274105,0.44594594594594594,0.0,60.0,0.0,0.0,,,,
S6_匹配噪声,33,oot,L4_集中式_GBDT,gbdt,7289.0,2187.0,0.7434351057162226,0.4005512848390274,5.151624101165386,0.25675675675675674,3.5247954376394746,0.35135135135135137,2.637547158142124,0.527027027027027,1998000.0,60.0,420.0,420.0,,,,
S6_匹配噪声,33,oot,L3a_联邦LR,federated_logistic,7289.0,2187.0,0.7621608830790091,0.4041838809941034,5.151624101165386,0.25675675675675674,3.6603644929333004,0.36486486486486486,2.772805986764797,0.5540540540540541,4081600.0,400.0,,,,,,
S6_匹配噪声,33,oot,L3b_纵向GBDT,vertical_gbdt,7289.0,2187.0,0.7434351057162226,0.4005512848390274,5.151624101165386,0.25675675675675674,3.5247954376394746,0.35135135135135137,2.637547158142124,0.527027027027027,1998000.0,60.0,420.0,420.0,,,,
S6_匹配噪声,33,oot,L3c_SplitNN_形态A双向,splitnn,7289.0,2187.0,0.7384147043399291,0.39051048208644046,5.151624101165386,0.25675675675675674,3.2536573270518225,0.32432432432432434,2.5699177438307874,0.5135135135135135,466944.0,228.0,,,1.0,,,
S6_匹配噪声,33,oot,L3c_SplitNN_形态B自监督,splitnn,7289.0,2187.0,0.7004515163530782,0.31232652434734787,4.067071658814778,0.20270270270270271,2.982519216464171,0.2972972972972973,2.4346589152081144,0.4864864864864865,233472.0,228.0,,,0.0,,,
S6_匹配噪声,33,oot,L3c_SplitNN_形态B随机,splitnn,7289.0,2187.0,0.7000933730701834,0.3554380220258119,3.7959335482271266,0.1891891891891892,3.1180882717579967,0.3108108108108108,2.367029500896778,0.47297297297297297,233472.0,228.0,,,0.0,,,
S6_匹配噪声,33,oot,L0_内地单方_UPLIFT,t_learner,7289.0,2187.0,,,,,,,,,,,,,,0.0043629836826940575,0.05949966193373901,
S6_匹配噪声,33,oot,L1_加k匿名统计_UPLIFT,t_learner,7289.0,2187.0,,,,,,,,,,,,,,0.004339589087866864,0.005394016013485048,
S6_匹配噪声,33,oot,L2_加粗粒度标记_UPLIFT,t_learner,7289.0,2187.0,,,,,,,,,,,,,,0.004518867771436033,0.0400774606382083,
S6_匹配噪声,33,oot,L4_集中式_UPLIFT,t_learner,7289.0,2187.0,,,,,,,,,,,,,,0.0042902200359827315,0.053739892183288396,
S6_匹配噪声,33,oot,OVERLAP_L1_vs_L3a_联邦LR,top_k_overlap,,,,,,,,,,,,,,,,,,0.4908256880733945
S6_匹配噪声,33,oot,OVERLAP_L1_vs_L3b_纵向GBDT,top_k_overlap,,,,,,,,,,,,,,,,,,0.43119266055045874
S6_匹配噪声,33,oot,OVERLAP_L1_vs_L3c_SplitNN_形态A双向,top_k_overlap,,,,,,,,,,,,,,,,,,0.41743119266055045
S6_匹配噪声,44,random,L0_内地单方_LR,logistic,7289.0,2187.0,0.7007073329837172,0.30190199664880213,4.338209769402431,0.21621621621621623,2.711381105876519,0.2702702702702703,2.1641412579627683,0.43243243243243246,0.0,,,,,,,
S6_匹配噪声,44,random,L1_加k匿名统计_LR,logistic,7289.0,2187.0,0.7013404791445492,0.3104142950333201,4.609347879990082,0.22972972972972974,2.711381105876519,0.2702702702702703,2.231770672274105,0.44594594594594594,384.0,,,,,,,
S6_匹配噪声,44,random,L2_加粗粒度标记_LR,logistic,7289.0,2187.0,0.7046021411851984,0.3171486678348959,4.338209769402431,0.21621621621621623,2.575812050582693,0.25675675675675674,2.0965118436514314,0.4189189189189189,0.0,,,,,,,
S6_匹配噪声,44,random,L4_集中式_LR,logistic,7289.0,2187.0,0.8151724843632085,0.522492677248948,6.2361765435159935,0.3108108108108108,4.609347879990082,0.4594594594594595,3.110953058321479,0.6216216216216216,0.0,,,,,,,
S6_匹配噪声,44,random,L0_内地单方_GBDT,gbdt,7289.0,2187.0,0.6636299100804544,0.29207863803225853,4.067071658814778,0.20270270270270271,2.982519216464171,0.2972972972972973,2.1641412579627683,0.43243243243243246,0.0,60.0,0.0,0.0,,,,
S6_匹配噪声,44,random,L4_集中式_GBDT,gbdt,7289.0,2187.0,0.7907356007214029,0.48968419436947597,5.422762211753038,0.2702702702702703,4.473778824696256,0.44594594594594594,3.313841301255489,0.6621621621621622,1998000.0,60.0,420.0,420.0,,,,
S6_匹配噪声,44,random,L3a_联邦LR,federated_logistic,7289.0,2187.0,0.81534516058889,0.5229659380156304,6.2361765435159935,0.3108108108108108,4.609347879990082,0.4594594594594595,3.110953058321479,0.6216216216216216,4081600.0,400.0,,,,,,
S6_匹配噪声,44,random,L3b_纵向GBDT,vertical_gbdt,7289.0,2187.0,0.7907356007214029,0.48968419436947597,5.422762211753038,0.2702702702702703,4.473778824696256,0.44594594594594594,3.313841301255489,0.6621621621621622,1998000.0,60.0,420.0,420.0,,,,
S6_匹配噪声,44,random,L3c_SplitNN_形态A双向,splitnn,7289.0,2187.0,0.7927309704403884,0.4735357695603791,5.151624101165386,0.25675675675675674,3.7959335482271266,0.3783783783783784,2.90806481538747,0.581081081081081,466944.0,228.0,,,1.0,,,
S6_匹配噪声,44,random,L3c_SplitNN_形态B自监督,splitnn,7289.0,2187.0,0.7543328941814509,0.4024443279057572,5.422762211753038,0.2702702702702703,3.2536573270518225,0.32432432432432434,2.4346589152081144,0.4864864864864865,233472.0,228.0,,,0.0,,,
S6_匹配噪声,44,random,L3c_SplitNN_形态B随机,splitnn,7289.0,2187.0,0.7151993451094256,0.3554763945204077,4.338209769402431,0.21621621621621623,2.8469501611703447,0.28378378378378377,2.0288824293400953,0.40540540540540543,233472.0,228.0,,,0.0,,,
S6_匹配噪声,44,random,L0_内地单方_UPLIFT,t_learner,7289.0,2187.0,,,,,,,,,,,,,,0.005473584497620825,0.0506862002189105,
S6_匹配噪声,44,random,L1_加k匿名统计_UPLIFT,t_learner,7289.0,2187.0,,,,,,,,,,,,,,0.005544648950240592,0.030048382989559447,
S6_匹配噪声,44,random,L2_加粗粒度标记_UPLIFT,t_learner,7289.0,2187.0,,,,,,,,,,,,,,0.006048757603137146,0.07425200168563001,
S6_匹配噪声,44,random,L4_集中式_UPLIFT,t_learner,7289.0,2187.0,,,,,,,,,,,,,,0.008041579017668839,0.18086809945217028,
S6_匹配噪声,44,random,OVERLAP_L1_vs_L3a_联邦LR,top_k_overlap,,,,,,,,,,,,,,,,,,0.4724770642201835
S6_匹配噪声,44,random,OVERLAP_L1_vs_L3b_纵向GBDT,top_k_overlap,,,,,,,,,,,,,,,,,,0.3944954128440367
S6_匹配噪声,44,random,OVERLAP_L1_vs_L3c_SplitNN_形态A双向,top_k_overlap,,,,,,,,,,,,,,,,,,0.41743119266055045
S6_匹配噪声,44,oot,L0_内地单方_LR,logistic,7289.0,2187.0,0.7289495916643199,0.37935792734441004,4.491989593317815,0.22388059701492538,2.844926742434616,0.2835820895522388,2.5396359165272036,0.5074626865671642,0.0,,,,,,,
S6_匹配噪声,44,oot,L1_加k匿名统计_LR,logistic,7289.0,2187.0,0.7294987327513376,0.3573570825119684,5.090921539093523,0.2537313432835821,2.844926742434616,0.2835820895522388,2.6890262645582155,0.5373134328358209,384.0,,,,,,,
S6_匹配噪声,44,oot,L2_加粗粒度标记_LR,logistic,7289.0,2187.0,0.7224725429456491,0.3408124471979724,4.491989593317815,0.22388059701492538,2.9946597288785433,0.29850746268656714,2.464940742511698,0.4925373134328358,0.0,,,,,,,
S6_匹配噪声,44,oot,L4_集中式_LR,logistic,7289.0,2187.0,0.8420585750492819,0.5465713883413122,8.38504724085992,0.417910447761194,5.390387511981378,0.5373134328358209,3.5106731787287817,0.7014925373134329,0.0,,,,,,,
S6_匹配噪声,44,oot,L0_内地单方_GBDT,gbdt,7289.0,2187.0,0.7139256547451422,0.3584694452266967,2.695193755990689,0.13432835820895522,2.3957277831028345,0.23880597014925373,2.464940742511698,0.4925373134328358,0.0,60.0,0.0,0.0,,,,
S6_匹配噪声,44,oot,L4_集中式_GBDT,gbdt,7289.0,2187.0,0.8114052379611377,0.5106237679526894,5.689853484869232,0.2835820895522388,4.342256606873888,0.43283582089552236,3.4359780047132755,0.6865671641791045,1998000.0,60.0,420.0,420.0,,,,
S6_匹配噪声,44,oot,L3a_联邦LR,federated_logistic,7289.0,2187.0,0.8424246691072937,0.5486271472824557,8.38504724085992,0.417910447761194,5.390387511981378,0.5373134328358209,3.5106731787287817,0.7014925373134329,4081600.0,400.0,,,,,,
S6_匹配噪声,44,oot,L3b_纵向GBDT,vertical_gbdt,7289.0,2187.0,0.8114052379611377,0.5106237679526894,5.689853484869232,0.2835820895522388,4.342256606873888,0.43283582089552236,3.4359780047132755,0.6865671641791045,1998000.0,60.0,420.0,420.0,,,,
S6_匹配噪声,44,oot,L3c_SplitNN_形态A双向,splitnn,7289.0,2187.0,0.8228386370036609,0.5287172627428893,5.390387511981378,0.26865671641791045,4.491989593317815,0.44776119402985076,3.4359780047132755,0.6865671641791045,466944.0,228.0,,,1.0,,,
S6_匹配噪声,44,oot,L3c_SplitNN_形态B自监督,splitnn,7289.0,2187.0,0.7724162207828779,0.46449591664319906,4.791455566205669,0.23880597014925373,3.1443927153224704,0.31343283582089554,2.8384166125892274,0.5671641791044776,233472.0,228.0,,,0.0,,,
S6_匹配噪声,44,oot,L3c_SplitNN_形态B随机,splitnn,7289.0,2187.0,0.727161362996339,0.3761194029850746,4.19252362042996,0.208955223880597,2.844926742434616,0.2835820895522388,2.016769698418662,0.40298507462686567,233472.0,228.0,,,0.0,,,
S6_匹配噪声,44,oot,L0_内地单方_UPLIFT,t_learner,7289.0,2187.0,,,,,,,,,,,,,,0.007049747325634114,0.05910583480676937,
S6_匹配噪声,44,oot,L1_加k匿名统计_UPLIFT,t_learner,7289.0,2187.0,,,,,,,,,,,,,,0.007593745533567032,0.086787674124103,
S6_匹配噪声,44,oot,L2_加粗粒度标记_UPLIFT,t_learner,7289.0,2187.0,,,,,,,,,,,,,,0.007453116025351592,0.07159177456207158,
S6_匹配噪声,44,oot,L4_集中式_UPLIFT,t_learner,7289.0,2187.0,,,,,,,,,,,,,,0.007960187259581213,0.10460109750949767,
S6_匹配噪声,44,oot,OVERLAP_L1_vs_L3a_联邦LR,top_k_overlap,,,,,,,,,,,,,,,,,,0.46788990825688076
S6_匹配噪声,44,oot,OVERLAP_L1_vs_L3b_纵向GBDT,top_k_overlap,,,,,,,,,,,,,,,,,,0.3944954128440367
S6_匹配噪声,44,oot,OVERLAP_L1_vs_L3c_SplitNN_形态A双向,top_k_overlap,,,,,,,,,,,,,,,,,,0.4036697247706422
S6_匹配噪声,55,random,L0_内地单方_LR,logistic,7121.0,2137.0,0.746092972708209,0.4572561264943135,4.480083857442348,0.2222222222222222,3.344287949921753,0.3333333333333333,2.700940485483811,0.5396825396825397,0.0,,,,,,,
S6_匹配噪声,55,random,L1_加k匿名统计_LR,logistic,7121.0,2137.0,0.74465414581133,0.43226033582832035,4.480083857442348,0.2222222222222222,3.1850361427826215,0.31746031746031744,2.542061633396528,0.5079365079365079,384.0,,,,,,,
S6_匹配噪声,55,random,L2_加粗粒度标记_LR,logistic,7121.0,2137.0,0.7560805743062251,0.4355206563499717,5.120095837076969,0.25396825396825395,4.2997987927565395,0.42857142857142855,2.859819337571094,0.5714285714285714,0.0,,,,,,,
S6_匹配噪声,55,random,L4_集中式_LR,logistic,7121.0,2137.0,0.7955947406284919,0.4818080237559505,6.0801138065289,0.30158730158730157,4.936806021313063,0.49206349206349204,3.2570164677893017,0.6507936507936508,0.0,,,,,,,
S6_匹配噪声,55,random,L0_内地单方_GBDT,gbdt,7121.0,2137.0,0.7379727847423122,0.3884985688264377,3.840071877807727,0.19047619047619047,3.1850361427826215,0.31746031746031744,2.700940485483811,0.5396825396825397,0.0,60.0,0.0,0.0,,,,
S6_匹配噪声,55,random,L4_集中式_GBDT,gbdt,7121.0,2137.0,0.7920742067318731,0.4966784528018858,4.800089847259659,0.23809523809523808,4.777554214173933,0.47619047619047616,3.018698189658377,0.6031746031746031,1945800.0,60.0,402.0,402.0,,,,
S6_匹配噪声,55,random,L3a_联邦LR,federated_logistic,7121.0,2137.0,0.7954646339410081,0.48132586367880487,6.0801138065289,0.30158730158730157,4.777554214173933,0.47619047619047616,3.2570164677893017,0.6507936507936508,3987200.0,400.0,,,,,,
S6_匹配噪声,55,random,L3b_纵向GBDT,vertical_gbdt,7121.0,2137.0,0.7920742067318731,0.4966784528018858,4.800089847259659,0.23809523809523808,4.777554214173933,0.47619047619047616,3.018698189658377,0.6031746031746031,1945800.0,60.0,402.0,402.0,,,,
S6_匹配噪声,55,random,L3c_SplitNN_形态A双向,splitnn,7121.0,2137.0,0.8077099692335951,0.5146331756746414,5.7601078167115904,0.2857142857142857,4.618302407034801,0.4603174603174603,3.2570164677893017,0.6507936507936508,466944.0,228.0,,,1.0,,,
S6_匹配噪声,55,random,L3c_SplitNN_形态B自监督,splitnn,7121.0,2137.0,0.7582847346588909,0.4456077512972402,4.160077867625038,0.20634920634920634,3.1850361427826215,0.31746031746031744,2.859819337571094,0.5714285714285714,233472.0,228.0,,,0.0,,,
S6_匹配噪声,55,random,L3c_SplitNN_形态B随机,splitnn,7121.0,2137.0,0.7789410846305735,0.4728383156541305,5.44010182689428,0.2698412698412698,3.503539757060884,0.3492063492063492,3.2570164677893017,0.6507936507936508,233472.0,228.0,,,0.0,,,
S6_匹配噪声,55,random,L0_内地单方_UPLIFT,t_learner,7121.0,2137.0,,,,,,,,,,,,,,0.008223643095076562,0.10952380952380952,
S6_匹配噪声,55,random,L1_加k匿名统计_UPLIFT,t_learner,7121.0,2137.0,,,,,,,,,,,,,,0.007397408273042543,0.1190855927698033,
S6_匹配噪声,55,random,L2_加粗粒度标记_UPLIFT,t_learner,7121.0,2137.0,,,,,,,,,,,,,,0.008584393146844423,0.12096631987303826,
S6_匹配噪声,55,random,L4_集中式_UPLIFT,t_learner,7121.0,2137.0,,,,,,,,,,,,,,0.00874083475667633,0.15224358974358973,
S6_匹配噪声,55,random,OVERLAP_L1_vs_L3a_联邦LR,top_k_overlap,,,,,,,,,,,,,,,,,,0.5446009389671361
S6_匹配噪声,55,random,OVERLAP_L1_vs_L3b_纵向GBDT,top_k_overlap,,,,,,,,,,,,,,,,,,0.4788732394366197
S6_匹配噪声,55,random,OVERLAP_L1_vs_L3c_SplitNN_形态A双向,top_k_overlap,,,,,,,,,,,,,,,,,,0.45539906103286387
S6_匹配噪声,55,oot,L0_内地单方_LR,logistic,7121.0,2137.0,0.7370983446932815,0.41873042315317743,3.886337804046374,0.1927710843373494,2.7801911872843488,0.27710843373493976,2.411895826867188,0.4819277108433735,0.0,,,,,,,
S6_匹配噪声,55,oot,L1_加k匿名统计_LR,logistic,7121.0,2137.0,0.7339308548703088,0.40143827500850526,3.886337804046374,0.1927710843373494,3.142824820408394,0.3132530120481928,2.5324906182105473,0.5060240963855421,384.0,,,,,,,
S6_匹配噪声,55,oot,L2_加粗粒度标记_LR,logistic,7121.0,2137.0,0.7455508499431025,0.4722785983270961,4.129233916799272,0.20481927710843373,2.901069064992364,0.2891566265060241,2.411895826867188,0.4819277108433735,0.0,,,,,,,
S6_匹配噪声,55,oot,L4_集中式_LR,logistic,7121.0,2137.0,0.787426238547178,0.4680318156755552,4.372130029552171,0.21686746987951808,3.9889699643645002,0.39759036144578314,3.195761970599024,0.6385542168674698,0.0,,,,,,,
S6_匹配噪声,55,oot,L0_内地单方_GBDT,gbdt,7121.0,2137.0,0.714271887941249,0.3783331964664891,4.372130029552171,0.21686746987951808,3.6263363312404553,0.3614457831325301,2.6530854095539067,0.5301204819277109,0.0,60.0,0.0,0.0,,,,
S6_匹配噪声,55,oot,L4_集中式_GBDT,gbdt,7121.0,2137.0,0.7685503454910195,0.47057753897772203,3.886337804046374,0.1927710843373494,3.142824820408394,0.3132530120481928,2.773680200897266,0.5542168674698795,1951200.0,60.0,412.0,412.0,,,,
S6_匹配噪声,55,oot,L3a_联邦LR,federated_logistic,7121.0,2137.0,0.7881829166715547,0.4743609295996058,4.615026142305069,0.2289156626506024,3.9889699643645002,0.39759036144578314,3.2560593662707036,0.6506024096385542,3987200.0,400.0,,,,,,
S6_匹配噪声,55,oot,L3b_纵向GBDT,vertical_gbdt,7121.0,2137.0,0.7685503454910195,0.47057753897772203,3.886337804046374,0.1927710843373494,3.142824820408394,0.3132530120481928,2.773680200897266,0.5542168674698795,1951200.0,60.0,412.0,412.0,,,,
S6_匹配噪声,55,oot,L3c_SplitNN_形态A双向,splitnn,7121.0,2137.0,0.7787449701434757,0.45037012705153623,5.1008183678108665,0.25301204819277107,4.109847842072516,0.40963855421686746,2.8339775965689458,0.5662650602409639,466944.0,228.0,,,1.0,,,
S6_匹配噪声,55,oot,L3c_SplitNN_形态B自监督,splitnn,7121.0,2137.0,0.7383536091786815,0.4102075292406237,3.643441691293476,0.18072289156626506,2.7801911872843488,0.27710843373493976,2.3515984311955083,0.46987951807228917,233472.0,228.0,,,0.0,,,
S6_匹配噪声,55,oot,L3c_SplitNN_形态B随机,splitnn,7121.0,2137.0,0.7564200326134138,0.38452153306507436,3.643441691293476,0.18072289156626506,3.142824820408394,0.3132530120481928,2.592788013882227,0.5180722891566265,233472.0,228.0,,,0.0,,,
S6_匹配噪声,55,oot,L0_内地单方_UPLIFT,t_learner,7121.0,2137.0,,,,,,,,,,,,,,0.006757094326853304,0.06069160197600565,
S6_匹配噪声,55,oot,L1_加k匿名统计_UPLIFT,t_learner,7121.0,2137.0,,,,,,,,,,,,,,0.007410618455686606,0.06840247131509267,
S6_匹配噪声,55,oot,L2_加粗粒度标记_UPLIFT,t_learner,7121.0,2137.0,,,,,,,,,,,,,,0.006415701577513412,0.07352162400706089,
S6_匹配噪声,55,oot,L4_集中式_UPLIFT,t_learner,7121.0,2137.0,,,,,,,,,,,,,,0.0077494711970369735,0.06966053748231966,
S6_匹配噪声,55,oot,OVERLAP_L1_vs_L3a_联邦LR,top_k_overlap,,,,,,,,,,,,,,,,,,0.5446009389671361
S6_匹配噪声,55,oot,OVERLAP_L1_vs_L3b_纵向GBDT,top_k_overlap,,,,,,,,,,,,,,,,,,0.4413145539906103
S6_匹配噪声,55,oot,OVERLAP_L1_vs_L3c_SplitNN_形态A双向,top_k_overlap,,,,,,,,,,,,,,,,,,0.431924882629108
S7_同意选择偏差,11,random,L0_内地单方_LR,logistic,4799.0,1440.0,0.6380930711091766,0.2201733211982113,2.4324324324324325,0.12162162162162163,2.702702702702703,0.2702702702702703,1.6891891891891893,0.33783783783783783,0.0,,,,,,,
S7_同意选择偏差,11,random,L1_加k匿名统计_LR,logistic,4799.0,1440.0,0.6316232044636144,0.22310157888488774,2.1621621621621623,0.10810810810810811,2.2972972972972974,0.22972972972972974,1.7567567567567568,0.35135135135135137,384.0,,,,,,,
S7_同意选择偏差,11,random,L2_加粗粒度标记_LR,logistic,4799.0,1440.0,0.6452356456016778,0.2609512880376716,2.702702702702703,0.13513513513513514,2.4324324324324325,0.24324324324324326,1.891891891891892,0.3783783783783784,0.0,,,,,,,
S7_同意选择偏差,11,random,L4_集中式_LR,logistic,4799.0,1440.0,0.6721736377666099,0.26326619445213884,2.4324324324324325,0.12162162162162163,2.5675675675675675,0.25675675675675674,2.1621621621621623,0.43243243243243246,0.0,,,,,,,
S7_同意选择偏差,11,random,L0_内地单方_GBDT,gbdt,4799.0,1440.0,0.6024989117961299,0.19496656246290212,1.6216216216216215,0.08108108108108109,1.4864864864864866,0.14864864864864866,1.6216216216216215,0.32432432432432434,0.0,60.0,0.0,0.0,,,,
S7_同意选择偏差,11,random,L4_集中式_GBDT,gbdt,4799.0,1440.0,0.6595900439238652,0.2916782082228641,1.891891891891892,0.0945945945945946,1.7567567567567568,0.17567567567567569,1.7567567567567568,0.35135135135135137,1370520.0,60.0,420.0,420.0,,,,
S7_同意选择偏差,11,random,L3a_联邦LR,federated_logistic,4799.0,1440.0,0.6717977127933205,0.2618020656088006,2.4324324324324325,0.12162162162162163,2.4324324324324325,0.24324324324324326,2.0945945945945947,0.4189189189189189,2687200.0,400.0,,,,,,
S7_同意选择偏差,11,random,L3b_纵向GBDT,vertical_gbdt,4799.0,1440.0,0.6595900439238652,0.2916782082228641,1.891891891891892,0.0945945945945946,1.7567567567567568,0.17567567567567569,1.7567567567567568,0.35135135135135137,1370520.0,60.0,420.0,420.0,,,,
S7_同意选择偏差,11,random,L3c_SplitNN_形态A双向,splitnn,4799.0,1440.0,0.6307823196549404,0.27602785801907326,1.891891891891892,0.0945945945945946,2.027027027027027,0.20270270270270271,1.7567567567567568,0.35135135135135137,319488.0,156.0,,,1.0,,,
S7_同意选择偏差,11,random,L3c_SplitNN_形态B自监督,splitnn,4799.0,1440.0,0.609878912587551,0.17860393336235209,2.1621621621621623,0.10810810810810811,2.027027027027027,0.20270270270270271,1.6891891891891893,0.33783783783783783,159744.0,156.0,,,0.0,,,
S7_同意选择偏差,11,random,L3c_SplitNN_形态B随机,splitnn,4799.0,1440.0,0.5917059079577381,0.17961299513276086,2.702702702702703,0.13513513513513514,1.891891891891892,0.1891891891891892,1.554054054054054,0.3108108108108108,159744.0,156.0,,,0.0,,,
S7_同意选择偏差,11,random,L0_内地单方_UPLIFT,t_learner,4799.0,1440.0,,,,,,,,,,,,,,0.00326559216574859,-0.03729603729603728,
S7_同意选择偏差,11,random,L1_加k匿名统计_UPLIFT,t_learner,4799.0,1440.0,,,,,,,,,,,,,,0.004217508708046532,-0.006816359262229343,
S7_同意选择偏差,11,random,L2_加粗粒度标记_UPLIFT,t_learner,4799.0,1440.0,,,,,,,,,,,,,,0.005963066192296158,0.010611614894848534,
S7_同意选择偏差,11,random,L4_集中式_UPLIFT,t_learner,4799.0,1440.0,,,,,,,,,,,,,,0.008683673468674488,0.030185758513931904,
S7_同意选择偏差,11,random,OVERLAP_L1_vs_L3a_联邦LR,top_k_overlap,,,,,,,,,,,,,,,,,,0.4166666666666667
S7_同意选择偏差,11,random,OVERLAP_L1_vs_L3b_纵向GBDT,top_k_overlap,,,,,,,,,,,,,,,,,,0.3125
S7_同意选择偏差,11,random,OVERLAP_L1_vs_L3c_SplitNN_形态A双向,top_k_overlap,,,,,,,,,,,,,,,,,,0.3680555555555556
S7_同意选择偏差,11,oot,L0_内地单方_LR,logistic,4799.0,1440.0,0.5961760078564198,0.16347165576053946,1.643835616438356,0.0821917808219178,1.3698630136986303,0.136986301369863,1.5068493150684932,0.3013698630136986,0.0,,,,,,,
S7_同意选择偏差,11,oot,L1_加k匿名统计_LR,logistic,4799.0,1440.0,0.587097032798549,0.159613592408133,1.3698630136986303,0.0684931506849315,1.643835616438356,0.1643835616438356,1.2328767123287672,0.2465753424657534,384.0,,,,,,,
S7_同意选择偏差,11,oot,L2_加粗粒度标记_LR,logistic,4799.0,1440.0,0.6101151406439458,0.20677215380144498,1.643835616438356,0.0821917808219178,1.095890410958904,0.1095890410958904,1.2328767123287672,0.2465753424657534,0.0,,,,,,,
S7_同意选择偏差,11,oot,L4_集中式_LR,logistic,4799.0,1440.0,0.6793598621118137,0.28151837340040686,2.7397260273972606,0.136986301369863,2.6027397260273974,0.2602739726027397,2.1232876712328768,0.4246575342465753,0.0,,,,,,,
S7_同意选择偏差,11,oot,L0_内地单方_GBDT,gbdt,4799.0,1440.0,0.5641039773125832,0.1662674990730627,0.821917808219178,0.0410958904109589,1.095890410958904,0.1095890410958904,1.1643835616438356,0.2328767123287671,0.0,60.0,0.0,0.0,,,,
S7_同意选择偏差,11,oot,L4_集中式_GBDT,gbdt,4799.0,1440.0,0.6352376466815645,0.22095178923951053,1.9178082191780823,0.0958904109589041,2.0547945205479454,0.2054794520547945,1.643835616438356,0.3287671232876712,1370520.0,60.0,420.0,420.0,,,,
S7_同意选择偏差,11,oot,L3a_联邦LR,federated_logistic,4799.0,1440.0,0.6788688358669619,0.27712920002805863,2.7397260273972606,0.136986301369863,2.6027397260273974,0.2602739726027397,2.1232876712328768,0.4246575342465753,2687200.0,400.0,,,,,,
S7_同意选择偏差,11,oot,L3b_纵向GBDT,vertical_gbdt,4799.0,1440.0,0.6352376466815645,0.22095178923951053,1.9178082191780823,0.0958904109589041,2.0547945205479454,0.2054794520547945,1.643835616438356,0.3287671232876712,1370520.0,60.0,420.0,420.0,,,,
S7_同意选择偏差,11,oot,L3c_SplitNN_形态A双向,splitnn,4799.0,1440.0,0.6547083404315017,0.2337886182120632,2.4657534246575343,0.1232876712328767,2.7397260273972606,0.273972602739726,1.9863013698630136,0.3972602739726027,319488.0,156.0,,,1.0,,,
S7_同意选择偏差,11,oot,L3c_SplitNN_形态B自监督,splitnn,4799.0,1440.0,0.5962361335190549,0.17872353218226095,1.3698630136986303,0.0684931506849315,1.2328767123287672,0.1232876712328767,1.5753424657534245,0.3150684931506849,159744.0,156.0,,,0.0,,,
S7_同意选择偏差,11,oot,L3c_SplitNN_形态B随机,splitnn,4799.0,1440.0,0.598370594542594,0.17233017005541584,1.095890410958904,0.0547945205479452,1.095890410958904,0.1095890410958904,1.4383561643835616,0.2876712328767123,159744.0,156.0,,,0.0,,,
S7_同意选择偏差,11,oot,L0_内地单方_UPLIFT,t_learner,4799.0,1440.0,,,,,,,,,,,,,,0.01270727493850691,0.0781733746130031,
S7_同意选择偏差,11,oot,L1_加k匿名统计_UPLIFT,t_learner,4799.0,1440.0,,,,,,,,,,,,,,0.011883797158049623,0.07789678675754626,
S7_同意选择偏差,11,oot,L2_加粗粒度标记_UPLIFT,t_learner,4799.0,1440.0,,,,,,,,,,,,,,0.017150560167574734,0.17374517374517373,
S7_同意选择偏差,11,oot,L4_集中式_UPLIFT,t_learner,4799.0,1440.0,,,,,,,,,,,,,,0.015624775498441457,0.17855072463768118,
S7_同意选择偏差,11,oot,OVERLAP_L1_vs_L3a_联邦LR,top_k_overlap,,,,,,,,,,,,,,,,,,0.5347222222222222
S7_同意选择偏差,11,oot,OVERLAP_L1_vs_L3b_纵向GBDT,top_k_overlap,,,,,,,,,,,,,,,,,,0.4236111111111111
S7_同意选择偏差,11,oot,OVERLAP_L1_vs_L3c_SplitNN_形态A双向,top_k_overlap,,,,,,,,,,,,,,,,,,0.3541666666666667
S7_同意选择偏差,22,random,L0_内地单方_LR,logistic,4857.0,1458.0,0.7212570820421322,0.3533039096002754,4.4021739130434785,0.21739130434782608,2.914542728635682,0.2898550724637681,2.2510085163603764,0.4492753623188406,0.0,,,,,,,
S7_同意选择偏差,22,random,L1_加k匿名统计_LR,logistic,4857.0,1458.0,0.7233021358291336,0.35536983128306254,4.108695652173913,0.2028985507246377,3.0602698650674665,0.30434782608695654,2.3962348722545945,0.4782608695652174,384.0,,,,,,,
S7_同意选择偏差,22,random,L2_加粗粒度标记_LR,logistic,4857.0,1458.0,0.7128786218841623,0.3591573543681723,3.8152173913043477,0.18840579710144928,3.0602698650674665,0.30434782608695654,2.3236216943074854,0.463768115942029,0.0,,,,,,,
S7_同意选择偏差,22,random,L4_集中式_LR,logistic,4857.0,1458.0,0.8306361578030279,0.5507872413685166,6.749999999999999,0.3333333333333333,4.95472263868066,0.4927536231884058,3.4128193635141195,0.6811594202898551,0.0,,,,,,,
S7_同意选择偏差,22,random,L0_内地单方_GBDT,gbdt,4857.0,1458.0,0.6869606953182876,0.2670673302657527,3.8152173913043477,0.18840579710144928,3.351724137931035,0.3333333333333333,2.1783953384132677,0.43478260869565216,0.0,60.0,0.0,0.0,,,,
S7_同意选择偏差,22,random,L4_集中式_GBDT,gbdt,4857.0,1458.0,0.7879404430254275,0.45487839233730865,5.869565217391305,0.2898550724637681,3.934632683658171,0.391304347826087,2.8319139399372477,0.5652173913043478,1384920.0,60.0,420.0,420.0,,,,
S7_同意选择偏差,22,random,L3a_联邦LR,federated_logistic,4857.0,1458.0,0.8308031009693138,0.550067298963909,7.0434782608695645,0.34782608695652173,4.95472263868066,0.4927536231884058,3.4128193635141195,0.6811594202898551,2719200.0,400.0,,,,,,
S7_同意选择偏差,22,random,L3b_纵向GBDT,vertical_gbdt,4857.0,1458.0,0.7879404430254275,0.45487839233730865,5.869565217391305,0.2898550724637681,3.934632683658171,0.391304347826087,2.8319139399372477,0.5652173913043478,1384920.0,60.0,420.0,420.0,,,,
S7_同意选择偏差,22,random,L3c_SplitNN_形态A双向,splitnn,4857.0,1458.0,0.8132636345614089,0.5152283469496353,5.576086956521739,0.2753623188405797,4.22608695652174,0.42028985507246375,3.1223666517256836,0.6231884057971014,319488.0,156.0,,,1.0,,,
S7_同意选择偏差,22,random,L3c_SplitNN_形态B自监督,splitnn,4857.0,1458.0,0.7425527696914681,0.37609165179829096,3.8152173913043477,0.18840579710144928,3.0602698650674665,0.30434782608695654,2.68668758404303,0.5362318840579711,159744.0,156.0,,,0.0,,,
S7_同意选择偏差,22,random,L3c_SplitNN_形态B随机,splitnn,4857.0,1458.0,0.6617105414175561,0.2747675838106864,3.2282608695652177,0.15942028985507245,2.47736131934033,0.2463768115942029,1.887942626624832,0.37681159420289856,159744.0,156.0,,,0.0,,,
S7_同意选择偏差,22,random,L0_内地单方_UPLIFT,t_learner,4857.0,1458.0,,,,,,,,,,,,,,0.011230478991563549,0.09195402298850576,
S7_同意选择偏差,22,random,L1_加k匿名统计_UPLIFT,t_learner,4857.0,1458.0,,,,,,,,,,,,,,0.009090637356682441,0.10275545350172217,
S7_同意选择偏差,22,random,L2_加粗粒度标记_UPLIFT,t_learner,4857.0,1458.0,,,,,,,,,,,,,,0.012461018063363439,0.047425474254742556,
S7_同意选择偏差,22,random,L4_集中式_UPLIFT,t_learner,4857.0,1458.0,,,,,,,,,,,,,,0.015043670608297028,0.11155759663222353,
S7_同意选择偏差,22,random,OVERLAP_L1_vs_L3a_联邦LR,top_k_overlap,,,,,,,,,,,,,,,,,,0.4482758620689655
S7_同意选择偏差,22,random,OVERLAP_L1_vs_L3b_纵向GBDT,top_k_overlap,,,,,,,,,,,,,,,,,,0.33793103448275863
S7_同意选择偏差,22,random,OVERLAP_L1_vs_L3c_SplitNN_形态A双向,top_k_overlap,,,,,,,,,,,,,,,,,,0.33793103448275863
S7_同意选择偏差,22,oot,L0_内地单方_LR,logistic,4857.0,1458.0,0.6899706756036255,0.31938837687561883,3.463815789473684,0.17105263157894737,2.9107078039927403,0.2894736842105263,2.109603906673901,0.42105263157894735,0.0,,,,,,,
S7_同意选择偏差,22,oot,L1_加k匿名统计_LR,logistic,4857.0,1458.0,0.6887519993906619,0.31735090258207027,3.463815789473684,0.17105263157894737,2.7784029038112523,0.27631578947368424,2.1755290287574605,0.4342105263157895,384.0,,,,,,,
S7_同意选择偏差,22,oot,L2_加粗粒度标记_LR,logistic,4857.0,1458.0,0.6895707974712467,0.3179411988727245,3.463815789473684,0.17105263157894737,2.9107078039927403,0.2894736842105263,2.109603906673901,0.42105263157894735,0.0,,,,,,,
S7_同意选择偏差,22,oot,L4_集中式_LR,logistic,4857.0,1458.0,0.785008378398964,0.43851397669281744,5.0625,0.25,4.366061705989111,0.4342105263157895,3.032555615843733,0.6052631578947368,0.0,,,,,,,
S7_同意选择偏差,22,oot,L0_内地单方_GBDT,gbdt,4857.0,1458.0,0.6850721684819865,0.29794729225378924,3.7302631578947367,0.18421052631578946,2.513793103448276,0.25,1.9777536625067822,0.39473684210526316,0.0,60.0,0.0,0.0,,,,
S7_同意选择偏差,22,oot,L4_集中式_GBDT,gbdt,4857.0,1458.0,0.7783056592276639,0.4399040292482291,4.796052631578947,0.23684210526315788,3.7045372050816696,0.3684210526315789,2.7688551275094953,0.5526315789473685,1384920.0,60.0,420.0,420.0,,,,
S7_同意选择偏差,22,oot,L3a_联邦LR,federated_logistic,4857.0,1458.0,0.7845894584507579,0.445026277705842,4.796052631578947,0.23684210526315788,4.366061705989111,0.4342105263157895,3.032555615843733,0.6052631578947368,2719200.0,400.0,,,,,,
S7_同意选择偏差,22,oot,L3b_纵向GBDT,vertical_gbdt,4857.0,1458.0,0.7783056592276639,0.4399040292482291,4.796052631578947,0.23684210526315788,3.7045372050816696,0.3684210526315789,2.7688551275094953,0.5526315789473685,1384920.0,60.0,420.0,420.0,,,,
S7_同意选择偏差,22,oot,L3c_SplitNN_形态A双向,splitnn,4857.0,1458.0,0.7560457765252494,0.4304973722294158,3.7302631578947367,0.18421052631578946,2.7784029038112523,0.27631578947368424,2.834780249593055,0.5657894736842105,319488.0,156.0,,,1.0,,,
S7_同意选择偏差,22,oot,L3c_SplitNN_形态B自监督,splitnn,4857.0,1458.0,0.680402163150278,0.2891690151572854,3.463815789473684,0.17105263157894737,2.7784029038112523,0.27631578947368424,2.373304395008139,0.47368421052631576,159744.0,156.0,,,0.0,,,
S7_同意选择偏差,22,oot,L3c_SplitNN_形态B随机,splitnn,4857.0,1458.0,0.643927564932592,0.24815294386472692,2.930921052631579,0.14473684210526316,2.513793103448276,0.25,1.9118285404232231,0.3815789473684211,159744.0,156.0,,,0.0,,,
S7_同意选择偏差,22,oot,L0_内地单方_UPLIFT,t_learner,4857.0,1458.0,,,,,,,,,,,,,,0.004723423976717666,0.005714285714285713,
S7_同意选择偏差,22,oot,L1_加k匿名统计_UPLIFT,t_learner,4857.0,1458.0,,,,,,,,,,,,,,0.004602091713843529,0.008945565283593457,
S7_同意选择偏差,22,oot,L2_加粗粒度标记_UPLIFT,t_learner,4857.0,1458.0,,,,,,,,,,,,,,0.0057219584209838295,-0.029807692307692313,
S7_同意选择偏差,22,oot,L4_集中式_UPLIFT,t_learner,4857.0,1458.0,,,,,,,,,,,,,,0.008026597197772104,0.012082853855005737,
S7_同意选择偏差,22,oot,OVERLAP_L1_vs_L3a_联邦LR,top_k_overlap,,,,,,,,,,,,,,,,,,0.4413793103448276
S7_同意选择偏差,22,oot,OVERLAP_L1_vs_L3b_纵向GBDT,top_k_overlap,,,,,,,,,,,,,,,,,,0.4068965517241379
S7_同意选择偏差,22,oot,OVERLAP_L1_vs_L3c_SplitNN_形态A双向,top_k_overlap,,,,,,,,,,,,,,,,,,0.4
S7_同意选择偏差,33,random,L0_内地单方_LR,logistic,4874.0,1463.0,0.6791826354179545,0.30501933911446283,2.4440360841964583,0.12195121951219512,2.566237888406281,0.25609756097560976,2.0774306715669897,0.4146341463414634,0.0,,,,,,,
S7_同意选择偏差,33,random,L1_加k匿名统计_LR,logistic,4874.0,1463.0,0.6764892884265554,0.28592748273608737,2.1996324757768124,0.10975609756097561,2.321834279986635,0.23170731707317074,1.9552288673571667,0.3902439024390244,384.0,,,,,,,
S7_同意选择偏差,33,random,L2_加粗粒度标记_LR,logistic,4874.0,1463.0,0.6795711838363857,0.28877978135320814,2.4440360841964583,0.12195121951219512,2.321834279986635,0.23170731707317074,2.016329769462078,0.4024390243902439,0.0,,,,,,,
S7_同意选择偏差,33,random,L4_集中式_LR,logistic,4874.0,1463.0,0.7184878402006323,0.3820049098391056,3.1772469094553957,0.15853658536585366,3.4216505178750416,0.34146341463414637,2.627338790511193,0.524390243902439,0.0,,,,,,,
S7_同意选择偏差,33,random,L0_内地单方_GBDT,gbdt,4874.0,1463.0,0.6291967644513519,0.2269740908850073,1.4664216505178749,0.07317073170731707,2.0774306715669897,0.2073170731707317,2.016329769462078,0.4024390243902439,0.0,60.0,0.0,0.0,,,,
S7_同意选择偏差,33,random,L4_集中式_GBDT,gbdt,4874.0,1463.0,0.6804984016530968,0.3118012751452641,2.9328433010357498,0.14634146341463414,2.4440360841964583,0.24390243902439024,2.321834279986635,0.4634146341463415,1389240.0,60.0,420.0,420.0,,,,
S7_同意选择偏差,33,random,L3a_联邦LR,federated_logistic,4874.0,1463.0,0.7181081224280744,0.38128079687748356,3.4216505178750416,0.17073170731707318,3.4216505178750416,0.34146341463414637,2.566237888406281,0.5121951219512195,2728800.0,400.0,,,,,,
S7_同意选择偏差,33,random,L3b_纵向GBDT,vertical_gbdt,4874.0,1463.0,0.6804984016530968,0.3118012751452641,2.9328433010357498,0.14634146341463414,2.4440360841964583,0.24390243902439024,2.321834279986635,0.4634146341463415,1389240.0,60.0,420.0,420.0,,,,
S7_同意选择偏差,33,random,L3c_SplitNN_形态A双向,splitnn,4874.0,1463.0,0.6714999735080625,0.25403118984122497,2.9328433010357498,0.14634146341463414,2.6884396926161043,0.2682926829268293,2.016329769462078,0.4024390243902439,319488.0,156.0,,,1.0,,,
S7_同意选择偏差,33,random,L3c_SplitNN_形态B自监督,splitnn,4874.0,1463.0,0.6206354532770526,0.1900796524257784,2.1996324757768124,0.10975609756097561,2.1996324757768124,0.21951219512195122,1.7719261610424322,0.35365853658536583,159744.0,156.0,,,0.0,,,
S7_同意选择偏差,33,random,L3c_SplitNN_形态B随机,splitnn,4874.0,1463.0,0.6319298493491814,0.22133130817187968,2.4440360841964583,0.12195121951219512,2.0774306715669897,0.2073170731707317,1.8941279652522551,0.3780487804878049,159744.0,156.0,,,0.0,,,
S7_同意选择偏差,33,random,L0_内地单方_UPLIFT,t_learner,4874.0,1463.0,,,,,,,,,,,,,,0.017105482423315093,0.11936936936936939,
S7_同意选择偏差,33,random,L1_加k匿名统计_UPLIFT,t_learner,4874.0,1463.0,,,,,,,,,,,,,,0.01984490770445656,0.058912102390363257,
S7_同意选择偏差,33,random,L2_加粗粒度标记_UPLIFT,t_learner,4874.0,1463.0,,,,,,,,,,,,,,0.016344203448511303,0.12218045112781954,
S7_同意选择偏差,33,random,L4_集中式_UPLIFT,t_learner,4874.0,1463.0,,,,,,,,,,,,,,0.02526873079820969,0.1734848484848485,
S7_同意选择偏差,33,random,OVERLAP_L1_vs_L3a_联邦LR,top_k_overlap,,,,,,,,,,,,,,,,,,0.4246575342465753
S7_同意选择偏差,33,random,OVERLAP_L1_vs_L3b_纵向GBDT,top_k_overlap,,,,,,,,,,,,,,,,,,0.3356164383561644
S7_同意选择偏差,33,random,OVERLAP_L1_vs_L3c_SplitNN_形态A双向,top_k_overlap,,,,,,,,,,,,,,,,,,0.3972602739726027
S7_同意选择偏差,33,oot,L0_内地单方_LR,logistic,4874.0,1463.0,0.619010241459221,0.21480900052328622,2.249510763209393,0.11224489795918367,2.0450097847358117,0.20408163265306123,1.6871330724070448,0.336734693877551,0.0,,,,,,,
S7_同意选择偏差,33,oot,L1_加k匿名统计_LR,logistic,4874.0,1463.0,0.6142259101442775,0.20005232862375721,3.067514677103718,0.15306122448979592,1.9427592954990214,0.19387755102040816,1.8405088062622308,0.3673469387755102,384.0,,,,,,,
S7_同意选择偏差,33,oot,L2_加粗粒度标记_LR,logistic,4874.0,1463.0,0.6254915152874336,0.22715855572998428,2.6585127201565557,0.1326530612244898,2.0450097847358117,0.20408163265306123,1.6871330724070448,0.336734693877551,0.0,,,,,,,
S7_同意选择偏差,33,oot,L4_集中式_LR,logistic,4874.0,1463.0,0.7023248859983555,0.3263212977498692,4.0900195694716235,0.20408163265306123,3.067514677103718,0.30612244897959184,2.5051369863013697,0.5,0.0,,,,,,,
S7_同意选择偏差,33,oot,L0_内地单方_GBDT,gbdt,4874.0,1463.0,0.6155341257382073,0.21862899005756148,2.6585127201565557,0.1326530612244898,2.249510763209393,0.22448979591836735,1.8916340508806262,0.37755102040816324,0.0,60.0,0.0,0.0,,,,
S7_同意选择偏差,33,oot,L4_集中式_GBDT,gbdt,4874.0,1463.0,0.7073783359497645,0.34029304029304036,3.6810176125244616,0.1836734693877551,2.863013698630137,0.2857142857142857,2.249510763209393,0.4489795918367347,1389240.0,60.0,420.0,420.0,,,,
S7_同意选择偏差,33,oot,L3a_联邦LR,federated_logistic,4874.0,1463.0,0.7020333408088508,0.3263212977498692,4.0900195694716235,0.20408163265306123,3.067514677103718,0.30612244897959184,2.4540117416829745,0.4897959183673469,2728800.0,400.0,,,,,,
S7_同意选择偏差,33,oot,L3b_纵向GBDT,vertical_gbdt,4874.0,1463.0,0.7073783359497645,0.34029304029304036,3.6810176125244616,0.1836734693877551,2.863013698630137,0.2857142857142857,2.249510763209393,0.4489795918367347,1389240.0,60.0,420.0,420.0,,,,
S7_同意选择偏差,33,oot,L3c_SplitNN_形态A双向,splitnn,4874.0,1463.0,0.6939149286088061,0.29806384092098376,3.067514677103718,0.15306122448979592,2.863013698630137,0.2857142857142857,2.0961350293542074,0.41836734693877553,319488.0,156.0,,,1.0,,,
S7_同意选择偏差,33,oot,L3c_SplitNN_形态B自监督,splitnn,4874.0,1463.0,0.622501308215594,0.22365253793825218,3.067514677103718,0.15306122448979592,2.1472602739726026,0.21428571428571427,1.6871330724070448,0.336734693877551,159744.0,156.0,,,0.0,,,
S7_同意选择偏差,33,oot,L3c_SplitNN_形态B随机,splitnn,4874.0,1463.0,0.6528593855124467,0.27200418628990053,2.0450097847358117,0.10204081632653061,2.249510763209393,0.22448979591836735,1.9427592954990214,0.3877551020408163,159744.0,156.0,,,0.0,,,
S7_同意选择偏差,33,oot,L0_内地单方_UPLIFT,t_learner,4874.0,1463.0,,,,,,,,,,,,,,0.004020608969366531,0.014328808446455496,
S7_同意选择偏差,33,oot,L1_加k匿名统计_UPLIFT,t_learner,4874.0,1463.0,,,,,,,,,,,,,,0.006790342418863423,0.05378787878787877,
S7_同意选择偏差,33,oot,L2_加粗粒度标记_UPLIFT,t_learner,4874.0,1463.0,,,,,,,,,,,,,,0.004434836378453175,0.016516516516516505,
S7_同意选择偏差,33,oot,L4_集中式_UPLIFT,t_learner,4874.0,1463.0,,,,,,,,,,,,,,0.004484091709412712,0.0652337858220211,
S7_同意选择偏差,33,oot,OVERLAP_L1_vs_L3a_联邦LR,top_k_overlap,,,,,,,,,,,,,,,,,,0.4041095890410959
S7_同意选择偏差,33,oot,OVERLAP_L1_vs_L3b_纵向GBDT,top_k_overlap,,,,,,,,,,,,,,,,,,0.3493150684931507
S7_同意选择偏差,33,oot,OVERLAP_L1_vs_L3c_SplitNN_形态A双向,top_k_overlap,,,,,,,,,,,,,,,,,,0.3972602739726027
S7_同意选择偏差,44,random,L0_内地单方_LR,logistic,4917.0,1476.0,0.6912841670964415,0.30292379101043365,4.221586632545536,0.2087912087912088,3.1998205875756893,0.31868131868131866,2.1992922331905382,0.43956043956043955,0.0,,,,,,,
S7_同意选择偏差,44,random,L1_加k匿名统计_LR,logistic,4917.0,1476.0,0.6974411869718729,0.30215416352600466,4.221586632545536,0.2087912087912088,3.0894819466248036,0.3076923076923077,2.1443099273607746,0.42857142857142855,384.0,,,,,,,
S7_同意选择偏差,44,random,L2_加粗粒度标记_LR,logistic,4917.0,1476.0,0.6914111159598523,0.30292379101043365,4.221586632545536,0.2087912087912088,3.1998205875756893,0.31868131868131866,2.1443099273607746,0.42857142857142855,0.0,,,,,,,
S7_同意选择偏差,44,random,L4_集中式_LR,logistic,4917.0,1476.0,0.7917403895743247,0.4487404292458444,4.888152942947463,0.24175824175824176,4.192868356133662,0.4175824175824176,2.804097597317936,0.5604395604395604,0.0,,,,,,,
S7_同意选择偏差,44,random,L0_内地单方_GBDT,gbdt,4917.0,1476.0,0.6611020748204863,0.2695362399333519,2.6662652416077073,0.13186813186813187,2.979143305673918,0.2967032967032967,2.089327621531011,0.4175824175824176,0.0,60.0,0.0,0.0,,,,
S7_同意选择偏差,44,random,L4_集中式_GBDT,gbdt,4917.0,1476.0,0.7684056016185979,0.4016662038322688,5.110341713081438,0.25274725274725274,4.082529715182776,0.4065934065934066,2.584168373998882,0.5164835164835165,1400040.0,60.0,420.0,420.0,,,,
S7_同意选择偏差,44,random,L3a_联邦LR,federated_logistic,4917.0,1476.0,0.7914785575435395,0.44729638592454474,5.110341713081438,0.25274725274725274,4.192868356133662,0.4175824175824176,2.804097597317936,0.5604395604395604,2752800.0,400.0,,,,,,
S7_同意选择偏差,44,random,L3b_纵向GBDT,vertical_gbdt,4917.0,1476.0,0.7684056016185979,0.4016662038322688,5.110341713081438,0.25274725274725274,4.082529715182776,0.4065934065934066,2.584168373998882,0.5164835164835165,1400040.0,60.0,420.0,420.0,,,,
S7_同意选择偏差,44,random,L3c_SplitNN_形态A双向,splitnn,4917.0,1476.0,0.7406038005315984,0.3511246875867815,3.5550203221436094,0.17582417582417584,3.3101592285265755,0.32967032967032966,2.419221456509592,0.4835164835164835,319488.0,156.0,,,1.0,,,
S7_同意选择偏差,44,random,L3c_SplitNN_形态B自监督,splitnn,4917.0,1476.0,0.6806680683937002,0.30410600230094814,3.1106427818756583,0.15384615384615385,2.758466023772146,0.27472527472527475,2.1443099273607746,0.42857142857142855,159744.0,156.0,,,0.0,,,
S7_同意选择偏差,44,random,L3c_SplitNN_形态B随机,splitnn,4917.0,1476.0,0.659539016939739,0.28559527115483796,3.1106427818756583,0.15384615384615385,2.868804664723032,0.2857142857142857,1.9793630098714845,0.3956043956043956,159744.0,156.0,,,0.0,,,
S7_同意选择偏差,44,random,L0_内地单方_UPLIFT,t_learner,4917.0,1476.0,,,,,,,,,,,,,,0.011136995453682404,0.15235098111810438,
S7_同意选择偏差,44,random,L1_加k匿名统计_UPLIFT,t_learner,4917.0,1476.0,,,,,,,,,,,,,,0.012782274040472877,0.14716771566086634,
S7_同意选择偏差,44,random,L2_加粗粒度标记_UPLIFT,t_learner,4917.0,1476.0,,,,,,,,,,,,,,0.011246675356499493,0.10649350649350649,
S7_同意选择偏差,44,random,L4_集中式_UPLIFT,t_learner,4917.0,1476.0,,,,,,,,,,,,,,0.014282583244619632,0.20222222222222222,
S7_同意选择偏差,44,random,OVERLAP_L1_vs_L3a_联邦LR,top_k_overlap,,,,,,,,,,,,,,,,,,0.41496598639455784
S7_同意选择偏差,44,random,OVERLAP_L1_vs_L3b_纵向GBDT,top_k_overlap,,,,,,,,,,,,,,,,,,0.32653061224489793
S7_同意选择偏差,44,random,OVERLAP_L1_vs_L3c_SplitNN_形态A双向,top_k_overlap,,,,,,,,,,,,,,,,,,0.35374149659863946
S7_同意选择偏差,44,oot,L0_内地单方_LR,logistic,4917.0,1476.0,0.6596745302793552,0.26484241015282595,3.8310021629416,0.18947368421052632,2.642320085929108,0.2631578947368421,1.896021409455843,0.37894736842105264,0.0,,,,,,,
S7_同意选择偏差,44,oot,L1_加k匿名统计_LR,logistic,4917.0,1476.0,0.6602766873737566,0.26622203590075844,3.6181687094448445,0.17894736842105263,2.853705692803437,0.28421052631578947,1.7906868867082961,0.35789473684210527,384.0,,,,,,,
S7_同意选择偏差,44,oot,L2_加粗粒度标记_LR,logistic,4917.0,1476.0,0.6573954800106712,0.2540340714204047,4.043835616438356,0.2,2.43093447905478,0.24210526315789474,1.896021409455843,0.37894736842105264,0.0,,,,,,,
S7_同意选择偏差,44,oot,L4_集中式_LR,logistic,4917.0,1476.0,0.786866877548687,0.4488738137886352,4.895169430425378,0.24210526315789474,4.122019334049409,0.4105263157894737,3.0547011596788582,0.6105263157894737,0.0,,,,,,,
S7_同意选择偏差,44,oot,L0_内地单方_GBDT,gbdt,4917.0,1476.0,0.6136057014367926,0.2537139372689508,2.1283345349675558,0.10526315789473684,1.902470461868958,0.18947368421052632,1.6326851025869757,0.3263157894736842,0.0,60.0,0.0,0.0,,,,
S7_同意选择偏差,44,oot,L4_集中式_GBDT,gbdt,4917.0,1476.0,0.7307900453523382,0.3351194786386677,4.2566690699351115,0.21052631578947367,3.2764769065520944,0.3263157894736842,2.264692239072257,0.45263157894736844,1400040.0,60.0,420.0,420.0,,,,
S7_同意选择偏差,44,oot,L3a_联邦LR,federated_logistic,4917.0,1476.0,0.7868287663401807,0.44837836807805176,4.895169430425378,0.24210526315789474,4.122019334049409,0.4105263157894737,3.0547011596788582,0.6105263157894737,2752800.0,400.0,,,,,,
S7_同意选择偏差,44,oot,L3b_纵向GBDT,vertical_gbdt,4917.0,1476.0,0.7307900453523382,0.3351194786386677,4.2566690699351115,0.21052631578947367,3.2764769065520944,0.3263157894736842,2.264692239072257,0.45263157894736844,1400040.0,60.0,420.0,420.0,,,,
S7_同意选择偏差,44,oot,L3c_SplitNN_形态A双向,splitnn,4917.0,1476.0,0.7557528869240443,0.40090704676245287,4.682335976928623,0.23157894736842105,3.5935553168635876,0.35789473684210527,2.580695807314897,0.5157894736842106,319488.0,156.0,,,1.0,,,
S7_同意选择偏差,44,oot,L3c_SplitNN_形态B自监督,splitnn,4917.0,1476.0,0.6829376119516749,0.3098974808491177,4.043835616438356,0.2,2.43093447905478,0.24210526315789474,1.8433541480820694,0.3684210526315789,159744.0,156.0,,,0.0,,,
S7_同意选择偏差,44,oot,L3c_SplitNN_形态B随机,splitnn,4917.0,1476.0,0.6653454781051107,0.2558176759785053,3.405335255948089,0.16842105263157894,2.853705692803437,0.28421052631578947,1.896021409455843,0.37894736842105264,159744.0,156.0,,,0.0,,,
S7_同意选择偏差,44,oot,L0_内地单方_UPLIFT,t_learner,4917.0,1476.0,,,,,,,,,,,,,,0.014383064503636845,0.13046701260192736,
S7_同意选择偏差,44,oot,L1_加k匿名统计_UPLIFT,t_learner,4917.0,1476.0,,,,,,,,,,,,,,0.014654585635049757,0.09420289855072463,
S7_同意选择偏差,44,oot,L2_加粗粒度标记_UPLIFT,t_learner,4917.0,1476.0,,,,,,,,,,,,,,0.014892213009541517,0.14500000000000002,
S7_同意选择偏差,44,oot,L4_集中式_UPLIFT,t_learner,4917.0,1476.0,,,,,,,,,,,,,,0.016668633865411092,0.1386194029850746,
S7_同意选择偏差,44,oot,OVERLAP_L1_vs_L3a_联邦LR,top_k_overlap,,,,,,,,,,,,,,,,,,0.46938775510204084
S7_同意选择偏差,44,oot,OVERLAP_L1_vs_L3b_纵向GBDT,top_k_overlap,,,,,,,,,,,,,,,,,,0.43537414965986393
S7_同意选择偏差,44,oot,OVERLAP_L1_vs_L3c_SplitNN_形态A双向,top_k_overlap,,,,,,,,,,,,,,,,,,0.3877551020408163
S7_同意选择偏差,55,random,L0_内地单方_LR,logistic,4815.0,1445.0,0.6941735411484709,0.33550453626326426,3.181741192411924,0.15853658536585366,2.5698678861788617,0.25609756097560976,1.8292682926829267,0.36585365853658536,0.0,,,,,,,
S7_同意选择偏差,55,random,L1_加k匿名统计_LR,logistic,4815.0,1445.0,0.6881699264534832,0.32406098455702087,2.9369918699186988,0.14634146341463414,2.5698678861788617,0.25609756097560976,1.951219512195122,0.3902439024390244,384.0,,,,,,,
S7_同意选择偏差,55,random,L2_加粗粒度标记_LR,logistic,4815.0,1445.0,0.6939498595279423,0.3450781096218886,2.6922425474254745,0.13414634146341464,2.2027439024390243,0.21951219512195122,2.0121951219512195,0.4024390243902439,0.0,,,,,,,
S7_同意选择偏差,55,random,L4_集中式_LR,logistic,4815.0,1445.0,0.7147433029722814,0.39384070289712436,3.181741192411924,0.15853658536585366,2.3251185636856366,0.23170731707317074,2.0121951219512195,0.4024390243902439,0.0,,,,,,,
S7_同意选择偏差,55,random,L0_内地单方_GBDT,gbdt,4815.0,1445.0,0.6645178318987885,0.28059517205590245,2.2027439024390243,0.10975609756097561,1.4684959349593494,0.14634146341463414,1.5853658536585367,0.3170731707317073,0.0,60.0,0.0,0.0,,,,
S7_同意选择偏差,55,random,L4_集中式_GBDT,gbdt,4815.0,1445.0,0.6732816777910993,0.28164200203997636,2.4474932249322494,0.12195121951219512,2.080369241192412,0.2073170731707317,2.0121951219512195,0.4024390243902439,1374480.0,60.0,420.0,420.0,,,,
S7_同意选择偏差,55,random,L3a_联邦LR,federated_logistic,4815.0,1445.0,0.714465937762826,0.39796539197967185,3.181741192411924,0.15853658536585366,2.4474932249322494,0.24390243902439024,2.0121951219512195,0.4024390243902439,2696000.0,400.0,,,,,,
S7_同意选择偏差,55,random,L3b_纵向GBDT,vertical_gbdt,4815.0,1445.0,0.6732816777910993,0.28164200203997636,2.4474932249322494,0.12195121951219512,2.080369241192412,0.2073170731707317,2.0121951219512195,0.4024390243902439,1374480.0,60.0,420.0,420.0,,,,
S7_同意选择偏差,55,random,L3c_SplitNN_形态A双向,splitnn,4815.0,1445.0,0.6796968666678597,0.31623212783851984,2.2027439024390243,0.10975609756097561,2.080369241192412,0.2073170731707317,1.768292682926829,0.35365853658536583,319488.0,156.0,,,1.0,,,
S7_同意选择偏差,55,random,L3c_SplitNN_形态B自监督,splitnn,4815.0,1445.0,0.6664012311436394,0.2661990229586816,2.6922425474254745,0.13414634146341464,2.2027439024390243,0.21951219512195122,1.8292682926829267,0.36585365853658536,159744.0,156.0,,,0.0,,,
S7_同意选择偏差,55,random,L3c_SplitNN_形态B随机,splitnn,4815.0,1445.0,0.654769786876152,0.2548986274895765,2.2027439024390243,0.10975609756097561,2.4474932249322494,0.24390243902439024,1.646341463414634,0.32926829268292684,159744.0,156.0,,,0.0,,,
S7_同意选择偏差,55,random,L0_内地单方_UPLIFT,t_learner,4815.0,1445.0,,,,,,,,,,,,,,0.01029285003844406,0.05057915057915058,
S7_同意选择偏差,55,random,L1_加k匿名统计_UPLIFT,t_learner,4815.0,1445.0,,,,,,,,,,,,,,0.010090413770594666,0.0407925407925408,
S7_同意选择偏差,55,random,L2_加粗粒度标记_UPLIFT,t_learner,4815.0,1445.0,,,,,,,,,,,,,,0.010133571757911852,0.1021671826625387,
S7_同意选择偏差,55,random,L4_集中式_UPLIFT,t_learner,4815.0,1445.0,,,,,,,,,,,,,,0.01205966330929157,0.1705756929637527,
S7_同意选择偏差,55,random,OVERLAP_L1_vs_L3a_联邦LR,top_k_overlap,,,,,,,,,,,,,,,,,,0.4513888888888889
S7_同意选择偏差,55,random,OVERLAP_L1_vs_L3b_纵向GBDT,top_k_overlap,,,,,,,,,,,,,,,,,,0.4027777777777778
S7_同意选择偏差,55,random,OVERLAP_L1_vs_L3c_SplitNN_形态A双向,top_k_overlap,,,,,,,,,,,,,,,,,,0.3611111111111111
S7_同意选择偏差,55,oot,L0_内地单方_LR,logistic,4815.0,1445.0,0.6737398072646404,0.3136891524586114,2.5086805555555554,0.125,2.2996238425925926,0.22916666666666666,1.7708333333333333,0.3541666666666667,0.0,,,,,,,
S7_同意选择偏差,55,oot,L1_加k匿名统计_LR,logistic,4815.0,1445.0,0.6625664072152211,0.2862614282184335,2.5086805555555554,0.125,2.2996238425925926,0.22916666666666666,1.71875,0.34375,384.0,,,,,,,
S7_同意选择偏差,55,oot,L2_加粗粒度标记_LR,logistic,4815.0,1445.0,0.7046886582653819,0.3891076723498888,3.135850694444444,0.15625,2.5086805555555554,0.25,2.1354166666666665,0.4270833333333333,0.0,,,,,,,
S7_同意选择偏差,55,oot,L4_集中式_LR,logistic,4815.0,1445.0,0.7463476031628367,0.42902149740548556,3.5539641203703702,0.17708333333333334,2.9267939814814814,0.2916666666666667,2.604166666666666,0.5208333333333334,0.0,,,,,,,
S7_同意选择偏差,55,oot,L0_内地单方_GBDT,gbdt,4815.0,1445.0,0.6465205707931801,0.24315079070916734,2.717737268518518,0.13541666666666666,1.9860387731481481,0.19791666666666666,1.71875,0.34375,0.0,60.0,0.0,0.0,,,,
S7_同意选择偏差,55,oot,L4_集中式_GBDT,gbdt,4815.0,1445.0,0.7022871880405237,0.33339510748702744,3.344907407407407,0.16666666666666666,2.717737268518518,0.2708333333333333,2.1354166666666665,0.4270833333333333,1374480.0,60.0,420.0,420.0,,,,
S7_同意选择偏差,55,oot,L3a_联邦LR,federated_logistic,4815.0,1445.0,0.7463167160859896,0.430465468248085,3.5539641203703702,0.17708333333333334,2.9267939814814814,0.2916666666666667,2.604166666666666,0.5208333333333334,2696000.0,400.0,,,,,,
S7_同意选择偏差,55,oot,L3b_纵向GBDT,vertical_gbdt,4815.0,1445.0,0.7022871880405237,0.33339510748702744,3.344907407407407,0.16666666666666666,2.717737268518518,0.2708333333333333,2.1354166666666665,0.4270833333333333,1374480.0,60.0,420.0,420.0,,,,
S7_同意选择偏差,55,oot,L3c_SplitNN_形态A双向,splitnn,4815.0,1445.0,0.7273443291326909,0.33573480355819124,2.5086805555555554,0.125,2.4041521990740735,0.23958333333333334,2.34375,0.46875,319488.0,156.0,,,1.0,,,
S7_同意选择偏差,55,oot,L3c_SplitNN_形态B自监督,splitnn,4815.0,1445.0,0.6635470719051149,0.265659747961453,2.9267939814814814,0.14583333333333334,2.4041521990740735,0.23958333333333334,1.6666666666666665,0.3333333333333333,159744.0,156.0,,,0.0,,,
S7_同意选择偏差,55,oot,L3c_SplitNN_形态B随机,splitnn,4815.0,1445.0,0.6606050778354337,0.2454209908574253,2.9267939814814814,0.14583333333333334,2.0905671296296298,0.20833333333333334,1.6145833333333333,0.3229166666666667,159744.0,156.0,,,0.0,,,
S7_同意选择偏差,55,oot,L0_内地单方_UPLIFT,t_learner,4815.0,1445.0,,,,,,,,,,,,,,0.010509733335634132,0.14316033185413854,
S7_同意选择偏差,55,oot,L1_加k匿名统计_UPLIFT,t_learner,4815.0,1445.0,,,,,,,,,,,,,,0.01060422156616488,0.1487555469805132,
S7_同意选择偏差,55,oot,L2_加粗粒度标记_UPLIFT,t_learner,4815.0,1445.0,,,,,,,,,,,,,,0.009642127312636322,0.09739130434782609,
S7_同意选择偏差,55,oot,L4_集中式_UPLIFT,t_learner,4815.0,1445.0,,,,,,,,,,,,,,0.01187322343986406,0.19999999999999998,
S7_同意选择偏差,55,oot,OVERLAP_L1_vs_L3a_联邦LR,top_k_overlap,,,,,,,,,,,,,,,,,,0.4791666666666667
S7_同意选择偏差,55,oot,OVERLAP_L1_vs_L3b_纵向GBDT,top_k_overlap,,,,,,,,,,,,,,,,,,0.3888888888888889
S7_同意选择偏差,55,oot,OVERLAP_L1_vs_L3c_SplitNN_形态A双向,top_k_overlap,,,,,,,,,,,,,,,,,,0.3958333333333333
S8_稀疏正样本,11,random,L0_内地单方_LR,logistic,7236.0,2171.0,0.6543729211504598,0.2907454509880649,3.173976608187134,0.15789473684210525,1.579674993936454,0.15789473684210525,1.0531166626243027,0.21052631578947367,0.0,,,,,,,
S8_稀疏正样本,11,random,L1_加k匿名统计_LR,logistic,7236.0,2171.0,0.6368861279593034,0.26416063392682454,3.173976608187134,0.15789473684210525,1.579674993936454,0.15789473684210525,0.789837496968227,0.15789473684210525,384.0,,,,,,,
S8_稀疏正样本,11,random,L2_加粗粒度标记_LR,logistic,7236.0,2171.0,0.6702455488162786,0.3214390530228918,3.173976608187134,0.15789473684210525,1.579674993936454,0.15789473684210525,1.579674993936454,0.3157894736842105,0.0,,,,,,,
S8_稀疏正样本,11,random,L4_集中式_LR,logistic,7236.0,2171.0,0.6968059088241048,0.3889160633926825,4.231968810916179,0.21052631578947367,2.632791656560757,0.2631578947368421,2.1062333252486054,0.42105263157894735,0.0,,,,,,,
S8_稀疏正样本,11,random,L0_内地单方_GBDT,gbdt,7236.0,2171.0,0.5902587556251223,0.1895421639600861,4.231968810916179,0.21052631578947367,2.1062333252486054,0.21052631578947367,1.3163958282803785,0.2631578947368421,0.0,60.0,0.0,0.0,,,,
S8_稀疏正样本,11,random,L4_集中式_GBDT,gbdt,7236.0,2171.0,0.5993445509684994,0.2143660731755038,3.173976608187134,0.15789473684210525,2.632791656560757,0.2631578947368421,1.579674993936454,0.3157894736842105,1967086.0,60.0,394.0,394.0,,,,
S8_稀疏正样本,11,random,L3a_联邦LR,federated_logistic,7236.0,2171.0,0.7006701232635492,0.37729896302093524,4.231968810916179,0.21052631578947367,2.632791656560757,0.2631578947368421,2.1062333252486054,0.42105263157894735,4052000.0,400.0,,,,,,
S8_稀疏正样本,11,random,L3b_纵向GBDT,vertical_gbdt,7236.0,2171.0,0.5993445509684994,0.2143660731755038,3.173976608187134,0.15789473684210525,2.632791656560757,0.2631578947368421,1.579674993936454,0.3157894736842105,1967086.0,60.0,394.0,394.0,,,,
S8_稀疏正样本,11,random,L3c_SplitNN_形态A双向,splitnn,7236.0,2171.0,0.5982439835648601,0.217618861279593,5.2899610136452235,0.2631578947368421,2.632791656560757,0.2631578947368421,1.3163958282803785,0.2631578947368421,466944.0,228.0,,,1.0,,,
S8_稀疏正样本,11,random,L3c_SplitNN_形态B自监督,splitnn,7236.0,2171.0,0.6054343572686363,0.2633046370573273,3.173976608187134,0.15789473684210525,2.1062333252486054,0.21052631578947367,1.8429541595925296,0.3684210526315789,233472.0,228.0,,,0.0,,,
S8_稀疏正样本,11,random,L3c_SplitNN_形态B随机,splitnn,7236.0,2171.0,0.629059870866758,0.2264723146155351,4.231968810916179,0.21052631578947367,2.632791656560757,0.2631578947368421,1.8429541595925296,0.3684210526315789,233472.0,228.0,,,0.0,,,
S8_稀疏正样本,11,random,L0_内地单方_UPLIFT,t_learner,7236.0,2171.0,,,,,,,,,,,,,,-0.0006356441907997908,-0.03386657590197413,
S8_稀疏正样本,11,random,L1_加k匿名统计_UPLIFT,t_learner,7236.0,2171.0,,,,,,,,,,,,,,-0.0005192024452423966,-0.03585386576040782,
S8_稀疏正样本,11,random,L2_加粗粒度标记_UPLIFT,t_learner,7236.0,2171.0,,,,,,,,,,,,,,-0.00043346032911051926,-0.026762956669498728,
S8_稀疏正样本,11,random,L4_集中式_UPLIFT,t_learner,7236.0,2171.0,,,,,,,,,,,,,,9.577876251788868e-05,-0.02229407760381212,
S8_稀疏正样本,11,random,OVERLAP_L1_vs_L3a_联邦LR,top_k_overlap,,,,,,,,,,,,,,,,,,0.34101382488479265
S8_稀疏正样本,11,random,OVERLAP_L1_vs_L3b_纵向GBDT,top_k_overlap,,,,,,,,,,,,,,,,,,0.2857142857142857
S8_稀疏正样本,11,random,OVERLAP_L1_vs_L3c_SplitNN_形态A双向,top_k_overlap,,,,,,,,,,,,,,,,,,0.31797235023041476
S8_稀疏正样本,11,oot,L0_内地单方_LR,logistic,7236.0,2171.0,0.7265056510295711,0.3939464313361202,3.350308641975308,0.16666666666666666,2.2232462877624166,0.2222222222222222,2.501152073732719,0.5,0.0,,,,,,,
S8_稀疏正样本,11,oot,L1_加k匿名统计_LR,logistic,7236.0,2171.0,0.7296279093770965,0.4391804716932446,2.2335390946502054,0.1111111111111111,2.2232462877624166,0.2222222222222222,2.2232462877624166,0.4444444444444444,384.0,,,,,,,
S8_稀疏正样本,11,oot,L2_加粗粒度标记_LR,logistic,7236.0,2171.0,0.7057336016927285,0.38158641688599887,1.1167695473251027,0.05555555555555555,1.6674347158218126,0.16666666666666666,1.9453405017921146,0.3888888888888889,0.0,,,,,,,
S8_稀疏正样本,11,oot,L4_集中式_LR,logistic,7236.0,2171.0,0.804020230169789,0.5121019765701604,4.467078189300411,0.2222222222222222,4.446492575524833,0.4444444444444444,3.056963645673323,0.6111111111111112,0.0,,,,,,,
S8_稀疏正样本,11,oot,L0_内地单方_GBDT,gbdt,7236.0,2171.0,0.598828508024978,0.21270062445166948,2.2335390946502054,0.1111111111111111,1.6674347158218126,0.16666666666666666,1.1116231438812083,0.2222222222222222,0.0,60.0,0.0,0.0,,,,
S8_稀疏正样本,11,oot,L4_集中式_GBDT,gbdt,7236.0,2171.0,0.7316664086287867,0.3953140320999123,5.583847736625514,0.2777777777777778,3.890681003584229,0.3888888888888889,2.7790578597030207,0.5555555555555556,1963374.0,60.0,386.0,386.0,,,,
S8_稀疏正样本,11,oot,L3a_联邦LR,federated_logistic,7236.0,2171.0,0.805052381689632,0.48237601279867887,5.583847736625514,0.2777777777777778,4.446492575524833,0.4444444444444444,3.334869431643625,0.6666666666666666,4052000.0,400.0,,,,,,
S8_稀疏正样本,11,oot,L3b_纵向GBDT,vertical_gbdt,7236.0,2171.0,0.7316664086287867,0.3953140320999123,5.583847736625514,0.2777777777777778,3.890681003584229,0.3888888888888889,2.7790578597030207,0.5555555555555556,1963374.0,60.0,386.0,386.0,,,,
S8_稀疏正样本,11,oot,L3c_SplitNN_形态A双向,splitnn,7236.0,2171.0,0.8100841203488672,0.5448985911131754,5.583847736625514,0.2777777777777778,3.890681003584229,0.3888888888888889,3.056963645673323,0.6111111111111112,466944.0,228.0,,,1.0,,,
S8_稀疏正样本,11,oot,L3c_SplitNN_形态B自监督,splitnn,7236.0,2171.0,0.6521133302368788,0.3235278938948238,1.1167695473251027,0.05555555555555555,1.6674347158218126,0.16666666666666666,1.6674347158218126,0.3333333333333333,233472.0,228.0,,,0.0,,,
S8_稀疏正样本,11,oot,L3c_SplitNN_形态B随机,splitnn,7236.0,2171.0,0.6295092119523146,0.2711462042627857,1.1167695473251027,0.05555555555555555,1.6674347158218126,0.16666666666666666,1.9453405017921146,0.3888888888888889,233472.0,228.0,,,0.0,,,
S8_稀疏正样本,11,oot,L0_内地单方_UPLIFT,t_learner,7236.0,2171.0,,,,,,,,,,,,,,0.000999168452108054,-0.02961198093941457,
S8_稀疏正样本,11,oot,L1_加k匿名统计_UPLIFT,t_learner,7236.0,2171.0,,,,,,,,,,,,,,0.0012122488526899288,-0.017672047578589634,
S8_稀疏正样本,11,oot,L2_加粗粒度标记_UPLIFT,t_learner,7236.0,2171.0,,,,,,,,,,,,,,0.00125871803374465,-0.008581138487680544,
S8_稀疏正样本,11,oot,L4_集中式_UPLIFT,t_learner,7236.0,2171.0,,,,,,,,,,,,,,0.0017039544349334618,-0.0035714285714285726,
S8_稀疏正样本,11,oot,OVERLAP_L1_vs_L3a_联邦LR,top_k_overlap,,,,,,,,,,,,,,,,,,0.3548387096774194
S8_稀疏正样本,11,oot,OVERLAP_L1_vs_L3b_纵向GBDT,top_k_overlap,,,,,,,,,,,,,,,,,,0.2764976958525346
S8_稀疏正样本,11,oot,OVERLAP_L1_vs_L3c_SplitNN_形态A双向,top_k_overlap,,,,,,,,,,,,,,,,,,0.34101382488479265
S8_稀疏正样本,22,random,L0_内地单方_LR,logistic,7169.0,2151.0,0.824730173627405,0.562599718442046,7.0359813084112135,0.35,5.002325581395349,0.5,3.001395348837209,0.6,0.0,,,,,,,
S8_稀疏正样本,22,random,L1_加k匿名统计_LR,logistic,7169.0,2151.0,0.8224777099953073,0.555091506335054,6.030841121495326,0.3,5.002325581395349,0.5,3.001395348837209,0.6,384.0,,,,,,,
S8_稀疏正样本,22,random,L2_加粗粒度标记_LR,logistic,7169.0,2151.0,0.8160957297043642,0.5076959174096669,7.0359813084112135,0.35,5.002325581395349,0.5,3.001395348837209,0.6,0.0,,,,,,,
S8_稀疏正样本,22,random,L4_集中式_LR,logistic,7169.0,2151.0,0.9132332238385734,0.7195917409666823,10.051401869158877,0.5,7.003255813953488,0.7,4.251976744186046,0.85,0.0,,,,,,,
S8_稀疏正样本,22,random,L0_内地单方_GBDT,gbdt,7169.0,2151.0,0.7670811825434067,0.4234396996715157,6.030841121495326,0.3,4.502093023255814,0.45,2.751279069767442,0.55,0.0,60.0,0.0,0.0,,,,
S8_稀疏正样本,22,random,L4_集中式_GBDT,gbdt,7169.0,2151.0,0.883575786015955,0.6582824964805256,9.04626168224299,0.45,5.002325581395349,0.5,4.001860465116279,0.8,1944400.0,60.0,400.0,400.0,,,,
S8_稀疏正样本,22,random,L3a_联邦LR,federated_logistic,7169.0,2151.0,0.9117081182543406,0.7134913186297512,10.051401869158877,0.5,7.003255813953488,0.7,4.001860465116279,0.8,4014400.0,400.0,,,,,,
S8_稀疏正样本,22,random,L3b_纵向GBDT,vertical_gbdt,7169.0,2151.0,0.883575786015955,0.6582824964805256,9.04626168224299,0.45,5.002325581395349,0.5,4.001860465116279,0.8,1944400.0,60.0,400.0,400.0,,,,
S8_稀疏正样本,22,random,L3c_SplitNN_形态A双向,splitnn,7169.0,2151.0,0.9114265603003285,0.7087986860628812,11.056542056074765,0.55,6.503023255813953,0.65,4.251976744186046,0.85,466944.0,228.0,,,1.0,,,
S8_稀疏正样本,22,random,L3c_SplitNN_形态B自监督,splitnn,7169.0,2151.0,0.7982871891130925,0.4981698732989207,9.04626168224299,0.45,5.002325581395349,0.5,3.2515116279069765,0.65,233472.0,228.0,,,0.0,,,
S8_稀疏正样本,22,random,L3c_SplitNN_形态B随机,splitnn,7169.0,2151.0,0.7905678085405913,0.4488972313467855,6.030841121495326,0.3,3.501627906976744,0.35,3.001395348837209,0.6,233472.0,228.0,,,0.0,,,
S8_稀疏正样本,22,random,L0_内地单方_UPLIFT,t_learner,7169.0,2151.0,,,,,,,,,,,,,,0.0030241981772647,0.03395865902379711,
S8_稀疏正样本,22,random,L1_加k匿名统计_UPLIFT,t_learner,7169.0,2151.0,,,,,,,,,,,,,,0.003141062665546472,0.006513809275664407,
S8_稀疏正样本,22,random,L2_加粗粒度标记_UPLIFT,t_learner,7169.0,2151.0,,,,,,,,,,,,,,0.0030101507057739493,0.026406926406926406,
S8_稀疏正样本,22,random,L4_集中式_UPLIFT,t_learner,7169.0,2151.0,,,,,,,,,,,,,,0.004394231670249662,0.08324625566004876,
S8_稀疏正样本,22,random,OVERLAP_L1_vs_L3a_联邦LR,top_k_overlap,,,,,,,,,,,,,,,,,,0.4
S8_稀疏正样本,22,random,OVERLAP_L1_vs_L3b_纵向GBDT,top_k_overlap,,,,,,,,,,,,,,,,,,0.2930232558139535
S8_稀疏正样本,22,random,OVERLAP_L1_vs_L3c_SplitNN_形态A双向,top_k_overlap,,,,,,,,,,,,,,,,,,0.3395348837209302
S8_稀疏正样本,22,oot,L0_内地单方_LR,logistic,7169.0,2151.0,0.7234654961502482,0.4170684320356912,4.6391085549964055,0.23076923076923078,4.617531305903399,0.46153846153846156,2.6935599284436496,0.5384615384615384,0.0,,,,,,,
S8_稀疏正样本,22,oot,L1_加k匿名统计_LR,logistic,7169.0,2151.0,0.7144347700942649,0.4123911635604807,4.6391085549964055,0.23076923076923078,4.617531305903399,0.46153846153846156,2.6935599284436496,0.5384615384615384,384.0,,,,,,,
S8_稀疏正样本,22,oot,L2_加粗粒度标记_LR,logistic,7169.0,2151.0,0.730481398863064,0.44444844210980783,4.6391085549964055,0.23076923076923078,5.387119856887299,0.5384615384615384,2.6935599284436496,0.5384615384615384,0.0,,,,,,,
S8_稀疏正样本,22,oot,L4_集中式_LR,logistic,7169.0,2151.0,0.832050082751673,0.6279412822911421,6.18547807332854,0.3076923076923077,4.617531305903399,0.46153846153846156,3.4631484794275496,0.6923076923076923,0.0,,,,,,,
S8_稀疏正样本,22,oot,L0_内地单方_GBDT,gbdt,7169.0,2151.0,0.6850759156652515,0.3616248111103116,3.09273903666427,0.15384615384615385,1.5391771019677998,0.15384615384615385,2.3087656529516996,0.46153846153846156,0.0,60.0,0.0,0.0,,,,
S8_稀疏正样本,22,oot,L4_集中式_GBDT,gbdt,7169.0,2151.0,0.7950277038209685,0.4767215945887601,7.731847591660676,0.38461538461538464,5.387119856887299,0.5384615384615384,3.0783542039355996,0.6153846153846154,1967760.0,60.0,420.0,420.0,,,,
S8_稀疏正样本,22,oot,L3a_联邦LR,federated_logistic,7169.0,2151.0,0.83446067496582,0.618586745340721,6.18547807332854,0.3076923076923077,3.847942754919499,0.38461538461538464,3.4631484794275496,0.6923076923076923,4014400.0,400.0,,,,,,
S8_稀疏正样本,22,oot,L3b_纵向GBDT,vertical_gbdt,7169.0,2151.0,0.7950277038209685,0.4767215945887601,7.731847591660676,0.38461538461538464,5.387119856887299,0.5384615384615384,3.0783542039355996,0.6153846153846154,1967760.0,60.0,420.0,420.0,,,,
S8_稀疏正样本,22,oot,L3c_SplitNN_形态A双向,splitnn,7169.0,2151.0,0.8054256314312441,0.5348996186227244,7.731847591660676,0.38461538461538464,4.617531305903399,0.46153846153846156,3.4631484794275496,0.6923076923076923,466944.0,228.0,,,1.0,,,
S8_稀疏正样本,22,oot,L3c_SplitNN_形态B自监督,splitnn,7169.0,2151.0,0.6791034036122905,0.3960207238972441,4.6391085549964055,0.23076923076923078,3.0783542039355996,0.3076923076923077,2.6935599284436496,0.5384615384615384,233472.0,228.0,,,0.0,,,
S8_稀疏正样本,22,oot,L3c_SplitNN_形态B随机,splitnn,7169.0,2151.0,0.6711880261927035,0.37425343599337985,4.6391085549964055,0.23076923076923078,2.3087656529516996,0.23076923076923078,2.3087656529516996,0.46153846153846156,233472.0,228.0,,,0.0,,,
S8_稀疏正样本,22,oot,L0_内地单方_UPLIFT,t_learner,7169.0,2151.0,,,,,,,,,,,,,,0.0018664399724820542,0.016805266805266804,
S8_稀疏正样本,22,oot,L1_加k匿名统计_UPLIFT,t_learner,7169.0,2151.0,,,,,,,,,,,,,,0.0021122208289889198,0.004376750700280114,
S8_稀疏正样本,22,oot,L2_加粗粒度标记_UPLIFT,t_learner,7169.0,2151.0,,,,,,,,,,,,,,0.002578929834219988,0.034823284823284825,
S8_稀疏正样本,22,oot,L4_集中式_UPLIFT,t_learner,7169.0,2151.0,,,,,,,,,,,,,,0.002253164266624416,0.045787545787545784,
S8_稀疏正样本,22,oot,OVERLAP_L1_vs_L3a_联邦LR,top_k_overlap,,,,,,,,,,,,,,,,,,0.4372093023255814
S8_稀疏正样本,22,oot,OVERLAP_L1_vs_L3b_纵向GBDT,top_k_overlap,,,,,,,,,,,,,,,,,,0.4372093023255814
S8_稀疏正样本,22,oot,OVERLAP_L1_vs_L3c_SplitNN_形态A双向,top_k_overlap,,,,,,,,,,,,,,,,,,0.39069767441860465
S8_稀疏正样本,33,random,L0_内地单方_LR,logistic,7289.0,2187.0,0.6918824163969796,0.31992602866389275,2.5080275229357802,0.125,2.5080275229357802,0.25,1.8767162471395882,0.375,0.0,,,,,,,
S8_稀疏正样本,33,random,L1_加k匿名统计_LR,logistic,7289.0,2187.0,0.6895322854060719,0.3310217290799815,1.6720183486238533,0.08333333333333333,2.9260321100917435,0.2916666666666667,2.0852402745995424,0.4166666666666667,384.0,,,,,,,
S8_稀疏正样本,33,random,L2_加粗粒度标记_LR,logistic,7289.0,2187.0,0.7256318384959162,0.3735552473416551,1.6720183486238533,0.08333333333333333,2.5080275229357802,0.25,1.8767162471395882,0.375,0.0,,,,,,,
S8_稀疏正样本,33,random,L4_集中式_LR,logistic,7289.0,2187.0,0.8888118354137772,0.6729079981507167,8.360091743119266,0.4166666666666667,6.270068807339451,0.625,4.170480549199085,0.8333333333333334,0.0,,,,,,,
S8_稀疏正样本,33,random,L0_内地单方_GBDT,gbdt,7289.0,2187.0,0.5690302820157189,0.22330097087378642,2.5080275229357802,0.125,1.2540137614678901,0.125,1.2511441647597255,0.25,0.0,60.0,0.0,0.0,,,,
S8_稀疏正样本,33,random,L4_集中式_GBDT,gbdt,7289.0,2187.0,0.8232393280936969,0.5668631530282016,5.0160550458715605,0.25,3.7620412844036704,0.375,3.5449084668192223,0.7083333333333334,1990970.0,60.0,410.0,410.0,,,,
S8_稀疏正样本,33,random,L3a_联邦LR,federated_logistic,7289.0,2187.0,0.8877716134997689,0.6673023578363384,8.360091743119266,0.4166666666666667,5.852064220183487,0.5833333333333334,4.170480549199085,0.8333333333333334,4081600.0,400.0,,,,,,
S8_稀疏正样本,33,random,L3b_纵向GBDT,vertical_gbdt,7289.0,2187.0,0.8232393280936969,0.5668631530282016,5.0160550458715605,0.25,3.7620412844036704,0.375,3.5449084668192223,0.7083333333333334,1990970.0,60.0,410.0,410.0,,,,
S8_稀疏正样本,33,random,L3c_SplitNN_形态A双向,splitnn,7289.0,2187.0,0.8640391431653567,0.6017683772538142,8.360091743119266,0.4166666666666667,5.434059633027523,0.5416666666666666,3.336384439359268,0.6666666666666666,466944.0,228.0,,,1.0,,,
S8_稀疏正样本,33,random,L3c_SplitNN_形态B自监督,splitnn,7289.0,2187.0,0.7302357836338418,0.44983818770226536,5.0160550458715605,0.25,3.7620412844036704,0.375,2.9193363844393594,0.5833333333333334,233472.0,228.0,,,0.0,,,
S8_稀疏正样本,33,random,L3c_SplitNN_形态B随机,splitnn,7289.0,2187.0,0.6757589767298505,0.3622861766065649,3.3440366972477067,0.16666666666666666,2.9260321100917435,0.2916666666666667,2.7108123569794054,0.5416666666666666,233472.0,228.0,,,0.0,,,
S8_稀疏正样本,33,random,L0_内地单方_UPLIFT,t_learner,7289.0,2187.0,,,,,,,,,,,,,,0.0038851586334548113,0.056074766355140186,
S8_稀疏正样本,33,random,L1_加k匿名统计_UPLIFT,t_learner,7289.0,2187.0,,,,,,,,,,,,,,0.0037339361295640906,0.06542056074766354,
S8_稀疏正样本,33,random,L2_加粗粒度标记_UPLIFT,t_learner,7289.0,2187.0,,,,,,,,,,,,,,0.003407241748351708,0.03737373737373737,
S8_稀疏正样本,33,random,L4_集中式_UPLIFT,t_learner,7289.0,2187.0,,,,,,,,,,,,,,0.005113078105945214,0.08647281921618205,
S8_稀疏正样本,33,random,OVERLAP_L1_vs_L3a_联邦LR,top_k_overlap,,,,,,,,,,,,,,,,,,0.3853211009174312
S8_稀疏正样本,33,random,OVERLAP_L1_vs_L3b_纵向GBDT,top_k_overlap,,,,,,,,,,,,,,,,,,0.30275229357798167
S8_稀疏正样本,33,random,OVERLAP_L1_vs_L3c_SplitNN_形态A双向,top_k_overlap,,,,,,,,,,,,,,,,,,0.3623853211009174
S8_稀疏正样本,33,oot,L0_内地单方_LR,logistic,7289.0,2187.0,0.7013846865767273,0.3481828213433952,4.630204657727594,0.23076923076923078,2.7009527170077634,0.2692307692307692,1.9248371765534238,0.38461538461538464,0.0,,,,,,,
S8_稀疏正样本,33,oot,L1_加k匿名统计_LR,logistic,7289.0,2187.0,0.6922898942797138,0.3075143274125227,4.630204657727594,0.23076923076923078,2.7009527170077634,0.2692307692307692,1.9248371765534238,0.38461538461538464,384.0,,,,,,,
S8_稀疏正样本,33,oot,L2_加粗粒度标记_LR,logistic,7289.0,2187.0,0.6992311251913288,0.4102445449044246,4.630204657727594,0.23076923076923078,3.0868031051517293,0.3076923076923077,2.117320894208766,0.4230769230769231,0.0,,,,,,,
S8_稀疏正样本,33,oot,L4_集中式_LR,logistic,7289.0,2187.0,0.8664791941052932,0.6142633396219699,9.260409315455188,0.46153846153846156,6.559456598447425,0.6538461538461539,3.8496743531068476,0.7692307692307693,0.0,,,,,,,
S8_稀疏正样本,33,oot,L0_内地单方_GBDT,gbdt,7289.0,2187.0,0.6222546541843164,0.2052468586480618,2.315102328863797,0.11538461538461539,1.9292519407198307,0.19230769230769232,1.3473860235873967,0.2692307692307692,0.0,60.0,0.0,0.0,,,,
S8_稀疏正样本,33,oot,L4_集中式_GBDT,gbdt,7289.0,2187.0,0.8572064215284947,0.5934930409710604,7.717007762879323,0.38461538461538464,5.401905434015527,0.5384615384615384,3.657190635451505,0.7307692307692307,1983856.0,60.0,394.0,394.0,,,,
S8_稀疏正样本,33,oot,L3a_联邦LR,federated_logistic,7289.0,2187.0,0.8675292777560246,0.6272203039903179,10.032110091743121,0.5,6.559456598447425,0.6538461538461539,4.04215807076219,0.8076923076923077,4081600.0,400.0,,,,,,
S8_稀疏正样本,33,oot,L3b_纵向GBDT,vertical_gbdt,7289.0,2187.0,0.8572064215284947,0.5934930409710604,7.717007762879323,0.38461538461538464,5.401905434015527,0.5384615384615384,3.657190635451505,0.7307692307692307,1983856.0,60.0,394.0,394.0,,,,
S8_稀疏正样本,33,oot,L3c_SplitNN_形态A双向,splitnn,7289.0,2187.0,0.8594133769978287,0.5806428647705835,7.717007762879323,0.38461538461538464,5.401905434015527,0.5384615384615384,3.657190635451505,0.7307692307692307,466944.0,228.0,,,1.0,,,
S8_稀疏正样本,33,oot,L3c_SplitNN_形态B自监督,splitnn,7289.0,2187.0,0.7894137329583881,0.516409781796177,6.173606210303459,0.3076923076923077,5.0160550458715605,0.5,3.2722232001408202,0.6538461538461539,233472.0,228.0,,,0.0,,,
S8_稀疏正样本,33,oot,L3c_SplitNN_形态B随机,splitnn,7289.0,2187.0,0.7237924038016588,0.3794895525575766,3.8585038814396615,0.19230769230769232,3.8585038814396615,0.38461538461538464,2.3098046118641085,0.46153846153846156,233472.0,228.0,,,0.0,,,
S8_稀疏正样本,33,oot,L0_内地单方_UPLIFT,t_learner,7289.0,2187.0,,,,,,,,,,,,,,0.00027851227605304936,-0.009174311926605505,
S8_稀疏正样本,33,oot,L1_加k匿名统计_UPLIFT,t_learner,7289.0,2187.0,,,,,,,,,,,,,,0.00015141408306240585,-0.03669724770642202,
S8_稀疏正样本,33,oot,L2_加粗粒度标记_UPLIFT,t_learner,7289.0,2187.0,,,,,,,,,,,,,,0.0003886598533508299,-0.0025269541778975765,
S8_稀疏正样本,33,oot,L4_集中式_UPLIFT,t_learner,7289.0,2187.0,,,,,,,,,,,,,,0.0001236924025525588,-0.014487870619946094,
S8_稀疏正样本,33,oot,OVERLAP_L1_vs_L3a_联邦LR,top_k_overlap,,,,,,,,,,,,,,,,,,0.3669724770642202
S8_稀疏正样本,33,oot,OVERLAP_L1_vs_L3b_纵向GBDT,top_k_overlap,,,,,,,,,,,,,,,,,,0.30275229357798167
S8_稀疏正样本,33,oot,OVERLAP_L1_vs_L3c_SplitNN_形态A双向,top_k_overlap,,,,,,,,,,,,,,,,,,0.3532110091743119
S8_稀疏正样本,44,random,L0_内地单方_LR,logistic,7289.0,2187.0,0.7335245143385755,0.36686401480111014,4.815412844036698,0.24,4.012844036697248,0.4,2.2020137299771165,0.44,0.0,,,,,,,
S8_稀疏正样本,44,random,L1_加k匿名统计_LR,logistic,7289.0,2187.0,0.7195374653098983,0.34140610545790934,4.012844036697248,0.2,4.012844036697248,0.4,2.2020137299771165,0.44,384.0,,,,,,,
S8_稀疏正样本,44,random,L2_加粗粒度标记_LR,logistic,7289.0,2187.0,0.7349491211840888,0.39158186864014805,4.012844036697248,0.2,4.012844036697248,0.4,2.402196796338673,0.48,0.0,,,,,,,
S8_稀疏正样本,44,random,L4_集中式_LR,logistic,7289.0,2187.0,0.9103422756706753,0.6901387604070305,11.235963302752294,0.56,6.019266055045872,0.6,4.203844393592678,0.84,0.0,,,,,,,
S8_稀疏正样本,44,random,L0_内地单方_GBDT,gbdt,7289.0,2187.0,0.6516558741905643,0.29291396854764107,2.407706422018349,0.12,2.8089908256880736,0.28,2.2020137299771165,0.44,0.0,60.0,0.0,0.0,,,,
S8_稀疏正样本,44,random,L4_集中式_GBDT,gbdt,7289.0,2187.0,0.8654024051803886,0.6385753931544866,4.815412844036698,0.24,6.019266055045872,0.6,4.0036613272311214,0.8,1962344.0,60.0,382.0,382.0,,,,
S8_稀疏正样本,44,random,L3a_联邦LR,federated_logistic,7289.0,2187.0,0.9139500462534691,0.6915263644773357,11.235963302752294,0.56,6.821834862385322,0.68,4.203844393592678,0.84,4081600.0,400.0,,,,,,
S8_稀疏正样本,44,random,L3b_纵向GBDT,vertical_gbdt,7289.0,2187.0,0.8654024051803886,0.6385753931544866,4.815412844036698,0.24,6.019266055045872,0.6,4.0036613272311214,0.8,1962344.0,60.0,382.0,382.0,,,,
S8_稀疏正样本,44,random,L3c_SplitNN_形态A双向,splitnn,7289.0,2187.0,0.8856429232192414,0.6577613320999075,8.025688073394496,0.4,6.019266055045872,0.6,4.203844393592678,0.84,466944.0,228.0,,,1.0,,,
S8_稀疏正样本,44,random,L3c_SplitNN_形态B自监督,splitnn,7289.0,2187.0,0.7624051803885292,0.46584643848288626,4.815412844036698,0.24,4.012844036697248,0.4,3.002745995423341,0.6,233472.0,228.0,,,0.0,,,
S8_稀疏正样本,44,random,L3c_SplitNN_形态B随机,splitnn,7289.0,2187.0,0.7738575393154488,0.44127659574468087,4.815412844036698,0.24,3.2102752293577987,0.32,2.8025629290617853,0.56,233472.0,228.0,,,0.0,,,
S8_稀疏正样本,44,random,L0_内地单方_UPLIFT,t_learner,7289.0,2187.0,,,,,,,,,,,,,,0.0027974525842006078,0.027522935779816515,
S8_稀疏正样本,44,random,L1_加k匿名统计_UPLIFT,t_learner,7289.0,2187.0,,,,,,,,,,,,,,0.0028850461338733925,0.021744627054361566,
S8_稀疏正样本,44,random,L2_加粗粒度标记_UPLIFT,t_learner,7289.0,2187.0,,,,,,,,,,,,,,0.003061381788447965,0.029047739328113158,
S8_稀疏正样本,44,random,L4_集中式_UPLIFT,t_learner,7289.0,2187.0,,,,,,,,,,,,,,0.004521945921215561,0.11082995951417005,
S8_稀疏正样本,44,random,OVERLAP_L1_vs_L3a_联邦LR,top_k_overlap,,,,,,,,,,,,,,,,,,0.38990825688073394
S8_稀疏正样本,44,random,OVERLAP_L1_vs_L3b_纵向GBDT,top_k_overlap,,,,,,,,,,,,,,,,,,0.3440366972477064
S8_稀疏正样本,44,random,OVERLAP_L1_vs_L3c_SplitNN_形态A双向,top_k_overlap,,,,,,,,,,,,,,,,,,0.3256880733944954
S8_稀疏正样本,44,oot,L0_内地单方_LR,logistic,7289.0,2187.0,0.7144398212359377,0.40464632454923716,3.3440366972477067,0.16666666666666666,2.9260321100917435,0.2916666666666667,2.502288329519451,0.5,0.0,,,,,,,
S8_稀疏正样本,44,oot,L1_加k匿名统计_LR,logistic,7289.0,2187.0,0.7167899522268455,0.4138349514563107,2.5080275229357802,0.125,2.9260321100917435,0.2916666666666667,2.502288329519451,0.5,384.0,,,,,,,
S8_稀疏正样本,44,oot,L2_加粗粒度标记_LR,logistic,7289.0,2187.0,0.7050970873786409,0.37182154415164126,3.3440366972477067,0.16666666666666666,2.9260321100917435,0.2916666666666667,2.0852402745995424,0.4166666666666667,0.0,,,,,,,
S8_稀疏正样本,44,oot,L4_集中式_LR,logistic,7289.0,2187.0,0.8439859762675297,0.5460587147480351,8.360091743119266,0.4166666666666667,5.0160550458715605,0.5,3.5449084668192223,0.7083333333333334,0.0,,,,,,,
S8_稀疏正样本,44,oot,L0_内地单方_GBDT,gbdt,7289.0,2187.0,0.6567845584835876,0.2921867776236708,4.180045871559633,0.20833333333333334,2.5080275229357802,0.25,2.0852402745995424,0.4166666666666667,0.0,60.0,0.0,0.0,,,,
S8_稀疏正样本,44,oot,L4_集中式_GBDT,gbdt,7289.0,2187.0,0.8111611958699337,0.5331715210355987,5.852064220183487,0.2916666666666667,5.434059633027523,0.5416666666666666,3.5449084668192223,0.7083333333333334,1959732.0,60.0,386.0,386.0,,,,
S8_稀疏正样本,44,oot,L3a_联邦LR,federated_logistic,7289.0,2187.0,0.8462012636769918,0.544671752196024,8.360091743119266,0.4166666666666667,5.0160550458715605,0.5,3.5449084668192223,0.7083333333333334,4081600.0,400.0,,,,,,
S8_稀疏正样本,44,oot,L3b_纵向GBDT,vertical_gbdt,7289.0,2187.0,0.8111611958699337,0.5331715210355987,5.852064220183487,0.2916666666666667,5.434059633027523,0.5416666666666666,3.5449084668192223,0.7083333333333334,1959732.0,60.0,386.0,386.0,,,,
S8_稀疏正样本,44,oot,L3c_SplitNN_形态A双向,splitnn,7289.0,2187.0,0.8409038372630606,0.5526467868700878,5.0160550458715605,0.25,4.598050458715597,0.4583333333333333,3.5449084668192223,0.7083333333333334,466944.0,228.0,,,1.0,,,
S8_稀疏正样本,44,oot,L3c_SplitNN_形态B自监督,splitnn,7289.0,2187.0,0.7359955308984435,0.45521266759130835,3.3440366972477067,0.16666666666666666,2.9260321100917435,0.2916666666666667,1.8767162471395882,0.375,233472.0,228.0,,,0.0,,,
S8_稀疏正样本,44,oot,L3c_SplitNN_形态B随机,splitnn,7289.0,2187.0,0.7328170750500848,0.4016412390198798,4.180045871559633,0.20833333333333334,2.5080275229357802,0.25,2.502288329519451,0.5,233472.0,228.0,,,0.0,,,
S8_稀疏正样本,44,oot,L0_内地单方_UPLIFT,t_learner,7289.0,2187.0,,,,,,,,,,,,,,0.00108651243830699,0.023863924854023867,
S8_稀疏正样本,44,oot,L1_加k匿名统计_UPLIFT,t_learner,7289.0,2187.0,,,,,,,,,,,,,,0.0016161084392005546,0.028797818863423363,
S8_稀疏正样本,44,oot,L2_加粗粒度标记_UPLIFT,t_learner,7289.0,2187.0,,,,,,,,,,,,,,0.0010719202855985737,0.0145368492224476,
S8_稀疏正样本,44,oot,L4_集中式_UPLIFT,t_learner,7289.0,2187.0,,,,,,,,,,,,,,0.002199832111874809,0.05729564553093965,
S8_稀疏正样本,44,oot,OVERLAP_L1_vs_L3a_联邦LR,top_k_overlap,,,,,,,,,,,,,,,,,,0.3394495412844037
S8_稀疏正样本,44,oot,OVERLAP_L1_vs_L3b_纵向GBDT,top_k_overlap,,,,,,,,,,,,,,,,,,0.29357798165137616
S8_稀疏正样本,44,oot,OVERLAP_L1_vs_L3c_SplitNN_形态A双向,top_k_overlap,,,,,,,,,,,,,,,,,,0.3165137614678899
S8_稀疏正样本,55,random,L0_内地单方_LR,logistic,7121.0,2137.0,0.8165277122332337,0.5745896911541083,4.480083857442348,0.2222222222222222,4.45905059989567,0.4444444444444444,2.7803799115274526,0.5555555555555556,0.0,,,,,,,
S8_稀疏正样本,55,random,L1_加k匿名统计_LR,logistic,7121.0,2137.0,0.8190446227256043,0.5882753919563735,5.600104821802935,0.2777777777777778,4.45905059989567,0.4444444444444444,3.0584179026801976,0.6111111111111112,384.0,,,,,,,
S8_稀疏正样本,55,random,L2_加粗粒度标记_LR,logistic,7121.0,2137.0,0.8229248597346757,0.5310418960725709,5.600104821802935,0.2777777777777778,4.45905059989567,0.4444444444444444,3.0584179026801976,0.6111111111111112,0.0,,,,,,,
S8_稀疏正样本,55,random,L4_集中式_LR,logistic,7121.0,2137.0,0.851633370038278,0.6078863195427613,8.960167714884696,0.4444444444444444,4.45905059989567,0.4444444444444444,3.8925318761384333,0.7777777777777778,0.0,,,,,,,
S8_稀疏正样本,55,random,L0_内地单方_GBDT,gbdt,7121.0,2137.0,0.7853940537989619,0.49064023910649673,5.600104821802935,0.2777777777777778,5.573813249869587,0.5555555555555556,3.3364558938329427,0.6666666666666666,0.0,60.0,0.0,0.0,,,,
S8_稀疏正样本,55,random,L4_集中式_GBDT,gbdt,7121.0,2137.0,0.8327827591631273,0.5983168161082272,4.480083857442348,0.2222222222222222,6.688575899843505,0.6666666666666666,3.3364558938329427,0.6666666666666666,1951656.0,60.0,414.0,414.0,,,,
S8_稀疏正样本,55,random,L3a_联邦LR,federated_logistic,7121.0,2137.0,0.8501127366158041,0.6098526558649258,8.960167714884696,0.4444444444444444,4.45905059989567,0.4444444444444444,3.8925318761384333,0.7777777777777778,3987200.0,400.0,,,,,,
S8_稀疏正样本,55,random,L3b_纵向GBDT,vertical_gbdt,7121.0,2137.0,0.8327827591631273,0.5983168161082272,4.480083857442348,0.2222222222222222,6.688575899843505,0.6666666666666666,3.3364558938329427,0.6666666666666666,1951656.0,60.0,414.0,414.0,,,,
S8_稀疏正样本,55,random,L3c_SplitNN_形态A双向,splitnn,7121.0,2137.0,0.8530229143726076,0.6382989879922395,4.480083857442348,0.2222222222222222,4.45905059989567,0.4444444444444444,3.614493884985688,0.7222222222222222,466944.0,228.0,,,1.0,,,
S8_稀疏正样本,55,random,L3c_SplitNN_形态B自监督,splitnn,7121.0,2137.0,0.849378637722196,0.5879345603271984,6.720125786163521,0.3333333333333333,5.573813249869587,0.5555555555555556,3.3364558938329427,0.6666666666666666,233472.0,228.0,,,0.0,,,
S8_稀疏正样本,55,random,L3c_SplitNN_形态B随机,splitnn,7121.0,2137.0,0.8468879450474542,0.5683236327408105,8.960167714884696,0.4444444444444444,5.016431924882628,0.5,3.0584179026801976,0.6111111111111112,233472.0,228.0,,,0.0,,,
S8_稀疏正样本,55,random,L0_内地单方_UPLIFT,t_learner,7121.0,2137.0,,,,,,,,,,,,,,0.00392298402827536,0.07564803385646271,
S8_稀疏正样本,55,random,L1_加k匿名统计_UPLIFT,t_learner,7121.0,2137.0,,,,,,,,,,,,,,0.0032077704396746677,0.06041335453100159,
S8_稀疏正样本,55,random,L2_加粗粒度标记_UPLIFT,t_learner,7121.0,2137.0,,,,,,,,,,,,,,0.0039021506844009305,0.0651560571327808,
S8_稀疏正样本,55,random,L4_集中式_UPLIFT,t_learner,7121.0,2137.0,,,,,,,,,,,,,,0.005198033640664725,0.07595385980479148,
S8_稀疏正样本,55,random,OVERLAP_L1_vs_L3a_联邦LR,top_k_overlap,,,,,,,,,,,,,,,,,,0.5117370892018779
S8_稀疏正样本,55,random,OVERLAP_L1_vs_L3b_纵向GBDT,top_k_overlap,,,,,,,,,,,,,,,,,,0.43661971830985913
S8_稀疏正样本,55,random,OVERLAP_L1_vs_L3c_SplitNN_形态A双向,top_k_overlap,,,,,,,,,,,,,,,,,,0.3192488262910798
S8_稀疏正样本,55,oot,L0_内地单方_LR,logistic,7121.0,2137.0,0.8184090909090909,0.4967045454545455,7.257735849056603,0.36,4.013145539906103,0.4,3.2029976580796253,0.64,0.0,,,,,,,
S8_稀疏正样本,55,oot,L1_加k匿名统计_LR,logistic,7121.0,2137.0,0.8215340909090909,0.501969696969697,7.257735849056603,0.36,4.414460093896714,0.44,3.4031850117096023,0.68,384.0,,,,,,,
S8_稀疏正样本,55,oot,L2_加粗粒度标记_LR,logistic,7121.0,2137.0,0.8376325757575758,0.573409090909091,8.064150943396227,0.4,4.8157746478873245,0.48,3.2029976580796253,0.64,0.0,,,,,,,
S8_稀疏正样本,55,oot,L4_集中式_LR,logistic,7121.0,2137.0,0.8631628787878787,0.6299810606060605,8.87056603773585,0.44,6.019718309859155,0.6,3.6033723653395784,0.72,0.0,,,,,,,
S8_稀疏正样本,55,oot,L0_内地单方_GBDT,gbdt,7121.0,2137.0,0.7545170454545455,0.44941287878787883,4.838490566037736,0.24,4.013145539906103,0.4,2.6024355971896953,0.52,0.0,60.0,0.0,0.0,,,,
S8_稀疏正样本,55,oot,L4_集中式_GBDT,gbdt,7121.0,2137.0,0.7813068181818181,0.5218560606060607,8.064150943396227,0.4,5.2170892018779345,0.52,3.4031850117096023,0.68,1935576.0,60.0,390.0,390.0,,,,
S8_稀疏正样本,55,oot,L3a_联邦LR,federated_logistic,7121.0,2137.0,0.865435606060606,0.6370833333333332,8.87056603773585,0.44,6.019718309859155,0.6,3.6033723653395784,0.72,3987200.0,400.0,,,,,,
S8_稀疏正样本,55,oot,L3b_纵向GBDT,vertical_gbdt,7121.0,2137.0,0.7813068181818181,0.5218560606060607,8.064150943396227,0.4,5.2170892018779345,0.52,3.4031850117096023,0.68,1935576.0,60.0,390.0,390.0,,,,
S8_稀疏正样本,55,oot,L3c_SplitNN_形态A双向,splitnn,7121.0,2137.0,0.8150378787878788,0.5298863636363637,4.032075471698113,0.2,4.8157746478873245,0.48,3.4031850117096023,0.68,466944.0,228.0,,,1.0,,,
S8_稀疏正样本,55,oot,L3c_SplitNN_形态B自监督,splitnn,7121.0,2137.0,0.7547348484848485,0.43403409090909095,6.451320754716981,0.32,3.611830985915493,0.36,2.8026229508196723,0.56,233472.0,228.0,,,0.0,,,
S8_稀疏正样本,55,oot,L3c_SplitNN_形态B随机,splitnn,7121.0,2137.0,0.7593371212121213,0.4636363636363636,5.644905660377359,0.28,4.8157746478873245,0.48,3.0028103044496484,0.6,233472.0,228.0,,,0.0,,,
S8_稀疏正样本,55,oot,L0_内地单方_UPLIFT,t_learner,7121.0,2137.0,,,,,,,,,,,,,,0.004353084865355351,0.043451327433628326,
S8_稀疏正样本,55,oot,L1_加k匿名统计_UPLIFT,t_learner,7121.0,2137.0,,,,,,,,,,,,,,0.0035246076642822307,0.055986598483512603,
S8_稀疏正样本,55,oot,L2_加粗粒度标记_UPLIFT,t_learner,7121.0,2137.0,,,,,,,,,,,,,,0.004197391958738534,0.038000352671486506,
S8_稀疏正样本,55,oot,L4_集中式_UPLIFT,t_learner,7121.0,2137.0,,,,,,,,,,,,,,0.007226735743889361,0.11900106647707075,
S8_稀疏正样本,55,oot,OVERLAP_L1_vs_L3a_联邦LR,top_k_overlap,,,,,,,,,,,,,,,,,,0.5117370892018779
S8_稀疏正样本,55,oot,OVERLAP_L1_vs_L3b_纵向GBDT,top_k_overlap,,,,,,,,,,,,,,,,,,0.3568075117370892
S8_稀疏正样本,55,oot,OVERLAP_L1_vs_L3c_SplitNN_形态A双向,top_k_overlap,,,,,,,,,,,,,,,,,,0.4131455399061033
