scenario,seed,split,level,algo,n_usable,n_test,auc,ks,lift@5,recall@5,lift@10,recall@10,lift@20,recall@20,comm_floats,sweep_param,sweep_value,comm_rounds,comm_grad_msgs,comm_hist_msgs,gradient_returned,auuc,uplift@10,topk_overlap@10
SWEEP_complementarity_0.0,11,random,L0_内地单方_LR,logistic,7236.0,2171.0,0.6611773741754766,0.284170657510316,3.5098471487360374,0.1746031746031746,2.0644429814936727,0.20634920634920634,2.2232462877624166,0.4444444444444444,0.0,complementarity,0.0,,,,,,,
SWEEP_complementarity_0.0,11,random,L1_加k匿名统计_LR,logistic,7236.0,2171.0,0.6471717719345802,0.2507078100057227,2.5526161081716636,0.12698412698412698,2.0644429814936727,0.20634920634920634,1.7468363689561845,0.3492063492063492,384.0,complementarity,0.0,,,,,,,
SWEEP_complementarity_0.0,11,random,L2_加粗粒度标记_LR,logistic,7236.0,2171.0,0.6606653414053792,0.2808499743983615,3.190770135214579,0.15873015873015872,1.7468363689561845,0.1746031746031746,1.7468363689561845,0.3492063492063492,0.0,complementarity,0.0,,,,,,,
SWEEP_complementarity_0.0,11,random,L4_集中式_LR,logistic,7236.0,2171.0,0.7002876419384957,0.33485437185626943,3.5098471487360374,0.1746031746031746,3.017262819106137,0.30158730158730157,2.302647940896789,0.4603174603174603,0.0,complementarity,0.0,,,,,,,
SWEEP_complementarity_0.0,11,random,L0_内地单方_GBDT,gbdt,7236.0,2171.0,0.6504209210565947,0.276618174151381,3.190770135214579,0.15873015873015872,2.858459512837393,0.2857142857142857,1.9850413283593007,0.3968253968253968,0.0,complementarity,0.0,60.0,0.0,0.0,,,,
SWEEP_complementarity_0.0,11,random,L4_集中式_GBDT,gbdt,7236.0,2171.0,0.6721785488388903,0.3344552874913406,3.190770135214579,0.15873015873015872,3.334869431643625,0.3333333333333333,2.2232462877624166,0.4444444444444444,1984680.0,complementarity,0.0,60.0,420.0,420.0,,,,
SWEEP_complementarity_0.0,11,random,L3a_联邦LR,federated_logistic,7236.0,2171.0,0.7002424625764284,0.33437998855456164,3.5098471487360374,0.1746031746031746,3.017262819106137,0.30158730158730157,2.2232462877624166,0.4444444444444444,4052000.0,complementarity,0.0,400.0,,,,,,
SWEEP_complementarity_0.0,11,random,L3b_纵向GBDT,vertical_gbdt,7236.0,2171.0,0.6721785488388903,0.3344552874913406,3.190770135214579,0.15873015873015872,3.334869431643625,0.3333333333333333,2.2232462877624166,0.4444444444444444,1984680.0,complementarity,0.0,60.0,420.0,420.0,,,,
SWEEP_complementarity_0.0,11,random,L3c_SplitNN_形态A双向,splitnn,7236.0,2171.0,0.6697991024366736,0.2949685250444264,3.190770135214579,0.15873015873015872,2.0644429814936727,0.20634920634920634,1.9850413283593007,0.3968253968253968,466944.0,complementarity,0.0,228.0,,,1.0,,,
SWEEP_complementarity_0.0,11,random,L3c_SplitNN_形态B自监督,splitnn,7236.0,2171.0,0.6720731303273998,0.284238426553417,3.828924162257495,0.19047619047619047,2.6996562065686485,0.2698412698412698,1.9056396752249287,0.38095238095238093,233472.0,complementarity,0.0,228.0,,,0.0,,,
SWEEP_complementarity_0.0,11,random,L3c_SplitNN_形态B随机,splitnn,7236.0,2171.0,0.6512077949459353,0.23792958043432433,3.5098471487360374,0.1746031746031746,2.858459512837393,0.2857142857142857,1.9056396752249287,0.38095238095238093,233472.0,complementarity,0.0,228.0,,,0.0,,,
SWEEP_complementarity_0.0,11,random,L0_内地单方_UPLIFT,t_learner,7236.0,2171.0,,,,,,,,,,complementarity,0.0,,,,,0.0011743818372397263,0.028132992327365727,
SWEEP_complementarity_0.0,11,random,L1_加k匿名统计_UPLIFT,t_learner,7236.0,2171.0,,,,,,,,,,complementarity,0.0,,,,,-0.000651796674766623,-0.03737682636765205,
SWEEP_complementarity_0.0,11,random,L2_加粗粒度标记_UPLIFT,t_learner,7236.0,2171.0,,,,,,,,,,complementarity,0.0,,,,,0.002833917821246031,0.036828644501278776,
SWEEP_complementarity_0.0,11,random,L4_集中式_UPLIFT,t_learner,7236.0,2171.0,,,,,,,,,,complementarity,0.0,,,,,0.0033231624069663844,0.02388316151202749,
SWEEP_complementarity_0.0,11,random,OVERLAP_L1_vs_L3a_联邦LR,top_k_overlap,,,,,,,,,,,,complementarity,0.0,,,,,,,0.6221198156682027
SWEEP_complementarity_0.0,11,random,OVERLAP_L1_vs_L3b_纵向GBDT,top_k_overlap,,,,,,,,,,,,complementarity,0.0,,,,,,,0.4377880184331797
SWEEP_complementarity_0.0,11,random,OVERLAP_L1_vs_L3c_SplitNN_形态A双向,top_k_overlap,,,,,,,,,,,,complementarity,0.0,,,,,,,0.45622119815668205
SWEEP_complementarity_0.0,22,random,L0_内地单方_LR,logistic,7169.0,2151.0,0.7475217417746153,0.3806787082649151,5.74365821094793,0.2857142857142857,4.287707641196014,0.42857142857142855,2.7790697674418605,0.5555555555555556,0.0,complementarity,0.0,,,,,,,
SWEEP_complementarity_0.0,22,random,L1_加k匿名统计_LR,logistic,7169.0,2151.0,0.7455984309432585,0.3819102353585112,5.74365821094793,0.2857142857142857,3.9700996677740865,0.3968253968253968,2.7790697674418605,0.5555555555555556,384.0,complementarity,0.0,,,,,,,
SWEEP_complementarity_0.0,22,random,L2_加粗粒度标记_LR,logistic,7169.0,2151.0,0.7474761296600377,0.391351943076081,5.74365821094793,0.2857142857142857,4.287707641196014,0.42857142857142855,2.858471760797342,0.5714285714285714,0.0,complementarity,0.0,,,,,,,
SWEEP_complementarity_0.0,22,random,L4_集中式_LR,logistic,7169.0,2151.0,0.7514671896855805,0.39908319649698965,6.062750333778371,0.30158730158730157,4.1289036544850495,0.4126984126984127,2.937873754152824,0.5873015873015873,0.0,complementarity,0.0,,,,,,,
SWEEP_complementarity_0.0,22,random,L0_内地单方_GBDT,gbdt,7169.0,2151.0,0.7243583895882747,0.3412014230979748,5.105473965287049,0.25396825396825395,3.8112956810631227,0.38095238095238093,2.3026578073089703,0.4603174603174603,0.0,complementarity,0.0,60.0,0.0,0.0,,,,
SWEEP_complementarity_0.0,22,random,L4_集中式_GBDT,gbdt,7169.0,2151.0,0.7347883597883598,0.3715106732348112,4.786381842456608,0.23809523809523808,3.176079734219269,0.31746031746031744,2.620265780730897,0.5238095238095238,1963432.0,complementarity,0.0,60.0,412.0,412.0,,,,
SWEEP_complementarity_0.0,22,random,L3a_联邦LR,federated_logistic,7169.0,2151.0,0.751064282673478,0.39908319649698965,6.062750333778371,0.30158730158730157,4.1289036544850495,0.4126984126984127,2.937873754152824,0.5873015873015873,4014400.0,complementarity,0.0,400.0,,,,,,
SWEEP_complementarity_0.0,22,random,L3b_纵向GBDT,vertical_gbdt,7169.0,2151.0,0.7347883597883598,0.3715106732348112,4.786381842456608,0.23809523809523808,3.176079734219269,0.31746031746031744,2.620265780730897,0.5238095238095238,1963432.0,complementarity,0.0,60.0,412.0,412.0,,,,
SWEEP_complementarity_0.0,22,random,L3c_SplitNN_形态A双向,splitnn,7169.0,2151.0,0.7547740679924587,0.4323344280240832,4.467289719626168,0.2222222222222222,3.8112956810631227,0.38095238095238093,2.937873754152824,0.5873015873015873,466944.0,complementarity,0.0,228.0,,,1.0,,,
SWEEP_complementarity_0.0,22,random,L3c_SplitNN_形态B自监督,splitnn,7169.0,2151.0,0.742451195037402,0.3920361247947455,4.786381842456608,0.23809523809523808,3.493687707641196,0.3492063492063492,2.7790697674418605,0.5555555555555556,233472.0,complementarity,0.0,228.0,,,0.0,,,
SWEEP_complementarity_0.0,22,random,L3c_SplitNN_形态B随机,splitnn,7169.0,2151.0,0.7542039165602383,0.390120415982485,5.42456608811749,0.2698412698412698,3.493687707641196,0.3492063492063492,2.7790697674418605,0.5555555555555556,233472.0,complementarity,0.0,228.0,,,0.0,,,
SWEEP_complementarity_0.0,22,random,L0_内地单方_UPLIFT,t_learner,7169.0,2151.0,,,,,,,,,,complementarity,0.0,,,,,0.004448835499139324,0.08463270963270964,
SWEEP_complementarity_0.0,22,random,L1_加k匿名统计_UPLIFT,t_learner,7169.0,2151.0,,,,,,,,,,complementarity,0.0,,,,,0.005234352586985253,0.09353328710124825,
SWEEP_complementarity_0.0,22,random,L2_加粗粒度标记_UPLIFT,t_learner,7169.0,2151.0,,,,,,,,,,complementarity,0.0,,,,,0.004978236801412369,0.09181377639321565,
SWEEP_complementarity_0.0,22,random,L4_集中式_UPLIFT,t_learner,7169.0,2151.0,,,,,,,,,,complementarity,0.0,,,,,0.004168248980455127,0.08226421636615812,
SWEEP_complementarity_0.0,22,random,OVERLAP_L1_vs_L3a_联邦LR,top_k_overlap,,,,,,,,,,,,complementarity,0.0,,,,,,,0.6883720930232559
SWEEP_complementarity_0.0,22,random,OVERLAP_L1_vs_L3b_纵向GBDT,top_k_overlap,,,,,,,,,,,,complementarity,0.0,,,,,,,0.5162790697674419
SWEEP_complementarity_0.0,22,random,OVERLAP_L1_vs_L3c_SplitNN_形态A双向,top_k_overlap,,,,,,,,,,,,complementarity,0.0,,,,,,,0.5767441860465117
SWEEP_complementarity_0.0,33,random,L0_内地单方_LR,logistic,7289.0,2187.0,0.6998852824077199,0.3154936230514879,2.29305373525557,0.11428571428571428,2.5796854521625168,0.2571428571428571,2.2163125204315133,0.44285714285714284,0.0,complementarity,0.0,,,,,,,
SWEEP_complementarity_0.0,33,random,L1_加k匿名统计_LR,logistic,7289.0,2187.0,0.7040286119171334,0.3225656252108779,2.5796854521625168,0.12857142857142856,2.4363695937090433,0.24285714285714285,2.4307943772474667,0.4857142857142857,384.0,complementarity,0.0,,,,,,,
SWEEP_complementarity_0.0,33,random,L2_加粗粒度标记_LR,logistic,7289.0,2187.0,0.7093528578176665,0.3585667049058641,2.866317169069463,0.14285714285714285,2.5796854521625168,0.2571428571428571,2.2163125204315133,0.44285714285714284,0.0,complementarity,0.0,,,,,,,
SWEEP_complementarity_0.0,33,random,L4_集中式_LR,logistic,7289.0,2187.0,0.7473783656117148,0.3971860449423038,3.152948885976409,0.15714285714285714,3.8695281782437747,0.38571428571428573,2.788264138607388,0.5571428571428572,0.0,complementarity,0.0,,,,,,,
SWEEP_complementarity_0.0,33,random,L0_内地单方_GBDT,gbdt,7289.0,2187.0,0.6844321479182132,0.31525069167960046,2.006422018348624,0.1,1.8631061598951508,0.18571428571428572,2.0018306636155607,0.4,0.0,complementarity,0.0,60.0,0.0,0.0,,,,
SWEEP_complementarity_0.0,33,random,L4_集中式_GBDT,gbdt,7289.0,2187.0,0.7470207166475471,0.44798569404143324,3.4395806028833555,0.17142857142857143,3.2962647444298825,0.32857142857142857,2.3593004249754825,0.4714285714285714,1998000.0,complementarity,0.0,60.0,420.0,420.0,,,,
SWEEP_complementarity_0.0,33,random,L3a_联邦LR,federated_logistic,7289.0,2187.0,0.7479924421350967,0.3976584114987516,3.152948885976409,0.15714285714285714,3.8695281782437747,0.38571428571428573,2.788264138607388,0.5571428571428572,4081600.0,complementarity,0.0,400.0,,,,,,
SWEEP_complementarity_0.0,33,random,L3b_纵向GBDT,vertical_gbdt,7289.0,2187.0,0.7470207166475471,0.44798569404143324,3.4395806028833555,0.17142857142857143,3.2962647444298825,0.32857142857142857,2.3593004249754825,0.4714285714285714,1998000.0,complementarity,0.0,60.0,420.0,420.0,,,,
SWEEP_complementarity_0.0,33,random,L3c_SplitNN_形态A双向,splitnn,7289.0,2187.0,0.7411566232539308,0.4045414670355624,2.866317169069463,0.14285714285714285,2.866317169069463,0.2857142857142857,2.716770186335404,0.5428571428571428,466944.0,complementarity,0.0,228.0,,,1.0,,,
SWEEP_complementarity_0.0,33,random,L3c_SplitNN_形态B自监督,splitnn,7289.0,2187.0,0.719967609150415,0.40478439840744995,2.866317169069463,0.14285714285714285,2.5796854521625168,0.2571428571428571,2.6452762340634197,0.5285714285714286,233472.0,complementarity,0.0,228.0,,,0.0,,,
SWEEP_complementarity_0.0,33,random,L3c_SplitNN_形态B随机,splitnn,7289.0,2187.0,0.701774748633511,0.3581213307240705,1.7197903014416778,0.08571428571428572,2.72300131061599,0.2714285714285714,2.3593004249754825,0.4714285714285714,233472.0,complementarity,0.0,228.0,,,0.0,,,
SWEEP_complementarity_0.0,33,random,L0_内地单方_UPLIFT,t_learner,7289.0,2187.0,,,,,,,,,,complementarity,0.0,,,,,0.005053178719878912,0.049760040414246004,
SWEEP_complementarity_0.0,33,random,L1_加k匿名统计_UPLIFT,t_learner,7289.0,2187.0,,,,,,,,,,complementarity,0.0,,,,,0.004920523390559181,0.052764879696074296,
SWEEP_complementarity_0.0,33,random,L2_加粗粒度标记_UPLIFT,t_learner,7289.0,2187.0,,,,,,,,,,complementarity,0.0,,,,,0.0036895054252789124,0.007416772018541934,
SWEEP_complementarity_0.0,33,random,L4_集中式_UPLIFT,t_learner,7289.0,2187.0,,,,,,,,,,complementarity,0.0,,,,,0.003778036445641147,0.027841245663027855,
SWEEP_complementarity_0.0,33,random,OVERLAP_L1_vs_L3a_联邦LR,top_k_overlap,,,,,,,,,,,,complementarity,0.0,,,,,,,0.6009174311926605
SWEEP_complementarity_0.0,33,random,OVERLAP_L1_vs_L3b_纵向GBDT,top_k_overlap,,,,,,,,,,,,complementarity,0.0,,,,,,,0.41284403669724773
SWEEP_complementarity_0.0,33,random,OVERLAP_L1_vs_L3c_SplitNN_形态A双向,top_k_overlap,,,,,,,,,,,,complementarity,0.0,,,,,,,0.5
SWEEP_complementarity_0.0,44,random,L0_内地单方_LR,logistic,7289.0,2187.0,0.7122612861866523,0.3368648356839193,4.58610747051114,0.22857142857142856,2.72300131061599,0.2714285714285714,2.287806472703498,0.45714285714285713,0.0,complementarity,0.0,,,,,,,
SWEEP_complementarity_0.0,44,random,L1_加k匿名统计_LR,logistic,7289.0,2187.0,0.7136513934813417,0.337823064984142,4.299475753604194,0.21428571428571427,2.866317169069463,0.2857142857142857,2.3593004249754825,0.4714285714285714,384.0,complementarity,0.0,,,,,,,
SWEEP_complementarity_0.0,44,random,L2_加粗粒度标记_LR,logistic,7289.0,2187.0,0.7184155476078007,0.3386395843174303,4.299475753604194,0.21428571428571427,2.72300131061599,0.2714285714285714,2.502288329519451,0.5,0.0,complementarity,0.0,,,,,,,
SWEEP_complementarity_0.0,44,random,L4_集中式_LR,logistic,7289.0,2187.0,0.7309400094473311,0.3797354747283892,4.012844036697248,0.2,3.2962647444298825,0.32857142857142857,2.573782281791435,0.5142857142857142,0.0,complementarity,0.0,,,,,,,
SWEEP_complementarity_0.0,44,random,L0_内地单方_GBDT,gbdt,7289.0,2187.0,0.6749679465550982,0.31541939402118896,4.299475753604194,0.21428571428571427,3.4395806028833555,0.34285714285714286,2.4307943772474667,0.4857142857142857,0.0,complementarity,0.0,60.0,0.0,0.0,,,,
SWEEP_complementarity_0.0,44,random,L4_集中式_GBDT,gbdt,7289.0,2187.0,0.6888454011741683,0.3283622376678588,4.299475753604194,0.21428571428571427,3.152948885976409,0.3142857142857143,2.287806472703498,0.45714285714285713,1998000.0,complementarity,0.0,60.0,420.0,420.0,,,,
SWEEP_complementarity_0.0,44,random,L3a_联邦LR,federated_logistic,7289.0,2187.0,0.7309332613536674,0.37867602402321343,4.012844036697248,0.2,3.2962647444298825,0.32857142857142857,2.573782281791435,0.5142857142857142,4081600.0,complementarity,0.0,400.0,,,,,,
SWEEP_complementarity_0.0,44,random,L3b_纵向GBDT,vertical_gbdt,7289.0,2187.0,0.6888454011741683,0.3283622376678588,4.299475753604194,0.21428571428571427,3.152948885976409,0.3142857142857143,2.287806472703498,0.45714285714285713,1998000.0,complementarity,0.0,60.0,420.0,420.0,,,,
SWEEP_complementarity_0.0,44,random,L3c_SplitNN_形态A双向,splitnn,7289.0,2187.0,0.7126526756191375,0.33852486672515014,2.29305373525557,0.11428571428571428,3.009633027522936,0.3,2.287806472703498,0.45714285714285713,466944.0,complementarity,0.0,228.0,,,1.0,,,
SWEEP_complementarity_0.0,44,random,L3c_SplitNN_形态B自监督,splitnn,7289.0,2187.0,0.7185100209190904,0.34244550914366695,4.8727391874180865,0.24285714285714285,2.866317169069463,0.2857142857142857,2.287806472703498,0.45714285714285713,233472.0,complementarity,0.0,228.0,,,0.0,,,
SWEEP_complementarity_0.0,44,random,L3c_SplitNN_形态B随机,splitnn,7289.0,2187.0,0.6880896146838519,0.31719414265470003,3.7262123197903017,0.18571428571428572,2.72300131061599,0.2714285714285714,2.502288329519451,0.5,233472.0,complementarity,0.0,228.0,,,0.0,,,
SWEEP_complementarity_0.0,44,random,L0_内地单方_UPLIFT,t_learner,7289.0,2187.0,,,,,,,,,,complementarity,0.0,,,,,0.008027486145977744,0.12844036697247707,
SWEEP_complementarity_0.0,44,random,L1_加k匿名统计_UPLIFT,t_learner,7289.0,2187.0,,,,,,,,,,complementarity,0.0,,,,,0.008270788220017354,0.1317672812999916,
SWEEP_complementarity_0.0,44,random,L2_加粗粒度标记_UPLIFT,t_learner,7289.0,2187.0,,,,,,,,,,complementarity,0.0,,,,,0.007858381087644733,0.14355476972299402,
SWEEP_complementarity_0.0,44,random,L4_集中式_UPLIFT,t_learner,7289.0,2187.0,,,,,,,,,,complementarity,0.0,,,,,0.007770033137463998,0.15875420875420876,
SWEEP_complementarity_0.0,44,random,OVERLAP_L1_vs_L3a_联邦LR,top_k_overlap,,,,,,,,,,,,complementarity,0.0,,,,,,,0.6972477064220184
SWEEP_complementarity_0.0,44,random,OVERLAP_L1_vs_L3b_纵向GBDT,top_k_overlap,,,,,,,,,,,,complementarity,0.0,,,,,,,0.5642201834862385
SWEEP_complementarity_0.0,44,random,OVERLAP_L1_vs_L3c_SplitNN_形态A双向,top_k_overlap,,,,,,,,,,,,complementarity,0.0,,,,,,,0.5963302752293578
SWEEP_complementarity_0.0,55,random,L0_内地单方_LR,logistic,7121.0,2137.0,0.7865487819585142,0.5189339122045344,4.725088443396226,0.234375,4.389377934272301,0.4375,3.2061255854800934,0.640625,0.0,complementarity,0.0,,,,,,,
SWEEP_complementarity_0.0,55,random,L1_加k匿名统计_LR,logistic,7121.0,2137.0,0.7850865291847564,0.5452544621321755,4.410082547169811,0.21875,4.232614436619718,0.421875,3.1279274004683844,0.625,384.0,complementarity,0.0,,,,,,,
SWEEP_complementarity_0.0,55,random,L2_加粗粒度标记_LR,logistic,7121.0,2137.0,0.78713669802219,0.5164164254703328,5.040094339622641,0.25,4.232614436619718,0.421875,3.2061255854800934,0.640625,0.0,complementarity,0.0,,,,,,,
SWEEP_complementarity_0.0,55,random,L4_集中式_LR,logistic,7121.0,2137.0,0.8043370115774241,0.523087011577424,6.300117924528302,0.3125,4.702904929577465,0.46875,3.362521955503513,0.671875,0.0,complementarity,0.0,,,,,,,
SWEEP_complementarity_0.0,55,random,L0_内地单方_GBDT,gbdt,7121.0,2137.0,0.7627268753014955,0.4664586348287506,4.725088443396226,0.234375,3.7623239436619715,0.375,2.893332845433255,0.578125,0.0,complementarity,0.0,60.0,0.0,0.0,,,,
SWEEP_complementarity_0.0,55,random,L4_集中式_GBDT,gbdt,7121.0,2137.0,0.8000708514230583,0.5267577182826821,5.040094339622641,0.25,4.546141431924882,0.453125,3.284323770491803,0.65625,1955520.0,complementarity,0.0,60.0,420.0,420.0,,,,
SWEEP_complementarity_0.0,55,random,L3a_联邦LR,federated_logistic,7121.0,2137.0,0.8042164134105161,0.523087011577424,6.300117924528302,0.3125,4.702904929577465,0.46875,3.362521955503513,0.671875,3987200.0,complementarity,0.0,400.0,,,,,,
SWEEP_complementarity_0.0,55,random,L3b_纵向GBDT,vertical_gbdt,7121.0,2137.0,0.8000708514230583,0.5267577182826821,5.040094339622641,0.25,4.546141431924882,0.453125,3.284323770491803,0.65625,1955520.0,complementarity,0.0,60.0,420.0,420.0,,,,
SWEEP_complementarity_0.0,55,random,L3c_SplitNN_形态A双向,splitnn,7121.0,2137.0,0.7935811625663289,0.49856789676796914,6.300117924528302,0.3125,4.546141431924882,0.453125,3.2061255854800934,0.640625,466944.0,complementarity,0.0,228.0,,,1.0,,,
SWEEP_complementarity_0.0,55,random,L3c_SplitNN_形态B自监督,splitnn,7121.0,2137.0,0.7819735890014472,0.4830484201640135,6.300117924528302,0.3125,4.232614436619718,0.421875,2.971531030444965,0.59375,233472.0,complementarity,0.0,228.0,,,0.0,,,
SWEEP_complementarity_0.0,55,random,L3c_SplitNN_形态B随机,splitnn,7121.0,2137.0,0.757492161119151,0.4269024360829715,5.355100235849056,0.265625,3.7623239436619715,0.375,2.6587382903981265,0.53125,233472.0,complementarity,0.0,228.0,,,0.0,,,
SWEEP_complementarity_0.0,55,random,L0_内地单方_UPLIFT,t_learner,7121.0,2137.0,,,,,,,,,,complementarity,0.0,,,,,0.008000749143813825,0.09671694764862468,
SWEEP_complementarity_0.0,55,random,L1_加k匿名统计_UPLIFT,t_learner,7121.0,2137.0,,,,,,,,,,complementarity,0.0,,,,,0.007305074322853989,0.08532695374800639,
SWEEP_complementarity_0.0,55,random,L2_加粗粒度标记_UPLIFT,t_learner,7121.0,2137.0,,,,,,,,,,complementarity,0.0,,,,,0.008390152764044076,0.08221594918842626,
SWEEP_complementarity_0.0,55,random,L4_集中式_UPLIFT,t_learner,7121.0,2137.0,,,,,,,,,,complementarity,0.0,,,,,0.008738783123318371,0.09541041482789055,
SWEEP_complementarity_0.0,55,random,OVERLAP_L1_vs_L3a_联邦LR,top_k_overlap,,,,,,,,,,,,complementarity,0.0,,,,,,,0.6572769953051644
SWEEP_complementarity_0.0,55,random,OVERLAP_L1_vs_L3b_纵向GBDT,top_k_overlap,,,,,,,,,,,,complementarity,0.0,,,,,,,0.5492957746478874
SWEEP_complementarity_0.0,55,random,OVERLAP_L1_vs_L3c_SplitNN_形态A双向,top_k_overlap,,,,,,,,,,,,complementarity,0.0,,,,,,,0.5117370892018779
SWEEP_complementarity_0.4,11,random,L0_内地单方_LR,logistic,7236.0,2171.0,0.6895817353982734,0.3418737862493268,3.119252873563218,0.15517241379310345,2.2424122040362304,0.22413793103448276,2.156165580804068,0.43103448275862066,0.0,complementarity,0.4,,,,,,,
SWEEP_complementarity_0.4,11,random,L1_加k匿名统计_LR,logistic,7236.0,2171.0,0.6792352758783884,0.3257176428349952,3.119252873563218,0.15517241379310345,2.0699189575719052,0.20689655172413793,1.8974257111075798,0.3793103448275862,384.0,complementarity,0.4,,,,,,,
SWEEP_complementarity_0.4,11,random,L2_加粗粒度标记_LR,logistic,7236.0,2171.0,0.6901447525172577,0.3000881244186236,3.119252873563218,0.15517241379310345,2.2424122040362304,0.22413793103448276,2.0699189575719052,0.41379310344827586,0.0,complementarity,0.4,,,,,,,
SWEEP_complementarity_0.4,11,random,L4_集中式_LR,logistic,7236.0,2171.0,0.700719682752093,0.33660264046869137,2.4260855683269473,0.1206896551724138,2.0699189575719052,0.20689655172413793,2.156165580804068,0.43103448275862066,0.0,complementarity,0.4,,,,,,,
SWEEP_complementarity_0.4,11,random,L0_内地单方_GBDT,gbdt,7236.0,2171.0,0.6442384581490609,0.2508608450152586,3.119252873563218,0.15517241379310345,2.0699189575719052,0.20689655172413793,1.9836723343397424,0.39655172413793105,0.0,complementarity,0.4,60.0,0.0,0.0,,,,
SWEEP_complementarity_0.4,11,random,L4_集中式_GBDT,gbdt,7236.0,2171.0,0.652137017151623,0.28394014067268303,2.079501915708812,0.10344827586206896,2.759891943429207,0.27586206896551724,1.8974257111075798,0.3793103448275862,1981422.0,complementarity,0.4,60.0,414.0,414.0,,,,
SWEEP_complementarity_0.4,11,random,L3a_联邦LR,federated_logistic,7236.0,2171.0,0.7007931197676127,0.33565611893532654,2.079501915708812,0.10344827586206896,2.0699189575719052,0.20689655172413793,2.156165580804068,0.43103448275862066,4052000.0,complementarity,0.4,400.0,,,,,,
SWEEP_complementarity_0.4,11,random,L3b_纵向GBDT,vertical_gbdt,7236.0,2171.0,0.652137017151623,0.28394014067268303,2.079501915708812,0.10344827586206896,2.759891943429207,0.27586206896551724,1.8974257111075798,0.3793103448275862,1981422.0,complementarity,0.4,60.0,414.0,414.0,,,,
SWEEP_complementarity_0.4,11,random,L3c_SplitNN_形态A双向,splitnn,7236.0,2171.0,0.6552703298137963,0.27184751211710756,2.4260855683269473,0.1206896551724138,1.8974257111075798,0.1896551724137931,1.7249324646432544,0.3448275862068966,466944.0,complementarity,0.4,228.0,,,1.0,,,
SWEEP_complementarity_0.4,11,random,L3c_SplitNN_形态B自监督,splitnn,7236.0,2171.0,0.6721037257045873,0.2928668178925209,2.4260855683269473,0.1206896551724138,2.5873986969648817,0.25862068965517243,2.0699189575719052,0.41379310344827586,233472.0,complementarity,0.4,228.0,,,0.0,,,
SWEEP_complementarity_0.4,11,random,L3c_SplitNN_形态B随机,splitnn,7236.0,2171.0,0.674731138926514,0.27512769881032034,3.4658365261813535,0.1724137931034483,2.932385189893532,0.29310344827586204,2.156165580804068,0.43103448275862066,233472.0,complementarity,0.4,228.0,,,0.0,,,
SWEEP_complementarity_0.4,11,random,L0_内地单方_UPLIFT,t_learner,7236.0,2171.0,,,,,,,,,,complementarity,0.4,,,,,0.0002385424406036378,-0.007561597281223444,
SWEEP_complementarity_0.4,11,random,L1_加k匿名统计_UPLIFT,t_learner,7236.0,2171.0,,,,,,,,,,complementarity,0.4,,,,,1.4642982198710148e-05,-0.007681802663024921,
SWEEP_complementarity_0.4,11,random,L2_加粗粒度标记_UPLIFT,t_learner,7236.0,2171.0,,,,,,,,,,complementarity,0.4,,,,,0.0015426844626453729,-0.017923887189942242,
SWEEP_complementarity_0.4,11,random,L4_集中式_UPLIFT,t_learner,7236.0,2171.0,,,,,,,,,,complementarity,0.4,,,,,0.001916001656328438,0.011384876805437552,
SWEEP_complementarity_0.4,11,random,OVERLAP_L1_vs_L3a_联邦LR,top_k_overlap,,,,,,,,,,,,complementarity,0.4,,,,,,,0.6774193548387096
SWEEP_complementarity_0.4,11,random,OVERLAP_L1_vs_L3b_纵向GBDT,top_k_overlap,,,,,,,,,,,,complementarity,0.4,,,,,,,0.4423963133640553
SWEEP_complementarity_0.4,11,random,OVERLAP_L1_vs_L3c_SplitNN_形态A双向,top_k_overlap,,,,,,,,,,,,complementarity,0.4,,,,,,,0.4838709677419355
SWEEP_complementarity_0.4,22,random,L0_内地单方_LR,logistic,7169.0,2151.0,0.737457341836656,0.40812859988573014,5.512059089538739,0.27419354838709675,4.195498874718679,0.41935483870967744,2.904576144036009,0.5806451612903226,0.0,complementarity,0.4,,,,,,,
SWEEP_complementarity_0.4,22,random,L1_加k匿名统计_LR,logistic,7169.0,2151.0,0.7377198536110811,0.4097113914668231,5.836297859511606,0.2903225806451613,4.034133533383345,0.4032258064516129,2.8238934733683423,0.5645161290322581,384.0,complementarity,0.4,,,,,,,
SWEEP_complementarity_0.4,22,random,L2_加粗粒度标记_LR,logistic,7169.0,2151.0,0.7381290631418027,0.4042990163529393,5.836297859511606,0.2903225806451613,4.195498874718679,0.41935483870967744,2.904576144036009,0.5806451612903226,0.0,complementarity,0.4,,,,,,,
SWEEP_complementarity_0.4,22,random,L4_集中式_LR,logistic,7169.0,2151.0,0.7761083401534923,0.4298553096866845,6.160536629484473,0.3064516129032258,4.679594898724681,0.46774193548387094,2.904576144036009,0.5806451612903226,0.0,complementarity,0.4,,,,,,,
SWEEP_complementarity_0.4,22,random,L0_内地单方_GBDT,gbdt,7169.0,2151.0,0.7201354251918652,0.33448632622492624,6.160536629484473,0.3064516129032258,4.034133533383345,0.4032258064516129,2.5011627906976743,0.5,0.0,complementarity,0.4,60.0,0.0,0.0,,,,
SWEEP_complementarity_0.4,22,random,L4_集中式_GBDT,gbdt,7169.0,2151.0,0.7557173520282895,0.4266202381136213,5.836297859511606,0.2903225806451613,4.034133533383345,0.4032258064516129,2.904576144036009,0.5806451612903226,1967760.0,complementarity,0.4,60.0,420.0,420.0,,,,
SWEEP_complementarity_0.4,22,random,L3a_联邦LR,federated_logistic,7169.0,2151.0,0.7761315029571177,0.4298553096866845,5.836297859511606,0.2903225806451613,4.679594898724681,0.46774193548387094,2.904576144036009,0.5806451612903226,4014400.0,complementarity,0.4,400.0,,,,,,
SWEEP_complementarity_0.4,22,random,L3b_纵向GBDT,vertical_gbdt,7169.0,2151.0,0.7557173520282895,0.4266202381136213,5.836297859511606,0.2903225806451613,4.034133533383345,0.4032258064516129,2.904576144036009,0.5806451612903226,1967760.0,complementarity,0.4,60.0,420.0,420.0,,,,
SWEEP_complementarity_0.4,22,random,L3c_SplitNN_形态A双向,splitnn,7169.0,2151.0,0.7850955079602835,0.47857440664618045,6.48477539945734,0.3225806451612903,4.679594898724681,0.46774193548387094,3.2273068267066765,0.6451612903225806,466944.0,complementarity,0.4,228.0,,,1.0,,,
SWEEP_complementarity_0.4,22,random,L3c_SplitNN_形态B自监督,splitnn,7169.0,2151.0,0.77593847959357,0.4376997791812721,5.836297859511606,0.2903225806451613,4.518229557389347,0.45161290322580644,3.0659414853713427,0.6129032258064516,233472.0,complementarity,0.4,228.0,,,0.0,,,
SWEEP_complementarity_0.4,22,random,L3c_SplitNN_形态B随机,splitnn,7169.0,2151.0,0.7732361525038991,0.41925446656063253,5.187820319565872,0.25806451612903225,3.872768192048012,0.3870967741935484,2.8238934733683423,0.5645161290322581,233472.0,complementarity,0.4,228.0,,,0.0,,,
SWEEP_complementarity_0.4,22,random,L0_内地单方_UPLIFT,t_learner,7169.0,2151.0,,,,,,,,,,complementarity,0.4,,,,,0.006057181810795467,0.025877192982456138,
SWEEP_complementarity_0.4,22,random,L1_加k匿名统计_UPLIFT,t_learner,7169.0,2151.0,,,,,,,,,,complementarity,0.4,,,,,0.006938027847905759,0.04155844155844156,
SWEEP_complementarity_0.4,22,random,L2_加粗粒度标记_UPLIFT,t_learner,7169.0,2151.0,,,,,,,,,,complementarity,0.4,,,,,0.005597155920309373,0.017543859649122806,
SWEEP_complementarity_0.4,22,random,L4_集中式_UPLIFT,t_learner,7169.0,2151.0,,,,,,,,,,complementarity,0.4,,,,,0.007841081326236694,0.12608847091605713,
SWEEP_complementarity_0.4,22,random,OVERLAP_L1_vs_L3a_联邦LR,top_k_overlap,,,,,,,,,,,,complementarity,0.4,,,,,,,0.6
SWEEP_complementarity_0.4,22,random,OVERLAP_L1_vs_L3b_纵向GBDT,top_k_overlap,,,,,,,,,,,,complementarity,0.4,,,,,,,0.5069767441860465
SWEEP_complementarity_0.4,22,random,OVERLAP_L1_vs_L3c_SplitNN_形态A双向,top_k_overlap,,,,,,,,,,,,complementarity,0.4,,,,,,,0.5255813953488372
SWEEP_complementarity_0.4,33,random,L0_内地单方_LR,logistic,7289.0,2187.0,0.7110736217018693,0.3147175922801808,2.006422018348624,0.1,2.4363695937090433,0.24285714285714285,2.4307943772474667,0.4857142857142857,0.0,complementarity,0.4,,,,,,,
SWEEP_complementarity_0.4,33,random,L1_加k匿名统计_LR,logistic,7289.0,2187.0,0.7106282475200756,0.3474121060800324,2.5796854521625168,0.12857142857142856,2.4363695937090433,0.24285714285714285,2.502288329519451,0.5,384.0,complementarity,0.4,,,,,,,
SWEEP_complementarity_0.4,33,random,L2_加粗粒度标记_LR,logistic,7289.0,2187.0,0.7217086173156084,0.35455833726972136,2.866317169069463,0.14285714285714285,2.4363695937090433,0.24285714285714285,2.4307943772474667,0.4857142857142857,0.0,complementarity,0.4,,,,,,,
SWEEP_complementarity_0.4,33,random,L4_集中式_LR,logistic,7289.0,2187.0,0.7528780619474998,0.4141777447870977,4.299475753604194,0.21428571428571427,3.5828964613368286,0.35714285714285715,2.573782281791435,0.5142857142857142,0.0,complementarity,0.4,,,,,,,
SWEEP_complementarity_0.4,33,random,L0_内地单方_GBDT,gbdt,7289.0,2187.0,0.6673459747621298,0.26552398947297395,2.5796854521625168,0.12857142857142856,2.5796854521625168,0.2571428571428571,2.1448185681595295,0.42857142857142855,0.0,complementarity,0.4,60.0,0.0,0.0,,,,
SWEEP_complementarity_0.4,33,random,L4_集中式_GBDT,gbdt,7289.0,2187.0,0.7531142452257238,0.43731020986571295,4.012844036697248,0.2,3.2962647444298825,0.32857142857142857,2.2163125204315133,0.44285714285714284,1998000.0,complementarity,0.4,60.0,420.0,420.0,,,,
SWEEP_complementarity_0.4,33,random,L3a_联邦LR,federated_logistic,7289.0,2187.0,0.7532829475673123,0.41606721101288885,4.299475753604194,0.21428571428571427,3.5828964613368286,0.35714285714285715,2.573782281791435,0.5142857142857142,4081600.0,complementarity,0.4,400.0,,,,,,
SWEEP_complementarity_0.4,33,random,L3b_纵向GBDT,vertical_gbdt,7289.0,2187.0,0.7531142452257238,0.43731020986571295,4.012844036697248,0.2,3.2962647444298825,0.32857142857142857,2.2163125204315133,0.44285714285714284,1998000.0,complementarity,0.4,60.0,420.0,420.0,,,,
SWEEP_complementarity_0.4,33,random,L3c_SplitNN_形态A双向,splitnn,7289.0,2187.0,0.7408934476010527,0.3745124502328092,3.4395806028833555,0.17142857142857143,3.2962647444298825,0.32857142857142857,2.6452762340634197,0.5285714285714286,466944.0,complementarity,0.4,228.0,,,1.0,,,
SWEEP_complementarity_0.4,33,random,L3c_SplitNN_形态B自监督,splitnn,7289.0,2187.0,0.7049058640933936,0.3235103583237735,3.7262123197903017,0.18571428571428572,2.4363695937090433,0.24285714285714285,2.1448185681595295,0.42857142857142855,233472.0,complementarity,0.4,228.0,,,0.0,,,
SWEEP_complementarity_0.4,33,random,L3c_SplitNN_形态B随机,splitnn,7289.0,2187.0,0.6938187462041973,0.32814629867062556,2.5796854521625168,0.12857142857142856,2.72300131061599,0.2714285714285714,2.1448185681595295,0.42857142857142855,233472.0,complementarity,0.4,228.0,,,0.0,,,
SWEEP_complementarity_0.4,33,random,L0_内地单方_UPLIFT,t_learner,7289.0,2187.0,,,,,,,,,,complementarity,0.4,,,,,0.006152287716937409,0.04508231321232588,
SWEEP_complementarity_0.4,33,random,L1_加k匿名统计_UPLIFT,t_learner,7289.0,2187.0,,,,,,,,,,complementarity,0.4,,,,,0.006462097638791943,0.057137954701441326,
SWEEP_complementarity_0.4,33,random,L2_加粗粒度标记_UPLIFT,t_learner,7289.0,2187.0,,,,,,,,,,complementarity,0.4,,,,,0.004103780850946682,0.0267379679144385,
SWEEP_complementarity_0.4,33,random,L4_集中式_UPLIFT,t_learner,7289.0,2187.0,,,,,,,,,,complementarity,0.4,,,,,0.005177483667066342,0.10541382503999326,
SWEEP_complementarity_0.4,33,random,OVERLAP_L1_vs_L3a_联邦LR,top_k_overlap,,,,,,,,,,,,complementarity,0.4,,,,,,,0.5504587155963303
SWEEP_complementarity_0.4,33,random,OVERLAP_L1_vs_L3b_纵向GBDT,top_k_overlap,,,,,,,,,,,,complementarity,0.4,,,,,,,0.45871559633027525
SWEEP_complementarity_0.4,33,random,OVERLAP_L1_vs_L3c_SplitNN_形态A双向,top_k_overlap,,,,,,,,,,,,complementarity,0.4,,,,,,,0.5137614678899083
SWEEP_complementarity_0.4,44,random,L0_内地单方_LR,logistic,7289.0,2187.0,0.7159765090192876,0.3404931184396993,4.571594472186738,0.22784810126582278,2.793752177447451,0.27848101265822783,2.3439156504359415,0.46835443037974683,0.0,complementarity,0.4,,,,,,,
SWEEP_complementarity_0.4,44,random,L1_加k匿名统计_LR,logistic,7289.0,2187.0,0.7145773785218456,0.3404931184396993,4.571594472186738,0.22784810126582278,2.793752177447451,0.27848101265822783,2.3439156504359415,0.46835443037974683,384.0,complementarity,0.4,,,,,,,
SWEEP_complementarity_0.4,44,random,L2_加粗粒度标记_LR,logistic,7289.0,2187.0,0.721669108639781,0.35394398674128696,4.317617001509697,0.21518987341772153,2.793752177447451,0.27848101265822783,2.2805665788025373,0.45569620253164556,0.0,complementarity,0.4,,,,,,,
SWEEP_complementarity_0.4,44,random,L4_集中式_LR,logistic,7289.0,2187.0,0.7653784257680207,0.4357660990079985,5.587504354894902,0.27848101265822783,3.6826733248170944,0.3670886075949367,2.6606610086029603,0.5316455696202531,0.0,complementarity,0.4,,,,,,,
SWEEP_complementarity_0.4,44,random,L0_内地单方_GBDT,gbdt,7289.0,2187.0,0.6864296351451973,0.34568731535080344,4.571594472186738,0.22784810126582278,3.1747183834630124,0.31645569620253167,2.6606610086029603,0.5316455696202531,0.0,complementarity,0.4,60.0,0.0,0.0,,,,
SWEEP_complementarity_0.4,44,random,L4_集中式_GBDT,gbdt,7289.0,2187.0,0.7440371820430908,0.43394662887613195,3.809662060155615,0.189873417721519,3.9366507954941357,0.3924050632911392,2.9774063667699795,0.5949367088607594,1998000.0,complementarity,0.4,60.0,420.0,420.0,,,,
SWEEP_complementarity_0.4,44,random,L3a_联邦LR,federated_logistic,7289.0,2187.0,0.7653724209161002,0.4381380155165374,5.587504354894902,0.27848101265822783,3.6826733248170944,0.3670886075949367,2.6606610086029603,0.5316455696202531,4081600.0,complementarity,0.4,400.0,,,,,,
SWEEP_complementarity_0.4,44,random,L3b_纵向GBDT,vertical_gbdt,7289.0,2187.0,0.7440371820430908,0.43394662887613195,3.809662060155615,0.189873417721519,3.9366507954941357,0.3924050632911392,2.9774063667699795,0.5949367088607594,1998000.0,complementarity,0.4,60.0,420.0,420.0,,,,
SWEEP_complementarity_0.4,44,random,L3c_SplitNN_形态A双向,splitnn,7289.0,2187.0,0.7430283669204717,0.3676530636754498,4.825571942863779,0.24050632911392406,3.1747183834630124,0.31645569620253167,2.407264722069345,0.4810126582278481,466944.0,complementarity,0.4,228.0,,,1.0,,,
SWEEP_complementarity_0.4,44,random,L3c_SplitNN_形态B自监督,splitnn,7289.0,2187.0,0.7325078663560156,0.3739221290802969,4.571594472186738,0.22784810126582278,3.1747183834630124,0.31645569620253167,2.407264722069345,0.4810126582278481,233472.0,complementarity,0.4,228.0,,,0.0,,,
SWEEP_complementarity_0.4,44,random,L3c_SplitNN_形态B随机,splitnn,7289.0,2187.0,0.7012225878509836,0.3080308889582783,4.063639530832656,0.20253164556962025,2.9207409127859716,0.2911392405063291,2.15386843553573,0.43037974683544306,233472.0,complementarity,0.4,228.0,,,0.0,,,
SWEEP_complementarity_0.4,44,random,L0_内地单方_UPLIFT,t_learner,7289.0,2187.0,,,,,,,,,,complementarity,0.4,,,,,0.005480082149482647,0.0590216384608908,
SWEEP_complementarity_0.4,44,random,L1_加k匿名统计_UPLIFT,t_learner,7289.0,2187.0,,,,,,,,,,complementarity,0.4,,,,,0.006000961268381303,0.0277214334009466,
SWEEP_complementarity_0.4,44,random,L2_加粗粒度标记_UPLIFT,t_learner,7289.0,2187.0,,,,,,,,,,complementarity,0.4,,,,,0.005539322032295105,0.08518518518518517,
SWEEP_complementarity_0.4,44,random,L4_集中式_UPLIFT,t_learner,7289.0,2187.0,,,,,,,,,,complementarity,0.4,,,,,0.006140278462770159,0.1560391363022942,
SWEEP_complementarity_0.4,44,random,OVERLAP_L1_vs_L3a_联邦LR,top_k_overlap,,,,,,,,,,,,complementarity,0.4,,,,,,,0.5871559633027523
SWEEP_complementarity_0.4,44,random,OVERLAP_L1_vs_L3b_纵向GBDT,top_k_overlap,,,,,,,,,,,,complementarity,0.4,,,,,,,0.46788990825688076
SWEEP_complementarity_0.4,44,random,OVERLAP_L1_vs_L3c_SplitNN_形态A双向,top_k_overlap,,,,,,,,,,,,complementarity,0.4,,,,,,,0.5229357798165137
SWEEP_complementarity_0.4,55,random,L0_内地单方_LR,logistic,7121.0,2137.0,0.7609128271685053,0.47433845266421515,4.513517319065052,0.22388059701492538,3.8933501506551744,0.3880597014925373,2.838477402216086,0.5671641791044776,0.0,complementarity,0.4,,,,,,,
SWEEP_complementarity_0.4,55,random,L1_加k匿名统计_LR,logistic,7121.0,2137.0,0.7627658807412214,0.4814334126469104,4.212616164460715,0.208955223880597,4.043094387218835,0.40298507462686567,2.838477402216086,0.5671641791044776,384.0,complementarity,0.4,,,,,,,
SWEEP_complementarity_0.4,55,random,L2_加粗粒度标记_LR,logistic,7121.0,2137.0,0.7692191217823924,0.48733145864878513,5.115319628273725,0.2537313432835821,4.342582860346156,0.43283582089552236,2.9131741759586145,0.582089552238806,0.0,complementarity,0.4,,,,,,,
SWEEP_complementarity_0.4,55,random,L4_集中式_LR,logistic,7121.0,2137.0,0.7969716634220203,0.5260797461965534,6.61982540129541,0.3283582089552239,4.642071333473477,0.4626865671641791,3.436051592156314,0.6865671641791045,0.0,complementarity,0.4,,,,,,,
SWEEP_complementarity_0.4,55,random,L0_内地单方_GBDT,gbdt,7121.0,2137.0,0.7427860696517412,0.40782320282644746,3.309912700647705,0.16417910447761194,3.2943732044005327,0.3283582089552239,2.9131741759586145,0.582089552238806,0.0,complementarity,0.4,60.0,0.0,0.0,,,,
SWEEP_complementarity_0.4,55,random,L4_集中式_GBDT,gbdt,7121.0,2137.0,0.7781743456629894,0.5081548777849881,4.814418473669388,0.23880597014925373,4.192838623782496,0.417910447761194,2.987870949701143,0.5970149253731343,1955520.0,complementarity,0.4,60.0,420.0,420.0,,,,
SWEEP_complementarity_0.4,55,random,L3a_联邦LR,federated_logistic,7121.0,2137.0,0.7966688297642224,0.5265628379839931,6.61982540129541,0.3283582089552239,4.642071333473477,0.4626865671641791,3.436051592156314,0.6865671641791045,3987200.0,complementarity,0.4,400.0,,,,,,
SWEEP_complementarity_0.4,55,random,L3b_纵向GBDT,vertical_gbdt,7121.0,2137.0,0.7781743456629894,0.5081548777849881,4.814418473669388,0.23880597014925373,4.192838623782496,0.417910447761194,2.987870949701143,0.5970149253731343,1955520.0,complementarity,0.4,60.0,420.0,420.0,,,,
SWEEP_complementarity_0.4,55,random,L3c_SplitNN_形态A双向,splitnn,7121.0,2137.0,0.7910087244934747,0.4992573365058764,4.513517319065052,0.22388059701492538,4.192838623782496,0.417910447761194,2.987870949701143,0.5970149253731343,466944.0,complementarity,0.4,228.0,,,1.0,,,
SWEEP_complementarity_0.4,55,random,L3c_SplitNN_形态B自监督,splitnn,7121.0,2137.0,0.7700410988535583,0.46704160357632135,3.6108138552520415,0.1791044776119403,3.743605914091514,0.373134328358209,2.987870949701143,0.5970149253731343,233472.0,complementarity,0.4,228.0,,,0.0,,,
SWEEP_complementarity_0.4,55,random,L3c_SplitNN_形态B随机,splitnn,7121.0,2137.0,0.7670199726007643,0.4532121998702141,5.115319628273725,0.2537313432835821,3.593861677527854,0.3582089552238806,2.987870949701143,0.5970149253731343,233472.0,complementarity,0.4,228.0,,,0.0,,,
SWEEP_complementarity_0.4,55,random,L0_内地单方_UPLIFT,t_learner,7121.0,2137.0,,,,,,,,,,complementarity,0.4,,,,,0.006859868871344697,0.07413945278022949,
SWEEP_complementarity_0.4,55,random,L1_加k匿名统计_UPLIFT,t_learner,7121.0,2137.0,,,,,,,,,,complementarity,0.4,,,,,0.005537047254353633,0.08493589743589744,
SWEEP_complementarity_0.4,55,random,L2_加粗粒度标记_UPLIFT,t_learner,7121.0,2137.0,,,,,,,,,,complementarity,0.4,,,,,0.007420063155961879,0.07737148913619503,
SWEEP_complementarity_0.4,55,random,L4_集中式_UPLIFT,t_learner,7121.0,2137.0,,,,,,,,,,complementarity,0.4,,,,,0.007079577428843143,0.11738208797032326,
SWEEP_complementarity_0.4,55,random,OVERLAP_L1_vs_L3a_联邦LR,top_k_overlap,,,,,,,,,,,,complementarity,0.4,,,,,,,0.6009389671361502
SWEEP_complementarity_0.4,55,random,OVERLAP_L1_vs_L3b_纵向GBDT,top_k_overlap,,,,,,,,,,,,complementarity,0.4,,,,,,,0.5539906103286385
SWEEP_complementarity_0.4,55,random,OVERLAP_L1_vs_L3c_SplitNN_形态A双向,top_k_overlap,,,,,,,,,,,,complementarity,0.4,,,,,,,0.49295774647887325
SWEEP_complementarity_0.8,11,random,L0_内地单方_LR,logistic,7236.0,2171.0,0.6562259244992295,0.2446070878274268,2.3849654739485247,0.11864406779661017,2.5435444817620874,0.2542372881355932,1.8652659532921971,0.3728813559322034,0.0,complementarity,0.8,,,,,,,
SWEEP_complementarity_0.8,11,random,L1_加k匿名统计_LR,logistic,7236.0,2171.0,0.6469729070364664,0.2555132896764253,3.06638418079096,0.15254237288135594,2.204405217527142,0.22033898305084745,1.6956963211747247,0.3389830508474576,384.0,complementarity,0.8,,,,,,,
SWEEP_complementarity_0.8,11,random,L2_加粗粒度标记_LR,logistic,7236.0,2171.0,0.6528794298921418,0.23192732408834105,2.7256748273697426,0.13559322033898305,2.03483558540967,0.2033898305084746,1.6956963211747247,0.3389830508474576,0.0,complementarity,0.8,,,,,,,
SWEEP_complementarity_0.8,11,random,L4_集中式_LR,logistic,7236.0,2171.0,0.6869221879815102,0.358355803800719,1.703546767106089,0.0847457627118644,2.204405217527142,0.22033898305084745,1.8652659532921971,0.3728813559322034,0.0,complementarity,0.8,,,,,,,
SWEEP_complementarity_0.8,11,random,L0_内地单方_GBDT,gbdt,7236.0,2171.0,0.5997046738572162,0.18472329224447867,2.7256748273697426,0.13559322033898305,1.8652659532921971,0.1864406779661017,1.6109115051159884,0.3220338983050847,0.0,complementarity,0.8,60.0,0.0,0.0,,,,
SWEEP_complementarity_0.8,11,random,L4_集中式_GBDT,gbdt,7236.0,2171.0,0.656675333846944,0.2974688623523369,2.0442561205273067,0.1016949152542373,2.7131141138795596,0.2711864406779661,1.8652659532921971,0.3728813559322034,1984680.0,complementarity,0.8,60.0,420.0,420.0,,,,
SWEEP_complementarity_0.8,11,random,L3a_联邦LR,federated_logistic,7236.0,2171.0,0.6874598741653826,0.35930277349768874,1.703546767106089,0.0847457627118644,2.204405217527142,0.22033898305084745,1.8652659532921971,0.3728813559322034,4052000.0,complementarity,0.8,400.0,,,,,,
SWEEP_complementarity_0.8,11,random,L3b_纵向GBDT,vertical_gbdt,7236.0,2171.0,0.656675333846944,0.2974688623523369,2.0442561205273067,0.1016949152542373,2.7131141138795596,0.2711864406779661,1.8652659532921971,0.3728813559322034,1984680.0,complementarity,0.8,60.0,420.0,420.0,,,,
SWEEP_complementarity_0.8,11,random,L3c_SplitNN_形态A双向,splitnn,7236.0,2171.0,0.6228011042629688,0.21043592706728298,1.3628374136848713,0.06779661016949153,1.5261266890572522,0.15254237288135594,1.8652659532921971,0.3728813559322034,466944.0,complementarity,0.8,228.0,,,1.0,,,
SWEEP_complementarity_0.8,11,random,L3c_SplitNN_形态B自监督,splitnn,7236.0,2171.0,0.6758314072932717,0.2884004237288136,2.7256748273697426,0.13559322033898305,1.8652659532921971,0.1864406779661017,2.289190033585878,0.4576271186440678,233472.0,complementarity,0.8,228.0,,,0.0,,,
SWEEP_complementarity_0.8,11,random,L3c_SplitNN_形态B随机,splitnn,7236.0,2171.0,0.6466679506933745,0.28497367745249097,2.3849654739485247,0.11864406779661017,2.3739748496446142,0.23728813559322035,1.6956963211747247,0.3389830508474576,233472.0,complementarity,0.8,228.0,,,0.0,,,
SWEEP_complementarity_0.8,11,random,L0_内地单方_UPLIFT,t_learner,7236.0,2171.0,,,,,,,,,,complementarity,0.8,,,,,0.0037417168820200763,-0.006998975759644935,
SWEEP_complementarity_0.8,11,random,L1_加k匿名统计_UPLIFT,t_learner,7236.0,2171.0,,,,,,,,,,complementarity,0.8,,,,,0.0035832950266480373,-0.004166666666666666,
SWEEP_complementarity_0.8,11,random,L2_加粗粒度标记_UPLIFT,t_learner,7236.0,2171.0,,,,,,,,,,complementarity,0.8,,,,,0.004901469396811398,0.06720475785896346,
SWEEP_complementarity_0.8,11,random,L4_集中式_UPLIFT,t_learner,7236.0,2171.0,,,,,,,,,,complementarity,0.8,,,,,0.006508145887099911,0.07468419255718675,
SWEEP_complementarity_0.8,11,random,OVERLAP_L1_vs_L3a_联邦LR,top_k_overlap,,,,,,,,,,,,complementarity,0.8,,,,,,,0.4423963133640553
SWEEP_complementarity_0.8,11,random,OVERLAP_L1_vs_L3b_纵向GBDT,top_k_overlap,,,,,,,,,,,,complementarity,0.8,,,,,,,0.23963133640552994
SWEEP_complementarity_0.8,11,random,OVERLAP_L1_vs_L3c_SplitNN_形态A双向,top_k_overlap,,,,,,,,,,,,complementarity,0.8,,,,,,,0.37327188940092165
SWEEP_complementarity_0.8,22,random,L0_内地单方_LR,logistic,7169.0,2151.0,0.7509458144813848,0.4156410691950154,5.187820319565872,0.25806451612903225,4.195498874718679,0.41935483870967744,2.985258814703676,0.5967741935483871,0.0,complementarity,0.8,,,,,,,
SWEEP_complementarity_0.8,22,random,L1_加k匿名统计_LR,logistic,7169.0,2151.0,0.7505443258852051,0.4023842245865439,4.863581549593005,0.24193548387096775,3.711402850712678,0.3709677419354839,2.8238934733683423,0.5645161290322581,384.0,complementarity,0.8,,,,,,,
SWEEP_complementarity_0.8,22,random,L2_加粗粒度标记_LR,logistic,7169.0,2151.0,0.752876048116864,0.40345743448787047,5.512059089538739,0.27419354838709675,4.195498874718679,0.41935483870967744,2.904576144036009,0.5806451612903226,0.0,complementarity,0.8,,,,,,,
SWEEP_complementarity_0.8,22,random,L4_集中式_LR,logistic,7169.0,2151.0,0.8334980466035609,0.5349912753439676,6.48477539945734,0.3225806451612903,5.163690922730682,0.5161290322580645,3.4693548387096773,0.6935483870967742,0.0,complementarity,0.8,,,,,,,
SWEEP_complementarity_0.8,22,random,L0_内地单方_GBDT,gbdt,7169.0,2151.0,0.7323769669080745,0.3450871693509782,4.863581549593005,0.24193548387096775,3.872768192048012,0.3870967741935484,2.6625281320330085,0.532258064516129,0.0,complementarity,0.8,60.0,0.0,0.0,,,,
SWEEP_complementarity_0.8,22,random,L4_集中式_GBDT,gbdt,7169.0,2151.0,0.7983523525687549,0.5026251177442518,5.187820319565872,0.25806451612903225,4.195498874718679,0.41935483870967744,3.38867216804201,0.6774193548387096,1967760.0,complementarity,0.8,60.0,420.0,420.0,,,,
SWEEP_complementarity_0.8,22,random,L3a_联邦LR,federated_logistic,7169.0,2151.0,0.8334671628653931,0.5388208588767585,6.48477539945734,0.3225806451612903,5.163690922730682,0.5161290322580645,3.4693548387096773,0.6935483870967742,4014400.0,complementarity,0.8,400.0,,,,,,
SWEEP_complementarity_0.8,22,random,L3b_纵向GBDT,vertical_gbdt,7169.0,2151.0,0.7983523525687549,0.5026251177442518,5.187820319565872,0.25806451612903225,4.195498874718679,0.41935483870967744,3.38867216804201,0.6774193548387096,1967760.0,complementarity,0.8,60.0,420.0,420.0,,,,
SWEEP_complementarity_0.8,22,random,L3c_SplitNN_形态A双向,splitnn,7169.0,2151.0,0.8268657638320542,0.5221436402662178,6.160536629484473,0.3064516129032258,5.647786946736685,0.5645161290322581,3.38867216804201,0.6774193548387096,466944.0,complementarity,0.8,228.0,,,1.0,,,
SWEEP_complementarity_0.8,22,random,L3c_SplitNN_形态B自监督,splitnn,7169.0,2151.0,0.7933646288546765,0.46031439645454686,7.457491709375942,0.3709677419354839,4.679594898724681,0.46774193548387094,3.0659414853713427,0.6129032258064516,233472.0,complementarity,0.8,228.0,,,0.0,,,
SWEEP_complementarity_0.8,22,random,L3c_SplitNN_形态B随机,splitnn,7169.0,2151.0,0.7798298306026961,0.4624839790608255,4.539342779620138,0.22580645161290322,4.195498874718679,0.41935483870967744,3.14662415603901,0.6290322580645161,233472.0,complementarity,0.8,228.0,,,0.0,,,
SWEEP_complementarity_0.8,22,random,L0_内地单方_UPLIFT,t_learner,7169.0,2151.0,,,,,,,,,,complementarity,0.8,,,,,0.0067822098549899235,0.04351595006934813,
SWEEP_complementarity_0.8,22,random,L1_加k匿名统计_UPLIFT,t_learner,7169.0,2151.0,,,,,,,,,,complementarity,0.8,,,,,0.007656236201044112,0.0365178262374524,
SWEEP_complementarity_0.8,22,random,L2_加粗粒度标记_UPLIFT,t_learner,7169.0,2151.0,,,,,,,,,,complementarity,0.8,,,,,0.0063911025042245485,0.03996185852981969,
SWEEP_complementarity_0.8,22,random,L4_集中式_UPLIFT,t_learner,7169.0,2151.0,,,,,,,,,,complementarity,0.8,,,,,0.009762622365920848,0.1352951572993991,
SWEEP_complementarity_0.8,22,random,OVERLAP_L1_vs_L3a_联邦LR,top_k_overlap,,,,,,,,,,,,complementarity,0.8,,,,,,,0.44651162790697674
SWEEP_complementarity_0.8,22,random,OVERLAP_L1_vs_L3b_纵向GBDT,top_k_overlap,,,,,,,,,,,,complementarity,0.8,,,,,,,0.3581395348837209
SWEEP_complementarity_0.8,22,random,OVERLAP_L1_vs_L3c_SplitNN_形态A双向,top_k_overlap,,,,,,,,,,,,complementarity,0.8,,,,,,,0.4372093023255814
SWEEP_complementarity_0.8,33,random,L0_内地单方_LR,logistic,7289.0,2187.0,0.6904291905062998,0.3005567293308452,1.6446082117611671,0.08196721311475409,2.1379906752895175,0.21311475409836064,2.2151404884270547,0.4426229508196721,0.0,complementarity,0.8,,,,,,,
SWEEP_complementarity_0.8,33,random,L1_加k匿名统计_LR,logistic,7289.0,2187.0,0.6920330644788182,0.33508628533534845,2.6313731388178674,0.13114754098360656,2.466912317641751,0.2459016393442623,2.297182728739168,0.45901639344262296,384.0,complementarity,0.8,,,,,,,
SWEEP_complementarity_0.8,33,random,L2_加粗粒度标记_LR,logistic,7289.0,2187.0,0.709899295220764,0.3591983714510433,2.6313731388178674,0.13114754098360656,2.7958339599939843,0.2786885245901639,2.379224969051281,0.47540983606557374,0.0,complementarity,0.8,,,,,,,
SWEEP_complementarity_0.8,33,random,L4_集中式_LR,logistic,7289.0,2187.0,0.7945807565967028,0.4398393041654457,5.591667919987969,0.2786885245901639,4.604902992931268,0.45901639344262296,3.0355628915481865,0.6065573770491803,0.0,complementarity,0.8,,,,,,,
SWEEP_complementarity_0.8,33,random,L0_内地单方_GBDT,gbdt,7289.0,2187.0,0.6452585475687429,0.25181592461792335,1.9735298541134005,0.09836065573770492,1.8090690329372838,0.18032786885245902,1.6408448062422627,0.32786885245901637,0.0,complementarity,0.8,60.0,0.0,0.0,,,,
SWEEP_complementarity_0.8,33,random,L4_集中式_GBDT,gbdt,7289.0,2187.0,0.787247659731968,0.43383248770106253,6.2495112046924355,0.3114754098360656,3.947059708226801,0.39344262295081966,2.87147841092396,0.5737704918032787,1998000.0,complementarity,0.8,60.0,420.0,420.0,,,,
SWEEP_complementarity_0.8,33,random,L3a_联邦LR,federated_logistic,7289.0,2187.0,0.794711842450226,0.4388985703931033,5.591667919987969,0.2786885245901639,4.604902992931268,0.45901639344262296,3.0355628915481865,0.6065573770491803,4081600.0,complementarity,0.8,400.0,,,,,,
SWEEP_complementarity_0.8,33,random,L3b_纵向GBDT,vertical_gbdt,7289.0,2187.0,0.787247659731968,0.43383248770106253,6.2495112046924355,0.3114754098360656,3.947059708226801,0.39344262295081966,2.87147841092396,0.5737704918032787,1998000.0,complementarity,0.8,60.0,420.0,420.0,,,,
SWEEP_complementarity_0.8,33,random,L3c_SplitNN_形态A双向,splitnn,7289.0,2187.0,0.7835849667658807,0.4496476103819996,4.933824635283502,0.2459016393442623,4.111520529402918,0.4098360655737705,2.9535206512360728,0.5901639344262295,466944.0,complementarity,0.8,228.0,,,1.0,,,
SWEEP_complementarity_0.8,33,random,L3c_SplitNN_形态B自监督,splitnn,7289.0,2187.0,0.7095908579183567,0.31566244621624534,4.604902992931268,0.22950819672131148,3.7825988870506846,0.3770491803278688,2.379224969051281,0.47540983606557374,233472.0,complementarity,0.8,228.0,,,0.0,,,
SWEEP_complementarity_0.8,33,random,L3c_SplitNN_形态B随机,splitnn,7289.0,2187.0,0.7054577980660981,0.35134093117221593,3.947059708226801,0.19672131147540983,3.2892164235223342,0.32786885245901637,2.461267209363394,0.4918032786885246,233472.0,complementarity,0.8,228.0,,,0.0,,,
SWEEP_complementarity_0.8,33,random,L0_内地单方_UPLIFT,t_learner,7289.0,2187.0,,,,,,,,,,complementarity,0.8,,,,,0.008785655775768933,0.06247361756015196,
SWEEP_complementarity_0.8,33,random,L1_加k匿名统计_UPLIFT,t_learner,7289.0,2187.0,,,,,,,,,,complementarity,0.8,,,,,0.009232347411628872,0.06642759562841528,
SWEEP_complementarity_0.8,33,random,L2_加粗粒度标记_UPLIFT,t_learner,7289.0,2187.0,,,,,,,,,,complementarity,0.8,,,,,0.006379561506941746,0.025016903313049357,
SWEEP_complementarity_0.8,33,random,L4_集中式_UPLIFT,t_learner,7289.0,2187.0,,,,,,,,,,complementarity,0.8,,,,,0.009262731976140493,0.16342182890855456,
SWEEP_complementarity_0.8,33,random,OVERLAP_L1_vs_L3a_联邦LR,top_k_overlap,,,,,,,,,,,,complementarity,0.8,,,,,,,0.481651376146789
SWEEP_complementarity_0.8,33,random,OVERLAP_L1_vs_L3b_纵向GBDT,top_k_overlap,,,,,,,,,,,,complementarity,0.8,,,,,,,0.3761467889908257
SWEEP_complementarity_0.8,33,random,OVERLAP_L1_vs_L3c_SplitNN_形态A双向,top_k_overlap,,,,,,,,,,,,complementarity,0.8,,,,,,,0.46788990825688076
SWEEP_complementarity_0.8,44,random,L0_内地单方_LR,logistic,7289.0,2187.0,0.7007073329837172,0.30190199664880213,4.338209769402431,0.21621621621621623,2.711381105876519,0.2702702702702703,2.1641412579627683,0.43243243243243246,0.0,complementarity,0.8,,,,,,,
SWEEP_complementarity_0.8,44,random,L1_加k匿名统计_LR,logistic,7289.0,2187.0,0.7002148859697369,0.3132538596334147,4.338209769402431,0.21621621621621623,2.711381105876519,0.2702702702702703,2.1641412579627683,0.43243243243243246,384.0,complementarity,0.8,,,,,,,
SWEEP_complementarity_0.8,44,random,L2_加粗粒度标记_LR,logistic,7289.0,2187.0,0.7052288919302644,0.32098591729448334,4.338209769402431,0.21621621621621623,2.575812050582693,0.25675675675675674,2.231770672274105,0.44594594594594594,0.0,complementarity,0.8,,,,,,,
SWEEP_complementarity_0.8,44,random,L4_集中式_LR,logistic,7289.0,2187.0,0.8144945702920147,0.5180222816285287,6.2361765435159935,0.3108108108108108,4.609347879990082,0.4594594594594595,3.110953058321479,0.6216216216216216,0.0,complementarity,0.8,,,,,,,
SWEEP_complementarity_0.8,44,random,L0_内地单方_GBDT,gbdt,7289.0,2187.0,0.6636299100804544,0.29207863803225853,4.067071658814778,0.20270270270270271,2.982519216464171,0.2972972972972973,2.1641412579627683,0.43243243243243246,0.0,complementarity,0.8,60.0,0.0,0.0,,,,
SWEEP_complementarity_0.8,44,random,L4_集中式_GBDT,gbdt,7289.0,2187.0,0.7892902367582917,0.45702920146838744,5.965038432928342,0.2972972972972973,4.067071658814778,0.40540540540540543,3.110953058321479,0.6216216216216216,1998000.0,complementarity,0.8,60.0,420.0,420.0,,,,
SWEEP_complementarity_0.8,44,random,L3a_联邦LR,federated_logistic,7289.0,2187.0,0.814680037349228,0.5168135480487587,6.507314654103645,0.32432432432432434,4.609347879990082,0.4594594594594595,3.110953058321479,0.6216216216216216,4081600.0,complementarity,0.8,400.0,,,,,,
SWEEP_complementarity_0.8,44,random,L3b_纵向GBDT,vertical_gbdt,7289.0,2187.0,0.7892902367582917,0.45702920146838744,5.965038432928342,0.2972972972972973,4.067071658814778,0.40540540540540543,3.110953058321479,0.6216216216216216,1998000.0,complementarity,0.8,60.0,420.0,420.0,,,,
SWEEP_complementarity_0.8,44,random,L3c_SplitNN_形态A双向,splitnn,7289.0,2187.0,0.7947327355751397,0.47642649748660154,5.151624101165386,0.25675675675675674,3.9315026035209524,0.3918918918918919,2.9756942296988065,0.5945945945945946,466944.0,complementarity,0.8,228.0,,,1.0,,,
SWEEP_complementarity_0.8,44,random,L3c_SplitNN_形态B自监督,splitnn,7289.0,2187.0,0.7535654442895332,0.4044908609508704,5.422762211753038,0.2702702702702703,3.2536573270518225,0.32432432432432434,2.5699177438307874,0.5135135135135135,233472.0,complementarity,0.8,228.0,,,0.0,,,
SWEEP_complementarity_0.8,44,random,L3c_SplitNN_形态B随机,splitnn,7289.0,2187.0,0.7160627262378327,0.3575804863074148,4.338209769402431,0.21621621621621623,2.711381105876519,0.2702702702702703,2.0288824293400953,0.40540540540540543,233472.0,complementarity,0.8,228.0,,,0.0,,,
SWEEP_complementarity_0.8,44,random,L0_内地单方_UPLIFT,t_learner,7289.0,2187.0,,,,,,,,,,complementarity,0.8,,,,,0.005473479960041761,0.0506862002189105,
SWEEP_complementarity_0.8,44,random,L1_加k匿名统计_UPLIFT,t_learner,7289.0,2187.0,,,,,,,,,,complementarity,0.8,,,,,0.00583029819364879,0.02108843537414966,
SWEEP_complementarity_0.8,44,random,L2_加粗粒度标记_UPLIFT,t_learner,7289.0,2187.0,,,,,,,,,,complementarity,0.8,,,,,0.006164717195109094,0.08524258760107818,
SWEEP_complementarity_0.8,44,random,L4_集中式_UPLIFT,t_learner,7289.0,2187.0,,,,,,,,,,complementarity,0.8,,,,,0.008225707811703436,0.19618758434547912,
SWEEP_complementarity_0.8,44,random,OVERLAP_L1_vs_L3a_联邦LR,top_k_overlap,,,,,,,,,,,,complementarity,0.8,,,,,,,0.48623853211009177
SWEEP_complementarity_0.8,44,random,OVERLAP_L1_vs_L3b_纵向GBDT,top_k_overlap,,,,,,,,,,,,complementarity,0.8,,,,,,,0.42660550458715596
SWEEP_complementarity_0.8,44,random,OVERLAP_L1_vs_L3c_SplitNN_形态A双向,top_k_overlap,,,,,,,,,,,,complementarity,0.8,,,,,,,0.42660550458715596
SWEEP_complementarity_0.8,55,random,L0_内地单方_LR,logistic,7121.0,2137.0,0.746092972708209,0.4572561264943135,4.480083857442348,0.2222222222222222,3.344287949921753,0.3333333333333333,2.700940485483811,0.5396825396825397,0.0,complementarity,0.8,,,,,,,
SWEEP_complementarity_0.8,55,random,L1_加k匿名统计_LR,logistic,7121.0,2137.0,0.7443709724326889,0.4539575392998729,4.480083857442348,0.2222222222222222,3.344287949921753,0.3333333333333333,2.542061633396528,0.5079365079365079,384.0,complementarity,0.8,,,,,,,
SWEEP_complementarity_0.8,55,random,L2_加粗粒度标记_LR,logistic,7121.0,2137.0,0.7574964411994305,0.453842739281505,4.800089847259659,0.23809523809523808,4.140546985617409,0.4126984126984127,2.9392587636147356,0.5873015873015873,0.0,complementarity,0.8,,,,,,,
SWEEP_complementarity_0.8,55,random,L4_集中式_LR,logistic,7121.0,2137.0,0.8041741286678605,0.5049134407861504,6.400119796346212,0.31746031746031744,4.936806021313063,0.49206349206349204,3.4158953198765847,0.6825396825396826,0.0,complementarity,0.8,,,,,,,
SWEEP_complementarity_0.8,55,random,L0_内地单方_GBDT,gbdt,7121.0,2137.0,0.7379727847423122,0.3884985688264377,3.840071877807727,0.19047619047619047,3.1850361427826215,0.31746031746031744,2.700940485483811,0.5396825396825397,0.0,complementarity,0.8,60.0,0.0,0.0,,,,
SWEEP_complementarity_0.8,55,random,L4_集中式_GBDT,gbdt,7121.0,2137.0,0.7879720194088564,0.504140453995806,4.800089847259659,0.23809523809523808,4.777554214173933,0.47619047619047616,3.4158953198765847,0.6825396825396826,1945800.0,complementarity,0.8,60.0,402.0,402.0,,,,
SWEEP_complementarity_0.8,55,random,L3a_联邦LR,federated_logistic,7121.0,2137.0,0.803860341950988,0.5015765869189206,6.400119796346212,0.31746031746031744,4.936806021313063,0.49206349206349204,3.4158953198765847,0.6825396825396826,3987200.0,complementarity,0.8,400.0,,,,,,
SWEEP_complementarity_0.8,55,random,L3b_纵向GBDT,vertical_gbdt,7121.0,2137.0,0.7879720194088564,0.504140453995806,4.800089847259659,0.23809523809523808,4.777554214173933,0.47619047619047616,3.4158953198765847,0.6825396825396826,1945800.0,complementarity,0.8,60.0,402.0,402.0,,,,
SWEEP_complementarity_0.8,55,random,L3c_SplitNN_形态A双向,splitnn,7121.0,2137.0,0.8168403973611301,0.535695152377891,5.7601078167115904,0.2857142857142857,4.2997987927565395,0.42857142857142855,3.4158953198765847,0.6825396825396826,466944.0,complementarity,0.8,228.0,,,1.0,,,
SWEEP_complementarity_0.8,55,random,L3c_SplitNN_形态B自监督,splitnn,7121.0,2137.0,0.7684789762899695,0.4658967412101453,4.480083857442348,0.2222222222222222,3.822043371339146,0.38095238095238093,3.0981376157020186,0.6190476190476191,233472.0,complementarity,0.8,228.0,,,0.0,,,
SWEEP_complementarity_0.8,55,random,L3c_SplitNN_形态B随机,splitnn,7121.0,2137.0,0.7852474323062559,0.49112213191287446,5.120095837076969,0.25396825396825395,4.140546985617409,0.4126984126984127,3.336455893832943,0.6666666666666666,233472.0,complementarity,0.8,228.0,,,0.0,,,
SWEEP_complementarity_0.8,55,random,L0_内地单方_UPLIFT,t_learner,7121.0,2137.0,,,,,,,,,,complementarity,0.8,,,,,0.00822364309507656,0.10952380952380952,
SWEEP_complementarity_0.8,55,random,L1_加k匿名统计_UPLIFT,t_learner,7121.0,2137.0,,,,,,,,,,complementarity,0.8,,,,,0.006815140726976809,0.1401952085181899,
SWEEP_complementarity_0.8,55,random,L2_加粗粒度标记_UPLIFT,t_learner,7121.0,2137.0,,,,,,,,,,complementarity,0.8,,,,,0.008722344236575757,0.1166196189131969,
SWEEP_complementarity_0.8,55,random,L4_集中式_UPLIFT,t_learner,7121.0,2137.0,,,,,,,,,,complementarity,0.8,,,,,0.009286829707476026,0.1533758639021797,
SWEEP_complementarity_0.8,55,random,OVERLAP_L1_vs_L3a_联邦LR,top_k_overlap,,,,,,,,,,,,complementarity,0.8,,,,,,,0.5352112676056338
SWEEP_complementarity_0.8,55,random,OVERLAP_L1_vs_L3b_纵向GBDT,top_k_overlap,,,,,,,,,,,,complementarity,0.8,,,,,,,0.47417840375586856
SWEEP_complementarity_0.8,55,random,OVERLAP_L1_vs_L3c_SplitNN_形态A双向,top_k_overlap,,,,,,,,,,,,complementarity,0.8,,,,,,,0.4460093896713615
SWEEP_complementarity_1.2,11,random,L0_内地单方_LR,logistic,7236.0,2171.0,0.6447260382125375,0.23589925785567656,2.680246913580247,0.13333333333333333,2.167665130568356,0.21666666666666667,1.584062980030722,0.31666666666666665,0.0,complementarity,1.2,,,,,,,
SWEEP_complementarity_1.2,11,random,L1_加k匿名统计_LR,logistic,7236.0,2171.0,0.6318253592294331,0.23784146534028106,2.680246913580247,0.13333333333333333,2.0009216589861754,0.2,1.584062980030722,0.31666666666666665,384.0,complementarity,1.2,,,,,,,
SWEEP_complementarity_1.2,11,random,L2_加粗粒度标记_LR,logistic,7236.0,2171.0,0.6477104058108322,0.23693352281699043,2.345216049382716,0.11666666666666667,1.834178187403994,0.18333333333333332,1.584062980030722,0.31666666666666665,0.0,complementarity,1.2,,,,,,,
SWEEP_complementarity_1.2,11,random,L4_集中式_LR,logistic,7236.0,2171.0,0.7328438338859941,0.36526132954366014,4.020370370370371,0.2,3.334869431643625,0.3333333333333333,2.4177803379416285,0.48333333333333334,0.0,complementarity,1.2,,,,,,,
SWEEP_complementarity_1.2,11,random,L0_内地单方_GBDT,gbdt,7236.0,2171.0,0.574786830885836,0.1307989894204958,2.680246913580247,0.13333333333333333,1.5006912442396314,0.15,1.4173195084485406,0.2833333333333333,0.0,complementarity,1.2,60.0,0.0,0.0,,,,
SWEEP_complementarity_1.2,11,random,L4_集中式_GBDT,gbdt,7236.0,2171.0,0.6767014053371231,0.31487446707721456,3.685339506172839,0.18333333333333332,2.5011520737327193,0.25,2.0009216589861754,0.4,1984680.0,complementarity,1.2,60.0,420.0,420.0,,,,
SWEEP_complementarity_1.2,11,random,L3a_联邦LR,federated_logistic,7236.0,2171.0,0.7332149060476868,0.3647876204010737,4.020370370370371,0.2,3.334869431643625,0.3333333333333333,2.4177803379416285,0.48333333333333334,4052000.0,complementarity,1.2,400.0,,,,,,
SWEEP_complementarity_1.2,11,random,L3b_纵向GBDT,vertical_gbdt,7236.0,2171.0,0.6767014053371231,0.31487446707721456,3.685339506172839,0.18333333333333332,2.5011520737327193,0.25,2.0009216589861754,0.4,1984680.0,complementarity,1.2,60.0,420.0,420.0,,,,
SWEEP_complementarity_1.2,11,random,L3c_SplitNN_形态A双向,splitnn,7236.0,2171.0,0.6766145586609821,0.27817779883151744,2.680246913580247,0.13333333333333333,2.6678955453149,0.26666666666666666,2.0009216589861754,0.4,466944.0,complementarity,1.2,228.0,,,1.0,,,
SWEEP_complementarity_1.2,11,random,L3c_SplitNN_形态B自监督,splitnn,7236.0,2171.0,0.6451365861361125,0.29733933364913945,1.6751543209876543,0.08333333333333333,2.3344086021505377,0.23333333333333334,2.251036866359447,0.45,233472.0,complementarity,1.2,228.0,,,0.0,,,
SWEEP_complementarity_1.2,11,random,L3c_SplitNN_形态B随机,splitnn,7236.0,2171.0,0.6265750828990999,0.2866650876361914,2.0101851851851853,0.1,1.834178187403994,0.18333333333333332,1.4173195084485406,0.2833333333333333,233472.0,complementarity,1.2,228.0,,,0.0,,,
SWEEP_complementarity_1.2,11,random,L0_内地单方_UPLIFT,t_learner,7236.0,2171.0,,,,,,,,,,complementarity,1.2,,,,,0.001470759806166458,-0.011849957374254053,
SWEEP_complementarity_1.2,11,random,L1_加k匿名统计_UPLIFT,t_learner,7236.0,2171.0,,,,,,,,,,complementarity,1.2,,,,,0.0004491539446554345,-0.03227729517969681,
SWEEP_complementarity_1.2,11,random,L2_加粗粒度标记_UPLIFT,t_learner,7236.0,2171.0,,,,,,,,,,complementarity,1.2,,,,,0.0027544790387551183,0.03534409515717927,
SWEEP_complementarity_1.2,11,random,L4_集中式_UPLIFT,t_learner,7236.0,2171.0,,,,,,,,,,complementarity,1.2,,,,,0.004301573485117369,0.033526208304969385,
SWEEP_complementarity_1.2,11,random,OVERLAP_L1_vs_L3a_联邦LR,top_k_overlap,,,,,,,,,,,,complementarity,1.2,,,,,,,0.2995391705069124
SWEEP_complementarity_1.2,11,random,OVERLAP_L1_vs_L3b_纵向GBDT,top_k_overlap,,,,,,,,,,,,complementarity,1.2,,,,,,,0.19815668202764977
SWEEP_complementarity_1.2,11,random,OVERLAP_L1_vs_L3c_SplitNN_形态A双向,top_k_overlap,,,,,,,,,,,,complementarity,1.2,,,,,,,0.2626728110599078
SWEEP_complementarity_1.2,22,random,L0_内地单方_LR,logistic,7169.0,2151.0,0.7526864852145266,0.41000862812769623,5.272866554312854,0.26229508196721313,4.1002668699961875,0.4098360655737705,2.8701868089973317,0.5737704918032787,0.0,complementarity,1.2,,,,,,,
SWEEP_complementarity_1.2,22,random,L1_加k匿名统计_LR,logistic,7169.0,2151.0,0.7515883598713624,0.4021021256569143,5.272866554312854,0.26229508196721313,3.93625619519634,0.39344262295081966,2.7881814715974076,0.5573770491803278,384.0,complementarity,1.2,,,,,,,
SWEEP_complementarity_1.2,22,random,L2_加粗粒度标记_LR,logistic,7169.0,2151.0,0.7672680210212567,0.4204800376500118,5.272866554312854,0.26229508196721313,4.264277544796035,0.4262295081967213,2.706176134197484,0.5409836065573771,0.0,complementarity,1.2,,,,,,,
SWEEP_complementarity_1.2,22,random,L4_集中式_LR,logistic,7169.0,2151.0,0.884234057573143,0.6306769158365362,7.909299831469282,0.39344262295081966,6.068394967594358,0.6065573770491803,3.93625619519634,0.7868852459016393,0.0,complementarity,1.2,,,,,,,
SWEEP_complementarity_1.2,22,random,L0_内地单方_GBDT,gbdt,7169.0,2151.0,0.7157306455408268,0.3539493293591654,3.6250957560900874,0.18032786885245902,3.1162028211971027,0.3114754098360656,2.5421654593976366,0.5081967213114754,0.0,complementarity,1.2,60.0,0.0,0.0,,,,
SWEEP_complementarity_1.2,22,random,L4_集中式_GBDT,gbdt,7169.0,2151.0,0.8594556435798887,0.5825790258059456,7.579745671824728,0.3770491803278688,5.084330918795273,0.5081967213114754,3.772245520396493,0.7540983606557377,1967760.0,complementarity,1.2,60.0,420.0,420.0,,,,
SWEEP_complementarity_1.2,22,random,L3a_联邦LR,federated_logistic,7169.0,2151.0,0.884508588908934,0.6323633226135382,8.238853991113835,0.4098360655737705,6.068394967594358,0.6065573770491803,3.8542508577964165,0.7704918032786885,4014400.0,complementarity,1.2,400.0,,,,,,
SWEEP_complementarity_1.2,22,random,L3b_纵向GBDT,vertical_gbdt,7169.0,2151.0,0.8594556435798887,0.5825790258059456,7.579745671824728,0.3770491803278688,5.084330918795273,0.5081967213114754,3.772245520396493,0.7540983606557377,1967760.0,complementarity,1.2,60.0,420.0,420.0,,,,
SWEEP_complementarity_1.2,22,random,L3c_SplitNN_形态A双向,splitnn,7169.0,2151.0,0.8772452741391482,0.6227939446231077,8.238853991113835,0.4098360655737705,6.232405642394205,0.6229508196721312,3.93625619519634,0.7868852459016393,466944.0,complementarity,1.2,228.0,,,1.0,,,
SWEEP_complementarity_1.2,22,random,L3c_SplitNN_形态B自监督,splitnn,7169.0,2151.0,0.8183386932308416,0.5115930661228332,7.250191512180175,0.36065573770491804,5.740373617994663,0.5737704918032787,3.198208158597027,0.639344262295082,233472.0,complementarity,1.2,228.0,,,0.0,,,
SWEEP_complementarity_1.2,22,random,L3c_SplitNN_形态B随机,splitnn,7169.0,2151.0,0.7836536198917562,0.4691583653619892,5.272866554312854,0.26229508196721313,4.756309569195579,0.47540983606557374,3.1162028211971027,0.6229508196721312,233472.0,complementarity,1.2,228.0,,,0.0,,,
SWEEP_complementarity_1.2,22,random,L0_内地单方_UPLIFT,t_learner,7169.0,2151.0,,,,,,,,,,complementarity,1.2,,,,,0.007005803746769386,0.02286902286902287,
SWEEP_complementarity_1.2,22,random,L1_加k匿名统计_UPLIFT,t_learner,7169.0,2151.0,,,,,,,,,,complementarity,1.2,,,,,0.0067661383507908795,0.018412367552544717,
SWEEP_complementarity_1.2,22,random,L2_加粗粒度标记_UPLIFT,t_learner,7169.0,2151.0,,,,,,,,,,complementarity,1.2,,,,,0.006882826214340344,0.0213245492371706,
SWEEP_complementarity_1.2,22,random,L4_集中式_UPLIFT,t_learner,7169.0,2151.0,,,,,,,,,,complementarity,1.2,,,,,0.009525127865520245,0.1291141456582633,
SWEEP_complementarity_1.2,22,random,OVERLAP_L1_vs_L3a_联邦LR,top_k_overlap,,,,,,,,,,,,complementarity,1.2,,,,,,,0.4
SWEEP_complementarity_1.2,22,random,OVERLAP_L1_vs_L3b_纵向GBDT,top_k_overlap,,,,,,,,,,,,complementarity,1.2,,,,,,,0.30697674418604654
SWEEP_complementarity_1.2,22,random,OVERLAP_L1_vs_L3c_SplitNN_形态A双向,top_k_overlap,,,,,,,,,,,,complementarity,1.2,,,,,,,0.386046511627907
SWEEP_complementarity_1.2,33,random,L0_内地单方_LR,logistic,7289.0,2187.0,0.6992831488459728,0.3186160504003768,2.8215309633027523,0.140625,2.5080275229357802,0.25,2.345895308924485,0.46875,0.0,complementarity,1.2,,,,,,,
SWEEP_complementarity_1.2,33,random,L1_加k匿名统计_LR,logistic,7289.0,2187.0,0.7016824658502119,0.33055375647668395,2.5080275229357802,0.125,2.5080275229357802,0.25,2.345895308924485,0.46875,384.0,complementarity,1.2,,,,,,,
SWEEP_complementarity_1.2,33,random,L2_加粗粒度标记_LR,logistic,7289.0,2187.0,0.7173957842675459,0.38015926754592555,2.8215309633027523,0.140625,2.8215309633027523,0.28125,2.580484839816934,0.515625,0.0,complementarity,1.2,,,,,,,
SWEEP_complementarity_1.2,33,random,L4_集中式_LR,logistic,7289.0,2187.0,0.8455237282147904,0.550297338671691,7.52408256880734,0.375,5.799813646788992,0.578125,3.518842963386728,0.703125,0.0,complementarity,1.2,,,,,,,
SWEEP_complementarity_1.2,33,random,L0_内地单方_GBDT,gbdt,7289.0,2187.0,0.6589915508714084,0.24918305463966084,3.135034403669725,0.15625,1.881020642201835,0.1875,2.033109267734554,0.40625,0.0,complementarity,1.2,60.0,0.0,0.0,,,,
SWEEP_complementarity_1.2,33,random,L4_集中式_GBDT,gbdt,7289.0,2187.0,0.8158855393311352,0.5018620466321244,5.643061926605505,0.28125,4.389048165137615,0.4375,3.1278604118993134,0.625,1998000.0,complementarity,1.2,60.0,420.0,420.0,,,,
SWEEP_complementarity_1.2,33,random,L3a_联邦LR,federated_logistic,7289.0,2187.0,0.845729804521903,0.5474711493170042,7.52408256880734,0.375,5.799813646788992,0.578125,3.518842963386728,0.703125,4081600.0,complementarity,1.2,400.0,,,,,,
SWEEP_complementarity_1.2,33,random,L3b_纵向GBDT,vertical_gbdt,7289.0,2187.0,0.8158855393311352,0.5018620466321244,5.643061926605505,0.28125,4.389048165137615,0.4375,3.1278604118993134,0.625,1998000.0,complementarity,1.2,60.0,420.0,420.0,,,,
SWEEP_complementarity_1.2,33,random,L3c_SplitNN_形态A双向,splitnn,7289.0,2187.0,0.8192710786622703,0.5084270489872822,6.897075688073395,0.34375,5.486310206422019,0.546875,3.440646453089245,0.6875,466944.0,complementarity,1.2,228.0,,,1.0,,,
SWEEP_complementarity_1.2,33,random,L3c_SplitNN_形态B自监督,splitnn,7289.0,2187.0,0.7463347856806405,0.38508301931229394,5.0160550458715605,0.25,4.2322964449541285,0.421875,2.6586813501144166,0.53125,233472.0,complementarity,1.2,228.0,,,0.0,,,
SWEEP_complementarity_1.2,33,random,L3c_SplitNN_形态B随机,splitnn,7289.0,2187.0,0.7396225859632595,0.4046381888836552,4.7025516055045875,0.234375,3.605289564220184,0.359375,2.6586813501144166,0.53125,233472.0,complementarity,1.2,228.0,,,0.0,,,
SWEEP_complementarity_1.2,33,random,L0_内地单方_UPLIFT,t_learner,7289.0,2187.0,,,,,,,,,,complementarity,1.2,,,,,0.008528942631164731,0.12466307277628032,
SWEEP_complementarity_1.2,33,random,L1_加k匿名统计_UPLIFT,t_learner,7289.0,2187.0,,,,,,,,,,complementarity,1.2,,,,,0.008605603468704114,0.077243018419489,
SWEEP_complementarity_1.2,33,random,L2_加粗粒度标记_UPLIFT,t_learner,7289.0,2187.0,,,,,,,,,,complementarity,1.2,,,,,0.006402467533617722,0.06190476190476191,
SWEEP_complementarity_1.2,33,random,L4_集中式_UPLIFT,t_learner,7289.0,2187.0,,,,,,,,,,complementarity,1.2,,,,,0.00932565367724802,0.14946018893387314,
SWEEP_complementarity_1.2,33,random,OVERLAP_L1_vs_L3a_联邦LR,top_k_overlap,,,,,,,,,,,,complementarity,1.2,,,,,,,0.39908256880733944
SWEEP_complementarity_1.2,33,random,OVERLAP_L1_vs_L3b_纵向GBDT,top_k_overlap,,,,,,,,,,,,complementarity,1.2,,,,,,,0.3256880733944954
SWEEP_complementarity_1.2,33,random,OVERLAP_L1_vs_L3c_SplitNN_形态A双向,top_k_overlap,,,,,,,,,,,,complementarity,1.2,,,,,,,0.38073394495412843
SWEEP_complementarity_1.2,44,random,L0_内地单方_LR,logistic,7289.0,2187.0,0.6947402753001943,0.31359327990628083,4.238919757074558,0.2112676056338028,2.684649179480553,0.2676056338028169,2.2555838463273923,0.4507042253521127,0.0,complementarity,1.2,,,,,,,
SWEEP_complementarity_1.2,44,random,L1_加k匿名统计_LR,logistic,7289.0,2187.0,0.6875316169227084,0.3189781410580686,4.521514407546195,0.22535211267605634,2.5433518542447344,0.2535211267605634,2.044122860734199,0.4084507042253521,384.0,complementarity,1.2,,,,,,,
SWEEP_complementarity_1.2,44,random,L2_加粗粒度标记_LR,logistic,7289.0,2187.0,0.6991999254506243,0.3360912164860619,3.9563251066029204,0.19718309859154928,2.684649179480553,0.2676056338028169,2.044122860734199,0.4084507042253521,0.0,complementarity,1.2,,,,,,,
SWEEP_complementarity_1.2,44,random,L4_集中式_LR,logistic,7289.0,2187.0,0.8436659655475385,0.5376940280625151,8.477839514149116,0.4225352112676056,5.510595684196924,0.5492957746478874,3.4538627646888194,0.6901408450704225,0.0,complementarity,1.2,,,,,,,
SWEEP_complementarity_1.2,44,random,L0_内地单方_GBDT,gbdt,7289.0,2187.0,0.651491653132405,0.266214489203653,3.6737304561312834,0.18309859154929578,2.5433518542447344,0.2535211267605634,1.7621748799432753,0.352112676056338,0.0,complementarity,1.2,60.0,0.0,0.0,,,,
SWEEP_complementarity_1.2,44,random,L4_集中式_GBDT,gbdt,7289.0,2187.0,0.8160693841689076,0.5469594504646024,7.064866261790929,0.352112676056338,5.086703708489469,0.5070422535211268,3.2424017790956263,0.647887323943662,1995824.0,complementarity,1.2,60.0,416.0,416.0,,,,
SWEEP_complementarity_1.2,44,random,L3a_联邦LR,federated_logistic,7289.0,2187.0,0.844032056231529,0.539584387230757,8.477839514149116,0.4225352112676056,5.510595684196924,0.5492957746478874,3.4538627646888194,0.6901408450704225,4081600.0,complementarity,1.2,400.0,,,,,,
SWEEP_complementarity_1.2,44,random,L3b_纵向GBDT,vertical_gbdt,7289.0,2187.0,0.8160693841689076,0.5469594504646024,7.064866261790929,0.352112676056338,5.086703708489469,0.5070422535211268,3.2424017790956263,0.647887323943662,1995824.0,complementarity,1.2,60.0,416.0,416.0,,,,
SWEEP_complementarity_1.2,44,random,L3c_SplitNN_形态A双向,splitnn,7289.0,2187.0,0.8352125988444847,0.5665286615724593,5.934487659904381,0.29577464788732394,4.804109058017832,0.4788732394366197,3.4538627646888194,0.6901408450704225,466944.0,complementarity,1.2,228.0,,,1.0,,,
SWEEP_complementarity_1.2,44,random,L3c_SplitNN_形态B自监督,splitnn,7289.0,2187.0,0.769336244308954,0.427287733965228,4.804109058017832,0.23943661971830985,3.5324331308954644,0.352112676056338,2.7489928127115095,0.5492957746478874,233472.0,complementarity,1.2,228.0,,,0.0,,,
SWEEP_complementarity_1.2,44,random,L3c_SplitNN_形态B随机,splitnn,7289.0,2187.0,0.7497071274528075,0.4464908543890944,4.521514407546195,0.22535211267605634,2.9672438299521904,0.29577464788732394,2.185096851129661,0.43661971830985913,233472.0,complementarity,1.2,228.0,,,0.0,,,
SWEEP_complementarity_1.2,44,random,L0_内地单方_UPLIFT,t_learner,7289.0,2187.0,,,,,,,,,,complementarity,1.2,,,,,0.006625163659959829,0.04305614183199662,
SWEEP_complementarity_1.2,44,random,L1_加k匿名统计_UPLIFT,t_learner,7289.0,2187.0,,,,,,,,,,complementarity,1.2,,,,,0.006397656439925561,0.02064821866802065,
SWEEP_complementarity_1.2,44,random,L2_加粗粒度标记_UPLIFT,t_learner,7289.0,2187.0,,,,,,,,,,complementarity,1.2,,,,,0.006893746265360795,0.051751794005909665,
SWEEP_complementarity_1.2,44,random,L4_集中式_UPLIFT,t_learner,7289.0,2187.0,,,,,,,,,,complementarity,1.2,,,,,0.009513326853903228,0.22103748836422102,
SWEEP_complementarity_1.2,44,random,OVERLAP_L1_vs_L3a_联邦LR,top_k_overlap,,,,,,,,,,,,complementarity,1.2,,,,,,,0.37155963302752293
SWEEP_complementarity_1.2,44,random,OVERLAP_L1_vs_L3b_纵向GBDT,top_k_overlap,,,,,,,,,,,,complementarity,1.2,,,,,,,0.3486238532110092
SWEEP_complementarity_1.2,44,random,OVERLAP_L1_vs_L3c_SplitNN_形态A双向,top_k_overlap,,,,,,,,,,,,complementarity,1.2,,,,,,,0.3394495412844037
SWEEP_complementarity_1.2,55,random,L0_内地单方_LR,logistic,7121.0,2137.0,0.7459016393442623,0.43845188348563463,3.840071877807727,0.19047619047619047,3.1850361427826215,0.31746031746031744,2.6215010594401695,0.5238095238095238,0.0,complementarity,1.2,,,,,,,
SWEEP_complementarity_1.2,55,random,L1_加k匿名统计_LR,logistic,7121.0,2137.0,0.7467970794875327,0.41116009245228147,3.5200658879904165,0.1746031746031746,3.0257843356434906,0.30158730158730157,2.700940485483811,0.5396825396825397,384.0,complementarity,1.2,,,,,,,
SWEEP_complementarity_1.2,55,random,L2_加粗粒度标记_LR,logistic,7121.0,2137.0,0.7655477491543066,0.426765241615772,3.840071877807727,0.19047619047619047,3.662791564200015,0.36507936507936506,2.9392587636147356,0.5873015873015873,0.0,complementarity,1.2,,,,,,,
SWEEP_complementarity_1.2,55,random,L4_集中式_LR,logistic,7121.0,2137.0,0.8449128285193858,0.5594740628491833,6.400119796346212,0.31746031746031744,5.096057828452195,0.5079365079365079,3.654213598007509,0.7301587301587301,0.0,complementarity,1.2,,,,,,,
SWEEP_complementarity_1.2,55,random,L0_内地单方_GBDT,gbdt,7121.0,2137.0,0.7319266504415974,0.36938819243544413,2.8800539083557952,0.14285714285714285,3.0257843356434906,0.30158730158730157,2.542061633396528,0.5079365079365079,0.0,complementarity,1.2,60.0,0.0,0.0,,,,
SWEEP_complementarity_1.2,55,random,L4_集中式_GBDT,gbdt,7121.0,2137.0,0.8161056772435751,0.5319144051063047,5.44010182689428,0.2698412698412698,4.45905059989567,0.4444444444444444,3.495334745920226,0.6984126984126984,1953360.0,complementarity,1.2,60.0,416.0,416.0,,,,
SWEEP_complementarity_1.2,55,random,L3a_联邦LR,federated_logistic,7121.0,2137.0,0.8448362951738072,0.559435796176394,6.400119796346212,0.31746031746031744,4.936806021313063,0.49206349206349204,3.654213598007509,0.7301587301587301,3987200.0,complementarity,1.2,400.0,,,,,,
SWEEP_complementarity_1.2,55,random,L3b_纵向GBDT,vertical_gbdt,7121.0,2137.0,0.8161056772435751,0.5319144051063047,5.44010182689428,0.2698412698412698,4.45905059989567,0.4444444444444444,3.495334745920226,0.6984126984126984,1953360.0,complementarity,1.2,60.0,416.0,416.0,,,,
SWEEP_complementarity_1.2,55,random,L3c_SplitNN_形态A双向,splitnn,7121.0,2137.0,0.8421346680748802,0.586168893787023,6.0801138065289,0.30158730158730157,5.096057828452195,0.5079365079365079,3.495334745920226,0.6984126984126984,466944.0,complementarity,1.2,228.0,,,1.0,,,
SWEEP_complementarity_1.2,55,random,L3c_SplitNN_形态B自监督,splitnn,7121.0,2137.0,0.7892730862836939,0.49089253187613846,4.480083857442348,0.2222222222222222,3.662791564200015,0.36507936507936506,2.9392587636147356,0.5873015873015873,233472.0,complementarity,1.2,228.0,,,0.0,,,
SWEEP_complementarity_1.2,55,random,L3c_SplitNN_形态B随机,splitnn,7121.0,2137.0,0.8163352772803111,0.5290597113162205,5.120095837076969,0.25396825396825395,4.45905059989567,0.4444444444444444,3.17757704174566,0.6349206349206349,233472.0,complementarity,1.2,228.0,,,0.0,,,
SWEEP_complementarity_1.2,55,random,L0_内地单方_UPLIFT,t_learner,7121.0,2137.0,,,,,,,,,,complementarity,1.2,,,,,0.006566412979837932,0.09591584158415842,
SWEEP_complementarity_1.2,55,random,L1_加k匿名统计_UPLIFT,t_learner,7121.0,2137.0,,,,,,,,,,complementarity,1.2,,,,,0.0057344213589372575,0.06088992974238876,
SWEEP_complementarity_1.2,55,random,L2_加粗粒度标记_UPLIFT,t_learner,7121.0,2137.0,,,,,,,,,,complementarity,1.2,,,,,0.006727403950659694,0.06986591390261115,
SWEEP_complementarity_1.2,55,random,L4_集中式_UPLIFT,t_learner,7121.0,2137.0,,,,,,,,,,complementarity,1.2,,,,,0.008289273033328834,0.13619501854795973,
SWEEP_complementarity_1.2,55,random,OVERLAP_L1_vs_L3a_联邦LR,top_k_overlap,,,,,,,,,,,,complementarity,1.2,,,,,,,0.43661971830985913
SWEEP_complementarity_1.2,55,random,OVERLAP_L1_vs_L3b_纵向GBDT,top_k_overlap,,,,,,,,,,,,complementarity,1.2,,,,,,,0.41784037558685444
SWEEP_complementarity_1.2,55,random,OVERLAP_L1_vs_L3c_SplitNN_形态A双向,top_k_overlap,,,,,,,,,,,,complementarity,1.2,,,,,,,0.3568075117370892
SWEEP_complementarity_1.6,11,random,L0_内地单方_LR,logistic,7236.0,2171.0,0.6656707995153447,0.2739049610781922,2.8213125406107857,0.14035087719298245,1.9307138814778881,0.19298245614035087,1.579674993936454,0.3157894736842105,0.0,complementarity,1.6,,,,,,,
SWEEP_complementarity_1.6,11,random,L1_加k匿名统计_LR,logistic,7236.0,2171.0,0.6474464306461518,0.2655147803283042,3.173976608187134,0.15789473684210525,1.9307138814778881,0.19298245614035087,1.579674993936454,0.3157894736842105,384.0,complementarity,1.6,,,,,,,
SWEEP_complementarity_1.6,11,random,L2_加粗粒度标记_LR,logistic,7236.0,2171.0,0.6607910504738668,0.283349101229896,1.7633203378817413,0.08771929824561403,1.9307138814778881,0.19298245614035087,1.8429541595925296,0.3684210526315789,0.0,complementarity,1.6,,,,,,,
SWEEP_complementarity_1.6,11,random,L4_集中式_LR,logistic,7236.0,2171.0,0.8185364072432737,0.5478348188351674,7.053281351526965,0.3508771929824561,4.563505538038645,0.45614035087719296,3.247109709758267,0.6491228070175439,0.0,complementarity,1.6,,,,,,,
SWEEP_complementarity_1.6,11,random,L0_内地单方_GBDT,gbdt,7236.0,2171.0,0.5503991767498215,0.12010157844943486,2.1159844054580894,0.10526315789473684,1.2286361063950197,0.12280701754385964,1.1408763845096612,0.22807017543859648,0.0,complementarity,1.6,60.0,0.0,0.0,,,,
SWEEP_complementarity_1.6,11,random,L4_集中式_GBDT,gbdt,7236.0,2171.0,0.7590250460588557,0.44355922919882484,4.584632878492527,0.22807017543859648,4.036947206726493,0.40350877192982454,2.2817527690193224,0.45614035087719296,1976268.0,complementarity,1.6,60.0,408.0,408.0,,,,
SWEEP_complementarity_1.6,11,random,L3a_联邦LR,federated_logistic,7236.0,2171.0,0.8187355806735381,0.541212302278876,7.053281351526965,0.3508771929824561,4.563505538038645,0.45614035087719296,3.247109709758267,0.6491228070175439,4052000.0,complementarity,1.6,400.0,,,,,,
SWEEP_complementarity_1.6,11,random,L3b_纵向GBDT,vertical_gbdt,7236.0,2171.0,0.7590250460588557,0.44355922919882484,4.584632878492527,0.22807017543859648,4.036947206726493,0.40350877192982454,2.2817527690193224,0.45614035087719296,1976268.0,complementarity,1.6,60.0,408.0,408.0,,,,
SWEEP_complementarity_1.6,11,random,L3c_SplitNN_形态A双向,splitnn,7236.0,2171.0,0.7625271788743382,0.3939899417417717,5.6426250812215715,0.2807017543859649,3.8614277629557763,0.38596491228070173,2.8960708222168323,0.5789473684210527,466944.0,complementarity,1.6,228.0,,,1.0,,,
SWEEP_complementarity_1.6,11,random,L3c_SplitNN_形态B自监督,splitnn,7236.0,2171.0,0.6999867217713157,0.3468522299125297,2.1159844054580894,0.10526315789473684,3.3348694316436247,0.3333333333333333,2.3695124909046807,0.47368421052631576,233472.0,complementarity,1.6,228.0,,,0.0,,,
SWEEP_complementarity_1.6,11,random,L3c_SplitNN_形态B随机,splitnn,7236.0,2171.0,0.6631728327441119,0.3139056249896264,3.173976608187134,0.15789473684210525,2.1062333252486054,0.21052631578947367,1.8429541595925296,0.3684210526315789,233472.0,complementarity,1.6,228.0,,,0.0,,,
SWEEP_complementarity_1.6,11,random,L0_内地单方_UPLIFT,t_learner,7236.0,2171.0,,,,,,,,,,complementarity,1.6,,,,,-0.00018853118075203143,-0.03495311167945439,
SWEEP_complementarity_1.6,11,random,L1_加k匿名统计_UPLIFT,t_learner,7236.0,2171.0,,,,,,,,,,complementarity,1.6,,,,,-0.00019769761748486745,-0.027098199116547747,
SWEEP_complementarity_1.6,11,random,L2_加粗粒度标记_UPLIFT,t_learner,7236.0,2171.0,,,,,,,,,,complementarity,1.6,,,,,0.0012679868405312798,0.008071367884452,
SWEEP_complementarity_1.6,11,random,L4_集中式_UPLIFT,t_learner,7236.0,2171.0,,,,,,,,,,complementarity,1.6,,,,,0.002093212333602836,0.02517924206213723,
SWEEP_complementarity_1.6,11,random,OVERLAP_L1_vs_L3a_联邦LR,top_k_overlap,,,,,,,,,,,,complementarity,1.6,,,,,,,0.2764976958525346
SWEEP_complementarity_1.6,11,random,OVERLAP_L1_vs_L3b_纵向GBDT,top_k_overlap,,,,,,,,,,,,complementarity,1.6,,,,,,,0.1889400921658986
SWEEP_complementarity_1.6,11,random,OVERLAP_L1_vs_L3c_SplitNN_形态A双向,top_k_overlap,,,,,,,,,,,,complementarity,1.6,,,,,,,0.2672811059907834
SWEEP_complementarity_1.6,22,random,L0_内地单方_LR,logistic,7169.0,2151.0,0.7497405143582057,0.412063199169646,4.159200773445053,0.20689655172413793,3.622373696872494,0.3620689655172414,2.7599037690457098,0.5517241379310345,0.0,complementarity,1.6,,,,,,,
SWEEP_complementarity_1.6,22,random,L1_加k匿名统计_LR,logistic,7169.0,2151.0,0.7516022208675881,0.41123119758801924,4.159200773445053,0.20689655172413793,3.9673616680032078,0.39655172413793105,2.8461507618283886,0.5689655172413793,384.0,complementarity,1.6,,,,,,,
SWEEP_complementarity_1.6,22,random,L2_加粗粒度标记_LR,logistic,7169.0,2151.0,0.7705652668171409,0.4318582467008254,5.199000966806317,0.25862068965517243,3.9673616680032078,0.39655172413793105,2.7599037690457098,0.5517241379310345,0.0,complementarity,1.6,,,,,,,
SWEEP_complementarity_1.6,22,random,L4_集中式_LR,logistic,7169.0,2151.0,0.924979817783416,0.725423002784322,9.704801804705124,0.4827586206896552,7.072253408179632,0.7068965517241379,4.3985966319166,0.8793103448275862,0.0,complementarity,1.6,,,,,,,
SWEEP_complementarity_1.6,22,random,L0_内地单方_GBDT,gbdt,7169.0,2151.0,0.7262961925630591,0.35778539301777684,3.4660006445375444,0.1724137931034483,3.27738572574178,0.3275862068965517,2.587409783480353,0.5172413793103449,0.0,complementarity,1.6,60.0,0.0,0.0,,,,
SWEEP_complementarity_1.6,22,random,L4_集中式_GBDT,gbdt,7169.0,2151.0,0.8866665568314743,0.6307395752673114,8.665001611343861,0.43103448275862066,6.03728949478749,0.603448275862069,3.9673616680032078,0.7931034482758621,1964340.0,complementarity,1.6,60.0,416.0,416.0,,,,
SWEEP_complementarity_1.6,22,random,L3a_联邦LR,federated_logistic,7169.0,2151.0,0.9253505115574081,0.7282485131060843,10.398001933612633,0.5172413793103449,7.072253408179632,0.7068965517241379,4.3985966319166,0.8793103448275862,4014400.0,complementarity,1.6,400.0,,,,,,
SWEEP_complementarity_1.6,22,random,L3b_纵向GBDT,vertical_gbdt,7169.0,2151.0,0.8866665568314743,0.6307395752673114,8.665001611343861,0.43103448275862066,6.03728949478749,0.603448275862069,3.9673616680032078,0.7931034482758621,1964340.0,complementarity,1.6,60.0,416.0,416.0,,,,
SWEEP_complementarity_1.6,22,random,L3c_SplitNN_形态A双向,splitnn,7169.0,2151.0,0.9144521146020397,0.7077450285846087,9.358201740251369,0.46551724137931033,7.244747393744988,0.7241379310344828,4.312349639133922,0.8620689655172413,466944.0,complementarity,1.6,228.0,,,1.0,,,
SWEEP_complementarity_1.6,22,random,L3c_SplitNN_形态B自监督,splitnn,7169.0,2151.0,0.8446710710578776,0.5161128227095244,7.971801482436352,0.39655172413793105,5.0023255813953496,0.5,3.363632718524459,0.6724137931034483,233472.0,complementarity,1.6,228.0,,,0.0,,,
SWEEP_complementarity_1.6,22,random,L3c_SplitNN_形态B随机,splitnn,7169.0,2151.0,0.7933917656556337,0.47934823796892756,5.892201095713825,0.29310344827586204,4.829831595829992,0.4827586206896552,3.27738572574178,0.6551724137931034,233472.0,complementarity,1.6,228.0,,,0.0,,,
SWEEP_complementarity_1.6,22,random,L0_内地单方_UPLIFT,t_learner,7169.0,2151.0,,,,,,,,,,complementarity,1.6,,,,,0.008856957235352908,0.06752773925104022,
SWEEP_complementarity_1.6,22,random,L1_加k匿名统计_UPLIFT,t_learner,7169.0,2151.0,,,,,,,,,,complementarity,1.6,,,,,0.008007440530555139,0.030253120665742025,
SWEEP_complementarity_1.6,22,random,L2_加粗粒度标记_UPLIFT,t_learner,7169.0,2151.0,,,,,,,,,,complementarity,1.6,,,,,0.007937336175140976,0.0364312911041883,
SWEEP_complementarity_1.6,22,random,L4_集中式_UPLIFT,t_learner,7169.0,2151.0,,,,,,,,,,complementarity,1.6,,,,,0.010329682221655753,0.10326377742108078,
SWEEP_complementarity_1.6,22,random,OVERLAP_L1_vs_L3a_联邦LR,top_k_overlap,,,,,,,,,,,,complementarity,1.6,,,,,,,0.3209302325581395
SWEEP_complementarity_1.6,22,random,OVERLAP_L1_vs_L3b_纵向GBDT,top_k_overlap,,,,,,,,,,,,complementarity,1.6,,,,,,,0.25116279069767444
SWEEP_complementarity_1.6,22,random,OVERLAP_L1_vs_L3c_SplitNN_形态A双向,top_k_overlap,,,,,,,,,,,,complementarity,1.6,,,,,,,0.2930232558139535
SWEEP_complementarity_1.6,33,random,L0_内地单方_LR,logistic,7289.0,2187.0,0.6957148835679909,0.31524078557976865,2.866317169069463,0.14285714285714285,2.7070773263433816,0.2698412698412698,2.462569467146126,0.49206349206349204,0.0,complementarity,1.6,,,,,,,
SWEEP_complementarity_1.6,33,random,L1_加k匿名统计_LR,logistic,7289.0,2187.0,0.69787463007802,0.3272128060263654,2.866317169069463,0.14285714285714285,2.5478374836173003,0.25396825396825395,2.2242562929061784,0.4444444444444444,384.0,complementarity,1.6,,,,,,,
SWEEP_complementarity_1.6,33,random,L2_加粗粒度标记_LR,logistic,7289.0,2187.0,0.7243221833617315,0.3947403820285176,2.5478374836173003,0.12698412698412698,3.025557011795544,0.30158730158730157,2.383131742399477,0.47619047619047616,0.0,complementarity,1.6,,,,,,,
SWEEP_complementarity_1.6,33,random,L4_集中式_LR,logistic,7289.0,2187.0,0.8777987026574597,0.6153483992467044,8.598951507208389,0.42857142857142855,6.369593709043251,0.6349206349206349,3.9718862373324617,0.7936507936507936,0.0,complementarity,1.6,,,,,,,
SWEEP_complementarity_1.6,33,random,L0_内地单方_GBDT,gbdt,7289.0,2187.0,0.6403573670522823,0.21899381221415118,3.1847968545216254,0.15873015873015872,2.7070773263433816,0.2698412698412698,1.9859431186662309,0.3968253968253968,0.0,complementarity,1.6,60.0,0.0,0.0,,,,
SWEEP_complementarity_1.6,33,random,L4_集中式_GBDT,gbdt,7289.0,2187.0,0.8445430903058021,0.5570352434759214,6.688073394495413,0.3333333333333333,4.617955439056357,0.4603174603174603,3.3363844393592674,0.6666666666666666,1998000.0,complementarity,1.6,60.0,420.0,420.0,,,,
SWEEP_complementarity_1.6,33,random,L3a_联邦LR,federated_logistic,7289.0,2187.0,0.8780976295100589,0.615819209039548,8.598951507208389,0.42857142857142855,6.369593709043251,0.6349206349206349,3.9718862373324617,0.7936507936507936,4081600.0,complementarity,1.6,400.0,,,,,,
SWEEP_complementarity_1.6,33,random,L3b_纵向GBDT,vertical_gbdt,7289.0,2187.0,0.8445430903058021,0.5570352434759214,6.688073394495413,0.3333333333333333,4.617955439056357,0.4603174603174603,3.3363844393592674,0.6666666666666666,1998000.0,complementarity,1.6,60.0,420.0,420.0,,,,
SWEEP_complementarity_1.6,33,random,L3c_SplitNN_形态A双向,splitnn,7289.0,2187.0,0.8529354616925238,0.5398170567662093,7.9619921363040635,0.3968253968253968,5.414154652686763,0.5396825396825397,3.495259888852566,0.6984126984126984,466944.0,complementarity,1.6,228.0,,,1.0,,,
SWEEP_complementarity_1.6,33,random,L3c_SplitNN_形态B自监督,splitnn,7289.0,2187.0,0.7609930350043344,0.3866020984665052,5.732634338138926,0.2857142857142857,4.299475753604194,0.42857142857142855,2.7008826413860736,0.5396825396825397,233472.0,complementarity,1.6,228.0,,,0.0,,,
SWEEP_complementarity_1.6,33,random,L3c_SplitNN_形态B随机,splitnn,7289.0,2187.0,0.7559860102232983,0.4009281678773204,4.777195281782438,0.23809523809523808,3.6625163826998692,0.36507936507936506,2.7803203661327234,0.5555555555555556,233472.0,complementarity,1.6,228.0,,,0.0,,,
SWEEP_complementarity_1.6,33,random,L0_内地单方_UPLIFT,t_learner,7289.0,2187.0,,,,,,,,,,complementarity,1.6,,,,,0.007910528445904943,0.06809945217024863,
SWEEP_complementarity_1.6,33,random,L1_加k匿名统计_UPLIFT,t_learner,7289.0,2187.0,,,,,,,,,,complementarity,1.6,,,,,0.0071699377851194655,0.0484128988801886,
SWEEP_complementarity_1.6,33,random,L2_加粗粒度标记_UPLIFT,t_learner,7289.0,2187.0,,,,,,,,,,complementarity,1.6,,,,,0.006751584473257024,0.07388663967611335,
SWEEP_complementarity_1.6,33,random,L4_集中式_UPLIFT,t_learner,7289.0,2187.0,,,,,,,,,,complementarity,1.6,,,,,0.010813540888995669,0.14614538376914615,
SWEEP_complementarity_1.6,33,random,OVERLAP_L1_vs_L3a_联邦LR,top_k_overlap,,,,,,,,,,,,complementarity,1.6,,,,,,,0.3302752293577982
SWEEP_complementarity_1.6,33,random,OVERLAP_L1_vs_L3b_纵向GBDT,top_k_overlap,,,,,,,,,,,,complementarity,1.6,,,,,,,0.2706422018348624
SWEEP_complementarity_1.6,33,random,OVERLAP_L1_vs_L3c_SplitNN_形态A双向,top_k_overlap,,,,,,,,,,,,complementarity,1.6,,,,,,,0.3165137614678899
SWEEP_complementarity_1.6,44,random,L0_内地单方_LR,logistic,7289.0,2187.0,0.6836583959839551,0.2860831551893931,4.063639530832656,0.20253164556962025,2.53977470677041,0.25316455696202533,1.9004721490021146,0.379746835443038,0.0,complementarity,1.6,,,,,,,
SWEEP_complementarity_1.6,44,random,L1_加k匿名统计_LR,logistic,7289.0,2187.0,0.682223236374991,0.2931748853073284,4.063639530832656,0.20253164556962025,2.793752177447451,0.27848101265822783,1.9004721490021146,0.379746835443038,384.0,complementarity,1.6,,,,,,,
SWEEP_complementarity_1.6,44,random,L2_加粗粒度标记_LR,logistic,7289.0,2187.0,0.6879999039223692,0.31344726539043544,4.063639530832656,0.20253164556962025,2.53977470677041,0.25316455696202533,1.9004721490021146,0.379746835443038,0.0,complementarity,1.6,,,,,,,
SWEEP_complementarity_1.6,44,random,L4_集中式_LR,logistic,7289.0,2187.0,0.8964763528931378,0.6648151706578916,9.9051213564046,0.4936708860759494,6.476425502264545,0.6455696202531646,4.1176896561712475,0.8227848101265823,0.0,complementarity,1.6,,,,,,,
SWEEP_complementarity_1.6,44,random,L0_内地单方_GBDT,gbdt,7289.0,2187.0,0.6573301227391732,0.24843273364878826,2.53977470677041,0.12658227848101267,2.4127859714318896,0.24050632911392406,1.8371230773687104,0.3670886075949367,0.0,complementarity,1.6,60.0,0.0,0.0,,,,
SWEEP_complementarity_1.6,44,random,L4_集中式_GBDT,gbdt,7289.0,2187.0,0.8748228568683497,0.6208476448970768,8.889211473696434,0.4430379746835443,6.0954592962489835,0.6075949367088608,3.8642933696376325,0.7721518987341772,1979088.0,complementarity,1.6,60.0,404.0,404.0,,,,
SWEEP_complementarity_1.6,44,random,L3a_联邦LR,federated_logistic,7289.0,2187.0,0.8971008574928543,0.6643407873561838,9.9051213564046,0.4936708860759494,6.603414237603066,0.6582278481012658,4.1176896561712475,0.8227848101265823,4081600.0,complementarity,1.6,400.0,,,,,,
SWEEP_complementarity_1.6,44,random,L3b_纵向GBDT,vertical_gbdt,7289.0,2187.0,0.8748228568683497,0.6208476448970768,8.889211473696434,0.4430379746835443,6.0954592962489835,0.6075949367088608,3.8642933696376325,0.7721518987341772,1979088.0,complementarity,1.6,60.0,404.0,404.0,,,,
SWEEP_complementarity_1.6,44,random,L3c_SplitNN_形态A双向,splitnn,7289.0,2187.0,0.8777111906420387,0.6545768981336919,8.127279061665313,0.4050632911392405,5.20653814887934,0.5189873417721519,4.054340584537845,0.810126582278481,466944.0,complementarity,1.6,228.0,,,1.0,,,
SWEEP_complementarity_1.6,44,random,L3c_SplitNN_形态B自监督,splitnn,7289.0,2187.0,0.7940275742800182,0.4588607594936709,4.825571942863779,0.24050632911392406,4.063639530832656,0.4050632911392405,3.040755438403383,0.6075949367088608,233472.0,complementarity,1.6,228.0,,,0.0,,,
SWEEP_complementarity_1.6,44,random,L3c_SplitNN_形态B随机,splitnn,7289.0,2187.0,0.7729805682991858,0.4848737780126342,3.809662060155615,0.189873417721519,3.4286958541400536,0.34177215189873417,2.5339628653361523,0.5063291139240507,233472.0,complementarity,1.6,228.0,,,0.0,,,
SWEEP_complementarity_1.6,44,random,L0_内地单方_UPLIFT,t_learner,7289.0,2187.0,,,,,,,,,,complementarity,1.6,,,,,0.005111389990550549,0.025420875420875413,
SWEEP_complementarity_1.6,44,random,L1_加k匿名统计_UPLIFT,t_learner,7289.0,2187.0,,,,,,,,,,complementarity,1.6,,,,,0.004984555174070606,0.010942760942760935,
SWEEP_complementarity_1.6,44,random,L2_加粗粒度标记_UPLIFT,t_learner,7289.0,2187.0,,,,,,,,,,complementarity,1.6,,,,,0.00526474473149562,0.036268556005398106,
SWEEP_complementarity_1.6,44,random,L4_集中式_UPLIFT,t_learner,7289.0,2187.0,,,,,,,,,,complementarity,1.6,,,,,0.00818514311416584,0.19225872167048635,
SWEEP_complementarity_1.6,44,random,OVERLAP_L1_vs_L3a_联邦LR,top_k_overlap,,,,,,,,,,,,complementarity,1.6,,,,,,,0.3348623853211009
SWEEP_complementarity_1.6,44,random,OVERLAP_L1_vs_L3b_纵向GBDT,top_k_overlap,,,,,,,,,,,,complementarity,1.6,,,,,,,0.29357798165137616
SWEEP_complementarity_1.6,44,random,OVERLAP_L1_vs_L3c_SplitNN_形态A双向,top_k_overlap,,,,,,,,,,,,complementarity,1.6,,,,,,,0.29357798165137616
SWEEP_complementarity_1.6,55,random,L0_内地单方_LR,logistic,7121.0,2137.0,0.7316402918601346,0.4158848984490982,3.3049798948345193,0.16393442622950818,2.6315708458400677,0.26229508196721313,2.4613199216800394,0.4918032786885246,0.0,complementarity,1.6,,,,,,,
SWEEP_complementarity_1.6,55,random,L1_加k匿名统计_LR,logistic,7121.0,2137.0,0.7457200164250293,0.39855965128399506,3.3049798948345193,0.16393442622950818,2.796044023705072,0.2786885245901639,2.7074519138480437,0.5409836065573771,384.0,complementarity,1.6,,,,,,,
SWEEP_complementarity_1.6,55,random,L2_加粗粒度标记_LR,logistic,7121.0,2137.0,0.7712340882529454,0.4468081746106952,2.974481905351067,0.14754098360655737,3.4539367351650885,0.3442622950819672,2.7894959112373785,0.5573770491803278,0.0,complementarity,1.6,,,,,,,
SWEEP_complementarity_1.6,55,random,L4_集中式_LR,logistic,7121.0,2137.0,0.8927240279225497,0.6583514956252566,8.262449737086298,0.4098360655737705,5.921034403140152,0.5901639344262295,3.938111874688064,0.7868852459016393,0.0,complementarity,1.6,,,,,,,
SWEEP_complementarity_1.6,55,random,L0_内地单方_GBDT,gbdt,7121.0,2137.0,0.7309138001832022,0.39327679332891124,2.643983915867615,0.13114754098360656,2.6315708458400677,0.26229508196721313,2.297231926901371,0.45901639344262296,0.0,complementarity,1.6,60.0,0.0,0.0,,,,
SWEEP_complementarity_1.6,55,random,L4_集中式_GBDT,gbdt,7121.0,2137.0,0.8552781199658865,0.5421207239647494,7.931951747602845,0.39344262295081966,5.098668513815131,0.5081967213114754,3.6099358851307253,0.7213114754098361,1954440.0,complementarity,1.6,60.0,418.0,418.0,,,,
SWEEP_complementarity_1.6,55,random,L3a_联邦LR,federated_logistic,7121.0,2137.0,0.8923528854354212,0.655461322214852,8.592947726569749,0.4262295081967213,5.921034403140152,0.5901639344262295,3.938111874688064,0.7868852459016393,3987200.0,complementarity,1.6,400.0,,,,,,
SWEEP_complementarity_1.6,55,random,L3b_纵向GBDT,vertical_gbdt,7121.0,2137.0,0.8552781199658865,0.5421207239647494,7.931951747602845,0.39344262295081966,5.098668513815131,0.5081967213114754,3.6099358851307253,0.7213114754098361,1954440.0,complementarity,1.6,60.0,418.0,418.0,,,,
SWEEP_complementarity_1.6,55,random,L3c_SplitNN_形态A双向,splitnn,7121.0,2137.0,0.8956931678195773,0.6415711172178526,7.601453758119393,0.3770491803278688,6.414453936735165,0.639344262295082,4.102199869466733,0.819672131147541,466944.0,complementarity,1.6,228.0,,,1.0,,,
SWEEP_complementarity_1.6,55,random,L3c_SplitNN_形态B自监督,splitnn,7121.0,2137.0,0.795445213051581,0.46899775735177995,4.2964738632848745,0.21311475409836064,3.9473562687601014,0.39344262295081966,2.871539908626713,0.5737704918032787,233472.0,complementarity,1.6,228.0,,,0.0,,,
SWEEP_complementarity_1.6,55,random,L3c_SplitNN_形态B随机,splitnn,7121.0,2137.0,0.8345731071733157,0.5499541994377586,5.948963810702134,0.29508196721311475,4.769722158085123,0.47540983606557374,3.363803892962721,0.6721311475409836,233472.0,complementarity,1.6,228.0,,,0.0,,,
SWEEP_complementarity_1.6,55,random,L0_内地单方_UPLIFT,t_learner,7121.0,2137.0,,,,,,,,,,complementarity,1.6,,,,,0.007441396437255219,0.08753999289015287,
SWEEP_complementarity_1.6,55,random,L1_加k匿名统计_UPLIFT,t_learner,7121.0,2137.0,,,,,,,,,,complementarity,1.6,,,,,0.005972682248927398,0.057526881720430106,
SWEEP_complementarity_1.6,55,random,L2_加粗粒度标记_UPLIFT,t_learner,7121.0,2137.0,,,,,,,,,,complementarity,1.6,,,,,0.008396943304791809,0.10227473108799152,
SWEEP_complementarity_1.6,55,random,L4_集中式_UPLIFT,t_learner,7121.0,2137.0,,,,,,,,,,complementarity,1.6,,,,,0.010169530968704921,0.1371610845295056,
SWEEP_complementarity_1.6,55,random,OVERLAP_L1_vs_L3a_联邦LR,top_k_overlap,,,,,,,,,,,,complementarity,1.6,,,,,,,0.3474178403755869
SWEEP_complementarity_1.6,55,random,OVERLAP_L1_vs_L3b_纵向GBDT,top_k_overlap,,,,,,,,,,,,complementarity,1.6,,,,,,,0.3286384976525822
SWEEP_complementarity_1.6,55,random,OVERLAP_L1_vs_L3c_SplitNN_形态A双向,top_k_overlap,,,,,,,,,,,,complementarity,1.6,,,,,,,0.3051643192488263
SWEEP_complementarity_2.0,11,random,L0_内地单方_LR,logistic,7236.0,2171.0,0.6407349856266025,0.239794887732111,2.636308439587128,0.13114754098360656,1.968119664576566,0.19672131147540983,1.6400997204804715,0.32786885245901637,0.0,complementarity,2.0,,,,,,,
SWEEP_complementarity_2.0,11,random,L1_加k匿名统计_LR,logistic,7236.0,2171.0,0.6298345116929531,0.2562504855877553,2.636308439587128,0.13114754098360656,1.968119664576566,0.19672131147540983,1.4760897484324242,0.29508196721311475,384.0,complementarity,2.0,,,,,,,
SWEEP_complementarity_2.0,11,random,L2_加粗粒度标记_LR,logistic,7236.0,2171.0,0.643897133089892,0.22645482091523572,1.977231329690346,0.09836065573770492,1.6400997204804715,0.16393442622950818,1.722104706504495,0.3442622950819672,0.0,complementarity,2.0,,,,,,,
SWEEP_complementarity_2.0,11,random,L4_集中式_LR,logistic,7236.0,2171.0,0.8344650765286302,0.5534068836920207,7.249848208864602,0.36065573770491804,5.412329077585556,0.5409836065573771,3.44420941300899,0.6885245901639344,0.0,complementarity,2.0,,,,,,,
SWEEP_complementarity_2.0,11,random,L0_内地单方_GBDT,gbdt,7236.0,2171.0,0.5380195788982985,0.1025639033486131,1.647692774741955,0.08196721311475409,1.6400997204804715,0.16393442622950818,1.4760897484324242,0.29508196721311475,0.0,complementarity,2.0,60.0,0.0,0.0,,,,
SWEEP_complementarity_2.0,11,random,L4_集中式_GBDT,gbdt,7236.0,2171.0,0.7838318700955638,0.4722787662186311,5.272616879174256,0.26229508196721313,4.428269245297273,0.4426229508196721,2.9521794968648485,0.5901639344262295,1984680.0,complementarity,2.0,60.0,420.0,420.0,,,,
SWEEP_complementarity_2.0,11,random,L3a_联邦LR,federated_logistic,7236.0,2171.0,0.8352808639577345,0.5578665216377905,7.249848208864602,0.36065573770491804,5.412329077585556,0.5409836065573771,3.44420941300899,0.6885245901639344,4052000.0,complementarity,2.0,400.0,,,,,,
SWEEP_complementarity_2.0,11,random,L3b_纵向GBDT,vertical_gbdt,7236.0,2171.0,0.7838318700955638,0.4722787662186311,5.272616879174256,0.26229508196721313,4.428269245297273,0.4426229508196721,2.9521794968648485,0.5901639344262295,1984680.0,complementarity,2.0,60.0,420.0,420.0,,,,
SWEEP_complementarity_2.0,11,random,L3c_SplitNN_形态A双向,splitnn,7236.0,2171.0,0.7981198042110169,0.4966669256468029,5.272616879174256,0.26229508196721313,4.920299161441415,0.4918032786885246,3.1981944549369192,0.639344262295082,466944.0,complementarity,2.0,228.0,,,1.0,,,
SWEEP_complementarity_2.0,11,random,L3c_SplitNN_形态B自监督,splitnn,7236.0,2171.0,0.6918110480926112,0.3118794188485743,2.636308439587128,0.13114754098360656,3.44420941300899,0.3442622950819672,2.29613960867266,0.45901639344262296,233472.0,complementarity,2.0,228.0,,,0.0,,,
SWEEP_complementarity_2.0,11,random,L3c_SplitNN_形态B随机,splitnn,7236.0,2171.0,0.6733509439825965,0.33337735995649137,2.306769884638737,0.11475409836065574,2.4601495807207074,0.2459016393442623,1.968119664576566,0.39344262295081966,233472.0,complementarity,2.0,228.0,,,0.0,,,
SWEEP_complementarity_2.0,11,random,L0_内地单方_UPLIFT,t_learner,7236.0,2171.0,,,,,,,,,,complementarity,2.0,,,,,-0.00031125161343304125,-0.044358974358974367,
SWEEP_complementarity_2.0,11,random,L1_加k匿名统计_UPLIFT,t_learner,7236.0,2171.0,,,,,,,,,,complementarity,2.0,,,,,-0.0005633333487796906,-0.052344416027280474,
SWEEP_complementarity_2.0,11,random,L2_加粗粒度标记_UPLIFT,t_learner,7236.0,2171.0,,,,,,,,,,complementarity,2.0,,,,,0.0011873382629926433,-0.00975860297894196,
SWEEP_complementarity_2.0,11,random,L4_集中式_UPLIFT,t_learner,7236.0,2171.0,,,,,,,,,,complementarity,2.0,,,,,0.002979207795365077,0.013205282112845163,
SWEEP_complementarity_2.0,11,random,OVERLAP_L1_vs_L3a_联邦LR,top_k_overlap,,,,,,,,,,,,complementarity,2.0,,,,,,,0.23963133640552994
SWEEP_complementarity_2.0,11,random,OVERLAP_L1_vs_L3b_纵向GBDT,top_k_overlap,,,,,,,,,,,,complementarity,2.0,,,,,,,0.18433179723502305
SWEEP_complementarity_2.0,11,random,OVERLAP_L1_vs_L3c_SplitNN_形态A双向,top_k_overlap,,,,,,,,,,,,complementarity,2.0,,,,,,,0.20276497695852536
SWEEP_complementarity_2.0,22,random,L0_内地单方_LR,logistic,7169.0,2151.0,0.7502706094595655,0.41652678641462076,3.6250957560900874,0.18032786885245902,3.1162028211971027,0.3114754098360656,2.7881814715974076,0.5573770491803278,0.0,complementarity,2.0,,,,,,,
SWEEP_complementarity_2.0,22,random,L1_加k匿名统计_LR,logistic,7169.0,2151.0,0.7515569848615578,0.41975056867205274,3.6250957560900874,0.18032786885245902,3.28021349599695,0.32786885245901637,2.8701868089973317,0.5737704918032787,384.0,complementarity,2.0,,,,,,,
SWEEP_complementarity_2.0,22,random,L2_加粗粒度标记_LR,logistic,7169.0,2151.0,0.7740214918817162,0.47696289905090594,4.613758235023747,0.22950819672131148,3.772245520396493,0.3770491803278688,2.6241707967975603,0.5245901639344263,0.0,complementarity,2.0,,,,,,,
SWEEP_complementarity_2.0,22,random,L4_集中式_LR,logistic,7169.0,2151.0,0.9385441995450623,0.7534159541924856,11.863949747203922,0.5901639344262295,7.708501715592833,0.7704918032786885,4.428288219595883,0.8852459016393442,0.0,complementarity,2.0,,,,,,,
SWEEP_complementarity_2.0,22,random,L0_内地单方_GBDT,gbdt,7169.0,2151.0,0.7188524590163934,0.3569221115381599,3.295541596445534,0.16393442622950818,2.6241707967975603,0.26229508196721313,2.296149447197865,0.45901639344262296,0.0,complementarity,2.0,60.0,0.0,0.0,,,,
SWEEP_complementarity_2.0,22,random,L4_集中式_GBDT,gbdt,7169.0,2151.0,0.9092007216252255,0.6736371480116088,9.8866247893366,0.4918032786885246,6.724437666793748,0.6721311475409836,4.182272207396112,0.8360655737704918,1967760.0,complementarity,2.0,60.0,420.0,420.0,,,,
SWEEP_complementarity_2.0,22,random,L3a_联邦LR,federated_logistic,7169.0,2151.0,0.9388187308808534,0.7548513608910502,11.863949747203922,0.5901639344262295,7.708501715592833,0.7704918032786885,4.428288219595883,0.8852459016393442,4014400.0,complementarity,2.0,400.0,,,,,,
SWEEP_complementarity_2.0,22,random,L3b_纵向GBDT,vertical_gbdt,7169.0,2151.0,0.9092007216252255,0.6736371480116088,9.8866247893366,0.4918032786885246,6.724437666793748,0.6721311475409836,4.182272207396112,0.8360655737704918,1967760.0,complementarity,2.0,60.0,420.0,420.0,,,,
SWEEP_complementarity_2.0,22,random,L3c_SplitNN_形态A双向,splitnn,7169.0,2151.0,0.9309043846576203,0.7176327555102361,10.216178948981154,0.5081967213114754,7.87251239039268,0.7868852459016393,4.346282882195959,0.8688524590163934,466944.0,complementarity,2.0,228.0,,,1.0,,,
SWEEP_complementarity_2.0,22,random,L3c_SplitNN_形态B自监督,splitnn,7169.0,2151.0,0.8442309200721625,0.5197270374146993,7.909299831469282,0.39344262295081966,5.084330918795273,0.5081967213114754,3.362218833396874,0.6721311475409836,233472.0,complementarity,2.0,228.0,,,0.0,,,
SWEEP_complementarity_2.0,22,random,L3c_SplitNN_形态B随机,splitnn,7169.0,2151.0,0.7907443721076163,0.4575260804769002,6.261529033246514,0.3114754098360656,4.59229889439573,0.45901639344262296,3.198208158597027,0.639344262295082,233472.0,complementarity,2.0,228.0,,,0.0,,,
SWEEP_complementarity_2.0,22,random,L0_内地单方_UPLIFT,t_learner,7169.0,2151.0,,,,,,,,,,complementarity,2.0,,,,,0.008287992636038521,0.07217300677436164,
SWEEP_complementarity_2.0,22,random,L1_加k匿名统计_UPLIFT,t_learner,7169.0,2151.0,,,,,,,,,,complementarity,2.0,,,,,0.0072342527913489,0.008511377453534821,
SWEEP_complementarity_2.0,22,random,L2_加粗粒度标记_UPLIFT,t_learner,7169.0,2151.0,,,,,,,,,,complementarity,2.0,,,,,0.0076871818169350695,0.04379435693266402,
SWEEP_complementarity_2.0,22,random,L4_集中式_UPLIFT,t_learner,7169.0,2151.0,,,,,,,,,,complementarity,2.0,,,,,0.009759960755931189,0.1427165354330709,
SWEEP_complementarity_2.0,22,random,OVERLAP_L1_vs_L3a_联邦LR,top_k_overlap,,,,,,,,,,,,complementarity,2.0,,,,,,,0.27906976744186046
SWEEP_complementarity_2.0,22,random,OVERLAP_L1_vs_L3b_纵向GBDT,top_k_overlap,,,,,,,,,,,,complementarity,2.0,,,,,,,0.24651162790697675
SWEEP_complementarity_2.0,22,random,OVERLAP_L1_vs_L3c_SplitNN_形态A双向,top_k_overlap,,,,,,,,,,,,complementarity,2.0,,,,,,,0.2558139534883721
SWEEP_complementarity_2.0,33,random,L0_内地单方_LR,logistic,7289.0,2187.0,0.6588373123026589,0.2682696841112682,2.432026688907423,0.12121212121212122,2.432026688907423,0.24242424242424243,1.895672976908675,0.3787878787878788,0.0,complementarity,2.0,,,,,,,
SWEEP_complementarity_2.0,33,random,L1_加k匿名统计_LR,logistic,7289.0,2187.0,0.6606946408926607,0.2580472332947581,2.736030025020851,0.13636363636363635,2.280025020850709,0.22727272727272727,1.819846057832328,0.36363636363636365,384.0,complementarity,2.0,,,,,,,
SWEEP_complementarity_2.0,33,random,L2_加粗粒度标记_LR,logistic,7289.0,2187.0,0.697905504836198,0.35960738931035957,2.128023352793995,0.10606060606060606,2.584028356964137,0.25757575757575757,2.2748075722904098,0.45454545454545453,0.0,complementarity,2.0,,,,,,,
SWEEP_complementarity_2.0,33,random,L4_集中式_LR,logistic,7289.0,2187.0,0.9003543211464003,0.6643521495006643,8.51209341117598,0.42424242424242425,6.688073394495413,0.6666666666666666,4.094653630122738,0.8181818181818182,0.0,complementarity,2.0,,,,,,,
SWEEP_complementarity_2.0,33,random,L0_内地单方_GBDT,gbdt,7289.0,2187.0,0.6334883488348835,0.21726458360121725,3.0400333611342787,0.15151515151515152,1.9760216847372811,0.19696969696969696,1.744019138755981,0.3484848484848485,0.0,complementarity,2.0,60.0,0.0,0.0,,,,
SWEEP_complementarity_2.0,33,random,L4_集中式_GBDT,gbdt,7289.0,2187.0,0.8938465275098938,0.6365779435086365,8.51209341117598,0.42424242424242425,6.232068390325272,0.6212121212121212,3.79134595381735,0.7575757575757576,1998000.0,complementarity,2.0,60.0,420.0,420.0,,,,
SWEEP_complementarity_2.0,33,random,L3a_联邦LR,federated_logistic,7289.0,2187.0,0.9005972025774006,0.6648236252196648,8.51209341117598,0.42424242424242425,6.688073394495413,0.6666666666666666,4.094653630122738,0.8181818181818182,4081600.0,complementarity,2.0,400.0,,,,,,
SWEEP_complementarity_2.0,33,random,L3b_纵向GBDT,vertical_gbdt,7289.0,2187.0,0.8938465275098938,0.6365779435086365,8.51209341117598,0.42424242424242425,6.232068390325272,0.6212121212121212,3.79134595381735,0.7575757575757576,1998000.0,complementarity,2.0,60.0,420.0,420.0,,,,
SWEEP_complementarity_2.0,33,random,L3c_SplitNN_形态A双向,splitnn,7289.0,2187.0,0.8793807952223793,0.6213621362136214,8.51209341117598,0.42424242424242425,5.928065054211844,0.5909090909090909,3.942999791970044,0.7878787878787878,466944.0,complementarity,2.0,228.0,,,1.0,,,
SWEEP_complementarity_2.0,33,random,L3c_SplitNN_形态B自监督,splitnn,7289.0,2187.0,0.7733987684482734,0.40017573185890015,5.472060050041702,0.2727272727272727,3.9520433694745623,0.3939393939393939,2.805596005824839,0.5606060606060606,233472.0,complementarity,2.0,228.0,,,0.0,,,
SWEEP_complementarity_2.0,33,random,L3c_SplitNN_形态B随机,splitnn,7289.0,2187.0,0.7650979383652651,0.4297715485834298,4.560050041701418,0.22727272727272727,3.192035029190993,0.3181818181818182,2.957249843977533,0.5909090909090909,233472.0,complementarity,2.0,228.0,,,0.0,,,
SWEEP_complementarity_2.0,33,random,L0_内地单方_UPLIFT,t_learner,7289.0,2187.0,,,,,,,,,,complementarity,2.0,,,,,0.004716102362471059,-0.010101010101010097,
SWEEP_complementarity_2.0,33,random,L1_加k匿名统计_UPLIFT,t_learner,7289.0,2187.0,,,,,,,,,,complementarity,2.0,,,,,0.003583587423834161,0.017508417508417508,
SWEEP_complementarity_2.0,33,random,L2_加粗粒度标记_UPLIFT,t_learner,7289.0,2187.0,,,,,,,,,,complementarity,2.0,,,,,0.0033247366192620245,0.0347457627118644,
SWEEP_complementarity_2.0,33,random,L4_集中式_UPLIFT,t_learner,7289.0,2187.0,,,,,,,,,,complementarity,2.0,,,,,0.006494298128254074,0.05525937209105525,
SWEEP_complementarity_2.0,33,random,OVERLAP_L1_vs_L3a_联邦LR,top_k_overlap,,,,,,,,,,,,complementarity,2.0,,,,,,,0.3440366972477064
SWEEP_complementarity_2.0,33,random,OVERLAP_L1_vs_L3b_纵向GBDT,top_k_overlap,,,,,,,,,,,,complementarity,2.0,,,,,,,0.2798165137614679
SWEEP_complementarity_2.0,33,random,OVERLAP_L1_vs_L3c_SplitNN_形态A双向,top_k_overlap,,,,,,,,,,,,complementarity,2.0,,,,,,,0.3256880733944954
SWEEP_complementarity_2.0,44,random,L0_内地单方_LR,logistic,7289.0,2187.0,0.6785902711828637,0.2872744539411206,3.4678899082568813,0.1728395061728395,2.724770642201835,0.2716049382716049,2.162471395881007,0.43209876543209874,0.0,complementarity,2.0,,,,,,,
SWEEP_complementarity_2.0,44,random,L1_加k匿名统计_LR,logistic,7289.0,2187.0,0.6762219642878078,0.27682811016144354,3.4678899082568813,0.1728395061728395,3.096330275229358,0.30864197530864196,1.977116704805492,0.3950617283950617,384.0,complementarity,2.0,,,,,,,
SWEEP_complementarity_2.0,44,random,L2_加粗粒度标记_LR,logistic,7289.0,2187.0,0.6762747235998265,0.2787274453941121,3.963302752293578,0.19753086419753085,2.8486238532110093,0.2839506172839506,2.1006864988558354,0.41975308641975306,0.0,complementarity,2.0,,,,,,,
SWEEP_complementarity_2.0,44,random,L4_集中式_LR,logistic,7289.0,2187.0,0.9256328186369338,0.7041785375118709,10.651376146788992,0.5308641975308642,7.183486238532111,0.7160493827160493,4.386727688787186,0.8765432098765432,0.0,complementarity,2.0,,,,,,,
SWEEP_complementarity_2.0,44,random,L0_内地单方_GBDT,gbdt,7289.0,2187.0,0.6350902184235517,0.2203228869895536,4.458715596330276,0.2222222222222222,2.600917431192661,0.25925925925925924,1.5446224256292909,0.30864197530864196,0.0,complementarity,2.0,60.0,0.0,0.0,,,,
SWEEP_complementarity_2.0,44,random,L4_集中式_GBDT,gbdt,7289.0,2187.0,0.9058187659010705,0.6657169990503324,8.669724770642203,0.43209876543209874,6.688073394495413,0.6666666666666666,4.077803203661328,0.8148148148148148,1986180.0,complementarity,2.0,60.0,410.0,410.0,,,,
SWEEP_complementarity_2.0,44,random,L3a_联邦LR,federated_logistic,7289.0,2187.0,0.9261604117571196,0.7032288698955366,10.651376146788992,0.5308641975308642,7.059633027522936,0.7037037037037037,4.324942791762014,0.8641975308641975,4081600.0,complementarity,2.0,400.0,,,,,,
SWEEP_complementarity_2.0,44,random,L3b_纵向GBDT,vertical_gbdt,7289.0,2187.0,0.9058187659010705,0.6657169990503324,8.669724770642203,0.43209876543209874,6.688073394495413,0.6666666666666666,4.077803203661328,0.8148148148148148,1986180.0,complementarity,2.0,60.0,410.0,410.0,,,,
SWEEP_complementarity_2.0,44,random,L3c_SplitNN_形态A双向,splitnn,7289.0,2187.0,0.9041773650827148,0.6614434947768282,8.917431192660551,0.4444444444444444,6.316513761467891,0.6296296296296297,4.077803203661328,0.8148148148148148,466944.0,complementarity,2.0,228.0,,,1.0,,,
SWEEP_complementarity_2.0,44,random,L3c_SplitNN_形态B自监督,splitnn,7289.0,2187.0,0.7921517592299486,0.5047483380816714,5.697247706422019,0.2839506172839506,3.839449541284404,0.38271604938271603,2.9656750572082378,0.5925925925925926,233472.0,complementarity,2.0,228.0,,,0.0,,,
SWEEP_complementarity_2.0,44,random,L3c_SplitNN_形态B随机,splitnn,7289.0,2187.0,0.7745711840362046,0.4686609686609686,3.4678899082568813,0.1728395061728395,2.972477064220184,0.2962962962962963,2.471395881006865,0.49382716049382713,233472.0,complementarity,2.0,228.0,,,0.0,,,
SWEEP_complementarity_2.0,44,random,L0_内地单方_UPLIFT,t_learner,7289.0,2187.0,,,,,,,,,,complementarity,2.0,,,,,0.004892296612604308,0.023638666103841285,
SWEEP_complementarity_2.0,44,random,L1_加k匿名统计_UPLIFT,t_learner,7289.0,2187.0,,,,,,,,,,complementarity,2.0,,,,,0.004994452063065475,0.021731805929919135,
SWEEP_complementarity_2.0,44,random,L2_加粗粒度标记_UPLIFT,t_learner,7289.0,2187.0,,,,,,,,,,complementarity,2.0,,,,,0.00523080508249375,0.03140523701271365,
SWEEP_complementarity_2.0,44,random,L4_集中式_UPLIFT,t_learner,7289.0,2187.0,,,,,,,,,,complementarity,2.0,,,,,0.0059972948998392155,0.17058575642646437,
SWEEP_complementarity_2.0,44,random,OVERLAP_L1_vs_L3a_联邦LR,top_k_overlap,,,,,,,,,,,,complementarity,2.0,,,,,,,0.2798165137614679
SWEEP_complementarity_2.0,44,random,OVERLAP_L1_vs_L3b_纵向GBDT,top_k_overlap,,,,,,,,,,,,complementarity,2.0,,,,,,,0.25229357798165136
SWEEP_complementarity_2.0,44,random,OVERLAP_L1_vs_L3c_SplitNN_形态A双向,top_k_overlap,,,,,,,,,,,,complementarity,2.0,,,,,,,0.24770642201834864
SWEEP_complementarity_2.0,55,random,L0_内地单方_LR,logistic,7121.0,2137.0,0.7325283405692233,0.3857106246985046,2.8350530660377355,0.140625,2.9785064553990606,0.296875,2.502341920374707,0.5,0.0,complementarity,2.0,,,,,,,
SWEEP_complementarity_2.0,55,random,L1_加k匿名统计_LR,logistic,7121.0,2137.0,0.7500678364688856,0.41870176073323684,3.780070754716981,0.1875,2.9785064553990606,0.296875,2.580540105386417,0.515625,384.0,complementarity,2.0,,,,,,,
SWEEP_complementarity_2.0,55,random,L2_加粗粒度标记_LR,logistic,7121.0,2137.0,0.778596840328027,0.47021225277375783,3.465064858490566,0.171875,3.919087441314554,0.390625,2.6587382903981265,0.53125,0.0,complementarity,2.0,,,,,,,
SWEEP_complementarity_2.0,55,random,L4_集中式_LR,logistic,7121.0,2137.0,0.9048932706222865,0.6680535455861071,9.765182783018867,0.484375,6.427303403755868,0.640625,3.9881074355971893,0.796875,0.0,complementarity,2.0,,,,,,,
SWEEP_complementarity_2.0,55,random,L0_内地单方_GBDT,gbdt,7121.0,2137.0,0.7011652797877472,0.32302219006271105,4.095076650943396,0.203125,2.9785064553990606,0.296875,2.189549180327869,0.4375,0.0,complementarity,2.0,60.0,0.0,0.0,,,,
SWEEP_complementarity_2.0,55,random,L4_集中式_GBDT,gbdt,7121.0,2137.0,0.8687665822479499,0.5722458393632417,9.765182783018867,0.484375,5.957012910798121,0.59375,3.5189183255269323,0.703125,1955520.0,complementarity,2.0,60.0,420.0,420.0,,,,
SWEEP_complementarity_2.0,55,random,L3a_联邦LR,federated_logistic,7121.0,2137.0,0.9047274481427882,0.6661239749155813,9.765182783018867,0.484375,6.427303403755868,0.640625,3.9881074355971893,0.796875,3987200.0,complementarity,2.0,400.0,,,,,,
SWEEP_complementarity_2.0,55,random,L3b_纵向GBDT,vertical_gbdt,7121.0,2137.0,0.8687665822479499,0.5722458393632417,9.765182783018867,0.484375,5.957012910798121,0.59375,3.5189183255269323,0.703125,1955520.0,complementarity,2.0,60.0,420.0,420.0,,,,
SWEEP_complementarity_2.0,55,random,L3c_SplitNN_形态A双向,splitnn,7121.0,2137.0,0.898554329474192,0.6316856608779546,10.395194575471697,0.515625,6.58406690140845,0.65625,3.9099092505854802,0.78125,466944.0,complementarity,2.0,228.0,,,1.0,,,
SWEEP_complementarity_2.0,55,random,L3c_SplitNN_形态B自监督,splitnn,7121.0,2137.0,0.8093569102749638,0.515828509406657,5.355100235849056,0.265625,3.6055604460093895,0.359375,3.0497292154566744,0.609375,233472.0,complementarity,2.0,228.0,,,0.0,,,
SWEEP_complementarity_2.0,55,random,L3c_SplitNN_形态B随机,splitnn,7121.0,2137.0,0.8477071273516642,0.5724794983116257,5.985112028301886,0.296875,4.702904929577465,0.46875,3.753512880562061,0.75,233472.0,complementarity,2.0,228.0,,,0.0,,,
SWEEP_complementarity_2.0,55,random,L0_内地单方_UPLIFT,t_learner,7121.0,2137.0,,,,,,,,,,complementarity,2.0,,,,,0.006243153679864967,0.056311881188118806,
SWEEP_complementarity_2.0,55,random,L1_加k匿名统计_UPLIFT,t_learner,7121.0,2137.0,,,,,,,,,,complementarity,2.0,,,,,0.004727850871606585,0.020114428750223498,
SWEEP_complementarity_2.0,55,random,L2_加粗粒度标记_UPLIFT,t_learner,7121.0,2137.0,,,,,,,,,,complementarity,2.0,,,,,0.005884333283958568,0.08552283547875154,
SWEEP_complementarity_2.0,55,random,L4_集中式_UPLIFT,t_learner,7121.0,2137.0,,,,,,,,,,complementarity,2.0,,,,,0.008741602529025873,0.12360446570972886,
SWEEP_complementarity_2.0,55,random,OVERLAP_L1_vs_L3a_联邦LR,top_k_overlap,,,,,,,,,,,,complementarity,2.0,,,,,,,0.3051643192488263
SWEEP_complementarity_2.0,55,random,OVERLAP_L1_vs_L3b_纵向GBDT,top_k_overlap,,,,,,,,,,,,complementarity,2.0,,,,,,,0.2535211267605634
SWEEP_complementarity_2.0,55,random,OVERLAP_L1_vs_L3c_SplitNN_形态A双向,top_k_overlap,,,,,,,,,,,,complementarity,2.0,,,,,,,0.28169014084507044
SWEEP_overlap_rate_0.05,11,random,L0_内地单方_LR,logistic,1196.0,359.0,0.456425077812361,0.18541574032903513,0.0,0.0,0.0,0.0,0.7778981581798483,0.15384615384615385,0.0,overlap_rate,0.05,,,,,,,
SWEEP_overlap_rate_0.05,11,random,L1_加k匿名统计_LR,logistic,1196.0,359.0,0.43797243219208537,0.17963539350822588,0.0,0.0,0.0,0.0,0.7778981581798483,0.15384615384615385,342.0,overlap_rate,0.05,,,,,,,
SWEEP_overlap_rate_0.05,11,random,L2_加粗粒度标记_LR,logistic,1196.0,359.0,0.4522009782125389,0.14095153401511784,0.0,0.0,0.0,0.0,0.7778981581798483,0.15384615384615385,0.0,overlap_rate,0.05,,,,,,,
SWEEP_overlap_rate_0.05,11,random,L4_集中式_LR,logistic,1196.0,359.0,0.48999555357936864,0.15718096931969772,0.0,0.0,1.578021978021978,0.15384615384615385,1.1668472372697725,0.23076923076923078,0.0,overlap_rate,0.05,,,,,,,
SWEEP_overlap_rate_0.05,11,random,L0_内地单方_GBDT,gbdt,1196.0,359.0,0.365606936416185,0.2650066696309471,1.6244343891402715,0.07692307692307693,0.789010989010989,0.07692307692307693,0.38894907908992415,0.07692307692307693,0.0,overlap_rate,0.05,60.0,0.0,0.0,,,,
SWEEP_overlap_rate_0.05,11,random,L4_集中式_GBDT,gbdt,1196.0,359.0,0.3768341485104491,0.27901289461983103,1.6244343891402715,0.07692307692307693,0.789010989010989,0.07692307692307693,0.38894907908992415,0.07692307692307693,444944.0,overlap_rate,0.05,60.0,384.0,384.0,,,,
SWEEP_overlap_rate_0.05,11,random,L3a_联邦LR,federated_logistic,1196.0,359.0,0.4842152067585594,0.15429079590929307,0.0,0.0,1.578021978021978,0.15384615384615385,1.1668472372697725,0.23076923076923078,669600.0,overlap_rate,0.05,400.0,,,,,,
SWEEP_overlap_rate_0.05,11,random,L3b_纵向GBDT,vertical_gbdt,1196.0,359.0,0.3768341485104491,0.27901289461983103,1.6244343891402715,0.07692307692307693,0.789010989010989,0.07692307692307693,0.38894907908992415,0.07692307692307693,444944.0,overlap_rate,0.05,60.0,384.0,384.0,,,,
SWEEP_overlap_rate_0.05,11,random,L3c_SplitNN_形态A双向,splitnn,1196.0,359.0,0.4508670520231214,0.1685193419297465,3.248868778280543,0.15384615384615385,1.578021978021978,0.15384615384615385,1.1668472372697725,0.23076923076923078,73728.0,overlap_rate,0.05,36.0,,,1.0,,,
SWEEP_overlap_rate_0.05,11,random,L3c_SplitNN_形态B自监督,splitnn,1196.0,359.0,0.476878612716763,0.16985326811916407,0.0,0.0,0.0,0.0,0.7778981581798483,0.15384615384615385,36864.0,overlap_rate,0.05,36.0,,,0.0,,,
SWEEP_overlap_rate_0.05,11,random,L3c_SplitNN_形态B随机,splitnn,1196.0,359.0,0.5191196087149845,0.1656291685193419,0.0,0.0,0.789010989010989,0.07692307692307693,0.38894907908992415,0.07692307692307693,36864.0,overlap_rate,0.05,36.0,,,0.0,,,
SWEEP_overlap_rate_0.05,11,random,L0_内地单方_UPLIFT,t_learner,1196.0,359.0,,,,,,,,,,overlap_rate,0.05,,,,,0.00505835565532478,0.058823529411764705,
SWEEP_overlap_rate_0.05,11,random,L1_加k匿名统计_UPLIFT,t_learner,1196.0,359.0,,,,,,,,,,overlap_rate,0.05,,,,,0.005049603233156156,0.1,
SWEEP_overlap_rate_0.05,11,random,L2_加粗粒度标记_UPLIFT,t_learner,1196.0,359.0,,,,,,,,,,overlap_rate,0.05,,,,,0.007285339099300556,0.0,
SWEEP_overlap_rate_0.05,11,random,L4_集中式_UPLIFT,t_learner,1196.0,359.0,,,,,,,,,,overlap_rate,0.05,,,,,0.005332415082802462,0.0032679738562091526,
SWEEP_overlap_rate_0.05,11,random,OVERLAP_L1_vs_L3a_联邦LR,top_k_overlap,,,,,,,,,,,,overlap_rate,0.05,,,,,,,0.45714285714285713
SWEEP_overlap_rate_0.05,11,random,OVERLAP_L1_vs_L3b_纵向GBDT,top_k_overlap,,,,,,,,,,,,overlap_rate,0.05,,,,,,,0.2857142857142857
SWEEP_overlap_rate_0.05,11,random,OVERLAP_L1_vs_L3c_SplitNN_形态A双向,top_k_overlap,,,,,,,,,,,,overlap_rate,0.05,,,,,,,0.22857142857142856
SWEEP_overlap_rate_0.05,22,random,L0_内地单方_LR,logistic,1218.0,366.0,0.798728813559322,0.5070621468926554,5.083333333333333,0.25,5.083333333333333,0.5,2.506849315068493,0.5,0.0,overlap_rate,0.05,,,,,,,
SWEEP_overlap_rate_0.05,22,random,L1_加k匿名统计_LR,logistic,1218.0,366.0,0.8081450094161958,0.5607344632768361,6.777777777777777,0.3333333333333333,4.236111111111111,0.4166666666666667,2.506849315068493,0.5,354.0,overlap_rate,0.05,,,,,,,
SWEEP_overlap_rate_0.05,22,random,L2_加粗粒度标记_LR,logistic,1218.0,366.0,0.7968455743879472,0.5155367231638418,5.083333333333333,0.25,5.083333333333333,0.5,2.506849315068493,0.5,0.0,overlap_rate,0.05,,,,,,,
SWEEP_overlap_rate_0.05,22,random,L4_集中式_LR,logistic,1218.0,366.0,0.9124293785310733,0.7175141242937852,11.86111111111111,0.5833333333333334,6.777777777777777,0.6666666666666666,3.342465753424657,0.6666666666666666,0.0,overlap_rate,0.05,,,,,,,
SWEEP_overlap_rate_0.05,22,random,L0_内地单方_GBDT,gbdt,1218.0,366.0,0.7940207156308852,0.5070621468926553,5.083333333333333,0.25,3.3888888888888884,0.3333333333333333,2.924657534246575,0.5833333333333334,0.0,overlap_rate,0.05,60.0,0.0,0.0,,,,
SWEEP_overlap_rate_0.05,22,random,L4_集中式_GBDT,gbdt,1218.0,366.0,0.8349811676082862,0.5833333333333333,6.777777777777777,0.3333333333333333,4.236111111111111,0.4166666666666667,3.342465753424657,0.6666666666666666,466248.0,overlap_rate,0.05,60.0,416.0,416.0,,,,
SWEEP_overlap_rate_0.05,22,random,L3a_联邦LR,federated_logistic,1218.0,366.0,0.9143126177024483,0.7203389830508475,11.86111111111111,0.5833333333333334,6.777777777777777,0.6666666666666666,3.342465753424657,0.6666666666666666,681600.0,overlap_rate,0.05,400.0,,,,,,
SWEEP_overlap_rate_0.05,22,random,L3b_纵向GBDT,vertical_gbdt,1218.0,366.0,0.8349811676082862,0.5833333333333333,6.777777777777777,0.3333333333333333,4.236111111111111,0.4166666666666667,3.342465753424657,0.6666666666666666,466248.0,overlap_rate,0.05,60.0,416.0,416.0,,,,
SWEEP_overlap_rate_0.05,22,random,L3c_SplitNN_形态A双向,splitnn,1218.0,366.0,0.9126647834274952,0.672316384180791,11.86111111111111,0.5833333333333334,5.930555555555555,0.5833333333333334,4.178082191780821,0.8333333333333334,73728.0,overlap_rate,0.05,36.0,,,1.0,,,
SWEEP_overlap_rate_0.05,22,random,L3c_SplitNN_形态B自监督,splitnn,1218.0,366.0,0.49599811676082856,0.14830508474576265,1.6944444444444442,0.08333333333333333,0.8472222222222221,0.08333333333333333,0.41780821917808214,0.08333333333333333,36864.0,overlap_rate,0.05,36.0,,,0.0,,,
SWEEP_overlap_rate_0.05,22,random,L3c_SplitNN_形态B随机,splitnn,1218.0,366.0,0.6454802259887006,0.3008474576271187,1.6944444444444442,0.08333333333333333,1.6944444444444442,0.16666666666666666,2.0890410958904106,0.4166666666666667,36864.0,overlap_rate,0.05,36.0,,,0.0,,,
SWEEP_overlap_rate_0.05,22,random,L0_内地单方_UPLIFT,t_learner,1218.0,366.0,,,,,,,,,,overlap_rate,0.05,,,,,-0.0025355914604400388,0.01090909090909091,
SWEEP_overlap_rate_0.05,22,random,L1_加k匿名统计_UPLIFT,t_learner,1218.0,366.0,,,,,,,,,,overlap_rate,0.05,,,,,-0.002379289405193524,-0.047619047619047616,
SWEEP_overlap_rate_0.05,22,random,L2_加粗粒度标记_UPLIFT,t_learner,1218.0,366.0,,,,,,,,,,overlap_rate,0.05,,,,,-9.826268156442064e-05,0.0,
SWEEP_overlap_rate_0.05,22,random,L4_集中式_UPLIFT,t_learner,1218.0,366.0,,,,,,,,,,overlap_rate,0.05,,,,,-0.003043505226236007,-0.13043478260869565,
SWEEP_overlap_rate_0.05,22,random,OVERLAP_L1_vs_L3a_联邦LR,top_k_overlap,,,,,,,,,,,,overlap_rate,0.05,,,,,,,0.5277777777777778
SWEEP_overlap_rate_0.05,22,random,OVERLAP_L1_vs_L3b_纵向GBDT,top_k_overlap,,,,,,,,,,,,overlap_rate,0.05,,,,,,,0.3333333333333333
SWEEP_overlap_rate_0.05,22,random,OVERLAP_L1_vs_L3c_SplitNN_形态A双向,top_k_overlap,,,,,,,,,,,,overlap_rate,0.05,,,,,,,0.4444444444444444
SWEEP_overlap_rate_0.05,33,random,L0_内地单方_LR,logistic,1218.0,366.0,0.6728896103896104,0.31209415584415584,4.357142857142857,0.21428571428571427,3.630952380952381,0.35714285714285715,2.1487279843444225,0.42857142857142855,0.0,overlap_rate,0.05,,,,,,,
SWEEP_overlap_rate_0.05,33,random,L1_加k匿名统计_LR,logistic,1218.0,366.0,0.671875,0.3672889610389611,1.4523809523809523,0.07142857142857142,3.630952380952381,0.35714285714285715,2.1487279843444225,0.42857142857142855,384.0,overlap_rate,0.05,,,,,,,
SWEEP_overlap_rate_0.05,33,random,L2_加粗粒度标记_LR,logistic,1218.0,366.0,0.6799918831168831,0.34659090909090906,4.357142857142857,0.21428571428571427,3.630952380952381,0.35714285714285715,2.506849315068493,0.5,0.0,overlap_rate,0.05,,,,,,,
SWEEP_overlap_rate_0.05,33,random,L4_集中式_LR,logistic,1218.0,366.0,0.7128652597402597,0.4301948051948052,4.357142857142857,0.21428571428571427,2.9047619047619047,0.2857142857142857,2.1487279843444225,0.42857142857142855,0.0,overlap_rate,0.05,,,,,,,
SWEEP_overlap_rate_0.05,33,random,L0_内地单方_GBDT,gbdt,1218.0,366.0,0.6358563311688311,0.29991883116883117,0.0,0.0,2.1785714285714284,0.21428571428571427,1.4324853228962817,0.2857142857142857,0.0,overlap_rate,0.05,60.0,0.0,0.0,,,,
SWEEP_overlap_rate_0.05,33,random,L4_集中式_GBDT,gbdt,1218.0,366.0,0.698051948051948,0.3741883116883116,4.357142857142857,0.21428571428571427,2.9047619047619047,0.2857142857142857,1.7906066536203522,0.35714285714285715,448102.0,overlap_rate,0.05,60.0,388.0,388.0,,,,
SWEEP_overlap_rate_0.05,33,random,L3a_联邦LR,federated_logistic,1218.0,366.0,0.7122564935064936,0.424512987012987,4.357142857142857,0.21428571428571427,2.9047619047619047,0.2857142857142857,2.1487279843444225,0.42857142857142855,681600.0,overlap_rate,0.05,400.0,,,,,,
SWEEP_overlap_rate_0.05,33,random,L3b_纵向GBDT,vertical_gbdt,1218.0,366.0,0.698051948051948,0.3741883116883116,4.357142857142857,0.21428571428571427,2.9047619047619047,0.2857142857142857,1.7906066536203522,0.35714285714285715,448102.0,overlap_rate,0.05,60.0,388.0,388.0,,,,
SWEEP_overlap_rate_0.05,33,random,L3c_SplitNN_形态A双向,splitnn,1218.0,366.0,0.6919642857142856,0.5097402597402597,2.9047619047619047,0.14285714285714285,2.9047619047619047,0.2857142857142857,2.8649706457925634,0.5714285714285714,73728.0,overlap_rate,0.05,36.0,,,1.0,,,
SWEEP_overlap_rate_0.05,33,random,L3c_SplitNN_形态B自监督,splitnn,1218.0,366.0,0.6034902597402597,0.27313311688311687,2.9047619047619047,0.14285714285714285,1.4523809523809523,0.14285714285714285,1.4324853228962817,0.2857142857142857,36864.0,overlap_rate,0.05,36.0,,,0.0,,,
SWEEP_overlap_rate_0.05,33,random,L3c_SplitNN_形态B随机,splitnn,1218.0,366.0,0.5464691558441558,0.1923701298701298,1.4523809523809523,0.07142857142857142,2.1785714285714284,0.21428571428571427,1.4324853228962817,0.2857142857142857,36864.0,overlap_rate,0.05,36.0,,,0.0,,,
SWEEP_overlap_rate_0.05,33,random,L0_内地单方_UPLIFT,t_learner,1218.0,366.0,,,,,,,,,,overlap_rate,0.05,,,,,0.013331358105436642,0.08571428571428572,
SWEEP_overlap_rate_0.05,33,random,L1_加k匿名统计_UPLIFT,t_learner,1218.0,366.0,,,,,,,,,,overlap_rate,0.05,,,,,0.011812624612198647,0.07120743034055729,
SWEEP_overlap_rate_0.05,33,random,L2_加粗粒度标记_UPLIFT,t_learner,1218.0,366.0,,,,,,,,,,overlap_rate,0.05,,,,,0.011695412359421184,0.17647058823529413,
SWEEP_overlap_rate_0.05,33,random,L4_集中式_UPLIFT,t_learner,1218.0,366.0,,,,,,,,,,overlap_rate,0.05,,,,,0.015042510036496395,0.3591331269349845,
SWEEP_overlap_rate_0.05,33,random,OVERLAP_L1_vs_L3a_联邦LR,top_k_overlap,,,,,,,,,,,,overlap_rate,0.05,,,,,,,0.3333333333333333
SWEEP_overlap_rate_0.05,33,random,OVERLAP_L1_vs_L3b_纵向GBDT,top_k_overlap,,,,,,,,,,,,overlap_rate,0.05,,,,,,,0.2222222222222222
SWEEP_overlap_rate_0.05,33,random,OVERLAP_L1_vs_L3c_SplitNN_形态A双向,top_k_overlap,,,,,,,,,,,,overlap_rate,0.05,,,,,,,0.4722222222222222
SWEEP_overlap_rate_0.05,44,random,L0_内地单方_LR,logistic,1225.0,368.0,0.6423220973782771,0.27621722846441943,0.0,0.0,2.5555555555555554,0.25,2.1004566210045663,0.4166666666666667,0.0,overlap_rate,0.05,,,,,,,
SWEEP_overlap_rate_0.05,44,random,L1_加k匿名统计_LR,logistic,1225.0,368.0,0.6683052434456929,0.33239700374531833,1.7037037037037037,0.08333333333333333,0.8518518518518519,0.08333333333333333,2.1004566210045663,0.4166666666666667,330.0,overlap_rate,0.05,,,,,,,
SWEEP_overlap_rate_0.05,44,random,L2_加粗粒度标记_LR,logistic,1225.0,368.0,0.6563670411985019,0.29307116104868913,0.0,0.0,3.4074074074074074,0.3333333333333333,2.1004566210045663,0.4166666666666667,0.0,overlap_rate,0.05,,,,,,,
SWEEP_overlap_rate_0.05,44,random,L4_集中式_LR,logistic,1225.0,368.0,0.8644662921348314,0.6498127340823969,3.4074074074074074,0.16666666666666666,5.962962962962963,0.5833333333333334,3.780821917808219,0.75,0.0,overlap_rate,0.05,,,,,,,
SWEEP_overlap_rate_0.05,44,random,L0_内地单方_GBDT,gbdt,1225.0,368.0,0.5510299625468165,0.20973782771535587,0.0,0.0,0.8518518518518519,0.08333333333333333,1.6803652968036529,0.3333333333333333,0.0,overlap_rate,0.05,60.0,0.0,0.0,,,,
SWEEP_overlap_rate_0.05,44,random,L4_集中式_GBDT,gbdt,1225.0,368.0,0.7165262172284644,0.46629213483146065,3.4074074074074074,0.16666666666666666,1.7037037037037037,0.16666666666666666,2.1004566210045663,0.4166666666666667,434064.0,overlap_rate,0.05,60.0,350.0,350.0,,,,
SWEEP_overlap_rate_0.05,44,random,L3a_联邦LR,federated_logistic,1225.0,368.0,0.8661048689138576,0.6526217228464419,3.4074074074074074,0.16666666666666666,5.962962962962963,0.5833333333333334,3.780821917808219,0.75,685600.0,overlap_rate,0.05,400.0,,,,,,
SWEEP_overlap_rate_0.05,44,random,L3b_纵向GBDT,vertical_gbdt,1225.0,368.0,0.7165262172284644,0.46629213483146065,3.4074074074074074,0.16666666666666666,1.7037037037037037,0.16666666666666666,2.1004566210045663,0.4166666666666667,434064.0,overlap_rate,0.05,60.0,350.0,350.0,,,,
SWEEP_overlap_rate_0.05,44,random,L3c_SplitNN_形态A双向,splitnn,1225.0,368.0,0.8405898876404494,0.6292134831460674,5.111111111111111,0.25,3.4074074074074074,0.3333333333333333,3.780821917808219,0.75,73728.0,overlap_rate,0.05,36.0,,,1.0,,,
SWEEP_overlap_rate_0.05,44,random,L3c_SplitNN_形态B自监督,splitnn,1225.0,368.0,0.7006086142322098,0.3904494382022472,1.7037037037037037,0.08333333333333333,0.8518518518518519,0.08333333333333333,2.5205479452054793,0.5,36864.0,overlap_rate,0.05,36.0,,,0.0,,,
SWEEP_overlap_rate_0.05,44,random,L3c_SplitNN_形态B随机,splitnn,1225.0,368.0,0.6350655430711611,0.37265917602996257,1.7037037037037037,0.08333333333333333,0.8518518518518519,0.08333333333333333,0.8401826484018264,0.16666666666666666,36864.0,overlap_rate,0.05,36.0,,,0.0,,,
SWEEP_overlap_rate_0.05,44,random,L0_内地单方_UPLIFT,t_learner,1225.0,368.0,,,,,,,,,,overlap_rate,0.05,,,,,0.00015684947296697548,0.07142857142857142,
SWEEP_overlap_rate_0.05,44,random,L1_加k匿名统计_UPLIFT,t_learner,1225.0,368.0,,,,,,,,,,overlap_rate,0.05,,,,,0.000550888099864395,0.041666666666666664,
SWEEP_overlap_rate_0.05,44,random,L2_加粗粒度标记_UPLIFT,t_learner,1225.0,368.0,,,,,,,,,,overlap_rate,0.05,,,,,0.00043093186506776353,0.06666666666666667,
SWEEP_overlap_rate_0.05,44,random,L4_集中式_UPLIFT,t_learner,1225.0,368.0,,,,,,,,,,overlap_rate,0.05,,,,,0.002550929077084454,0.12337662337662336,
SWEEP_overlap_rate_0.05,44,random,OVERLAP_L1_vs_L3a_联邦LR,top_k_overlap,,,,,,,,,,,,overlap_rate,0.05,,,,,,,0.4166666666666667
SWEEP_overlap_rate_0.05,44,random,OVERLAP_L1_vs_L3b_纵向GBDT,top_k_overlap,,,,,,,,,,,,overlap_rate,0.05,,,,,,,0.4166666666666667
SWEEP_overlap_rate_0.05,44,random,OVERLAP_L1_vs_L3c_SplitNN_形态A双向,top_k_overlap,,,,,,,,,,,,overlap_rate,0.05,,,,,,,0.3611111111111111
SWEEP_overlap_rate_0.05,55,random,L0_内地单方_LR,logistic,1176.0,353.0,0.5239067055393586,0.23294460641399417,2.076470588235294,0.1,3.025714285714286,0.3,1.512857142857143,0.3,0.0,overlap_rate,0.05,,,,,,,
SWEEP_overlap_rate_0.05,55,random,L1_加k匿名统计_LR,logistic,1176.0,353.0,0.5384839650145772,0.2358600583090379,0.0,0.0,3.025714285714286,0.3,1.512857142857143,0.3,366.0,overlap_rate,0.05,,,,,,,
SWEEP_overlap_rate_0.05,55,random,L2_加粗粒度标记_LR,logistic,1176.0,353.0,0.5262390670553936,0.21836734693877552,2.076470588235294,0.1,3.025714285714286,0.3,1.512857142857143,0.3,0.0,overlap_rate,0.05,,,,,,,
SWEEP_overlap_rate_0.05,55,random,L4_集中式_LR,logistic,1176.0,353.0,0.6568513119533528,0.4384839650145773,2.076470588235294,0.1,1.0085714285714285,0.1,2.017142857142857,0.4,0.0,overlap_rate,0.05,,,,,,,
SWEEP_overlap_rate_0.05,55,random,L0_内地单方_GBDT,gbdt,1176.0,353.0,0.4174927113702624,0.23819241982507286,2.076470588235294,0.1,1.0085714285714285,0.1,0.5042857142857142,0.1,0.0,overlap_rate,0.05,60.0,0.0,0.0,,,,
SWEEP_overlap_rate_0.05,55,random,L4_集中式_GBDT,gbdt,1176.0,353.0,0.6026239067055394,0.2819241982507289,0.0,0.0,2.017142857142857,0.2,1.0085714285714285,0.2,447916.0,overlap_rate,0.05,60.0,398.0,398.0,,,,
SWEEP_overlap_rate_0.05,55,random,L3a_联邦LR,federated_logistic,1176.0,353.0,0.6574344023323615,0.4355685131195336,2.076470588235294,0.1,1.0085714285714285,0.1,2.017142857142857,0.4,658400.0,overlap_rate,0.05,400.0,,,,,,
SWEEP_overlap_rate_0.05,55,random,L3b_纵向GBDT,vertical_gbdt,1176.0,353.0,0.6026239067055394,0.2819241982507289,0.0,0.0,2.017142857142857,0.2,1.0085714285714285,0.2,447916.0,overlap_rate,0.05,60.0,398.0,398.0,,,,
SWEEP_overlap_rate_0.05,55,random,L3c_SplitNN_形态A双向,splitnn,1176.0,353.0,0.6142857142857142,0.34139941690962095,2.076470588235294,0.1,2.017142857142857,0.2,1.0085714285714285,0.2,73728.0,overlap_rate,0.05,36.0,,,1.0,,,
SWEEP_overlap_rate_0.05,55,random,L3c_SplitNN_形态B自监督,splitnn,1176.0,353.0,0.4947521865889213,0.17317784256559776,0.0,0.0,0.0,0.0,0.5042857142857142,0.1,36864.0,overlap_rate,0.05,36.0,,,0.0,,,
SWEEP_overlap_rate_0.05,55,random,L3c_SplitNN_形态B随机,splitnn,1176.0,353.0,0.5603498542274052,0.25772594752186595,0.0,0.0,0.0,0.0,1.0085714285714285,0.2,36864.0,overlap_rate,0.05,36.0,,,0.0,,,
SWEEP_overlap_rate_0.05,55,random,L0_内地单方_UPLIFT,t_learner,1176.0,353.0,,,,,,,,,,overlap_rate,0.05,,,,,0.005139737121807824,0.03146853146853147,
SWEEP_overlap_rate_0.05,55,random,L1_加k匿名统计_UPLIFT,t_learner,1176.0,353.0,,,,,,,,,,overlap_rate,0.05,,,,,0.007139079145371009,0.016666666666666663,
SWEEP_overlap_rate_0.05,55,random,L2_加粗粒度标记_UPLIFT,t_learner,1176.0,353.0,,,,,,,,,,overlap_rate,0.05,,,,,0.005312545443837957,0.0625,
SWEEP_overlap_rate_0.05,55,random,L4_集中式_UPLIFT,t_learner,1176.0,353.0,,,,,,,,,,overlap_rate,0.05,,,,,0.010020751282836983,0.09523809523809523,
SWEEP_overlap_rate_0.05,55,random,OVERLAP_L1_vs_L3a_联邦LR,top_k_overlap,,,,,,,,,,,,overlap_rate,0.05,,,,,,,0.45714285714285713
SWEEP_overlap_rate_0.05,55,random,OVERLAP_L1_vs_L3b_纵向GBDT,top_k_overlap,,,,,,,,,,,,overlap_rate,0.05,,,,,,,0.34285714285714286
SWEEP_overlap_rate_0.05,55,random,OVERLAP_L1_vs_L3c_SplitNN_形态A双向,top_k_overlap,,,,,,,,,,,,overlap_rate,0.05,,,,,,,0.2571428571428571
SWEEP_overlap_rate_0.1,11,random,L0_内地单方_LR,logistic,2469.0,741.0,0.595625528317836,0.3090659340659341,1.5405405405405408,0.07692307692307693,1.5405405405405408,0.15384615384615385,0.7702702702702704,0.15384615384615385,0.0,overlap_rate,0.1,,,,,,,
SWEEP_overlap_rate_0.1,11,random,L1_加k匿名统计_LR,logistic,2469.0,741.0,0.6255283178360102,0.3695054945054945,1.5405405405405408,0.07692307692307693,1.5405405405405408,0.15384615384615385,0.7702702702702704,0.15384615384615385,372.0,overlap_rate,0.1,,,,,,,
SWEEP_overlap_rate_0.1,11,random,L2_加粗粒度标记_LR,logistic,2469.0,741.0,0.5232459847844464,0.15247252747252749,1.5405405405405408,0.07692307692307693,1.5405405405405408,0.15384615384615385,0.7702702702702704,0.15384615384615385,0.0,overlap_rate,0.1,,,,,,,
SWEEP_overlap_rate_0.1,11,random,L4_集中式_LR,logistic,2469.0,741.0,0.6129543533389687,0.27060439560439564,3.0810810810810816,0.15384615384615385,2.310810810810811,0.23076923076923078,1.9256756756756759,0.38461538461538464,0.0,overlap_rate,0.1,,,,,,,
SWEEP_overlap_rate_0.1,11,random,L0_内地单方_GBDT,gbdt,2469.0,741.0,0.5979501267962807,0.21703296703296704,1.5405405405405408,0.07692307692307693,1.5405405405405408,0.15384615384615385,1.1554054054054055,0.23076923076923078,0.0,overlap_rate,0.1,60.0,0.0,0.0,,,,
SWEEP_overlap_rate_0.1,11,random,L4_集中式_GBDT,gbdt,2469.0,741.0,0.588123415046492,0.23076923076923078,0.0,0.0,0.7702702702702704,0.07692307692307693,1.9256756756756759,0.38461538461538464,773736.0,overlap_rate,0.1,60.0,400.0,400.0,,,,
SWEEP_overlap_rate_0.1,11,random,L3a_联邦LR,federated_logistic,2469.0,741.0,0.6106297548605241,0.2692307692307693,3.0810810810810816,0.15384615384615385,2.310810810810811,0.23076923076923078,1.5405405405405408,0.3076923076923077,1382400.0,overlap_rate,0.1,400.0,,,,,,
SWEEP_overlap_rate_0.1,11,random,L3b_纵向GBDT,vertical_gbdt,2469.0,741.0,0.588123415046492,0.23076923076923078,0.0,0.0,0.7702702702702704,0.07692307692307693,1.9256756756756759,0.38461538461538464,773736.0,overlap_rate,0.1,60.0,400.0,400.0,,,,
SWEEP_overlap_rate_0.1,11,random,L3c_SplitNN_形态A双向,splitnn,2469.0,741.0,0.510777683854607,0.15934065934065933,1.5405405405405408,0.07692307692307693,0.7702702702702704,0.07692307692307693,0.7702702702702704,0.15384615384615385,147456.0,overlap_rate,0.1,72.0,,,1.0,,,
SWEEP_overlap_rate_0.1,11,random,L3c_SplitNN_形态B自监督,splitnn,2469.0,741.0,0.5964708368554522,0.29120879120879123,0.0,0.0,0.7702702702702704,0.07692307692307693,0.7702702702702704,0.15384615384615385,73728.0,overlap_rate,0.1,72.0,,,0.0,,,
SWEEP_overlap_rate_0.1,11,random,L3c_SplitNN_形态B随机,splitnn,2469.0,741.0,0.4560439560439561,0.21016483516483514,0.0,0.0,0.0,0.0,0.3851351351351352,0.07692307692307693,73728.0,overlap_rate,0.1,72.0,,,0.0,,,
SWEEP_overlap_rate_0.1,11,random,L0_内地单方_UPLIFT,t_learner,2469.0,741.0,,,,,,,,,,overlap_rate,0.1,,,,,0.003251329384914942,0.0029239766081871343,
SWEEP_overlap_rate_0.1,11,random,L1_加k匿名统计_UPLIFT,t_learner,2469.0,741.0,,,,,,,,,,overlap_rate,0.1,,,,,0.0018031662818430853,0.034848484848484844,
SWEEP_overlap_rate_0.1,11,random,L2_加粗粒度标记_UPLIFT,t_learner,2469.0,741.0,,,,,,,,,,overlap_rate,0.1,,,,,0.0031235902850213584,0.03333333333333333,
SWEEP_overlap_rate_0.1,11,random,L4_集中式_UPLIFT,t_learner,2469.0,741.0,,,,,,,,,,overlap_rate,0.1,,,,,0.005276885931833788,0.07142857142857142,
SWEEP_overlap_rate_0.1,11,random,OVERLAP_L1_vs_L3a_联邦LR,top_k_overlap,,,,,,,,,,,,overlap_rate,0.1,,,,,,,0.35135135135135137
SWEEP_overlap_rate_0.1,11,random,OVERLAP_L1_vs_L3b_纵向GBDT,top_k_overlap,,,,,,,,,,,,overlap_rate,0.1,,,,,,,0.28378378378378377
SWEEP_overlap_rate_0.1,11,random,OVERLAP_L1_vs_L3c_SplitNN_形态A双向,top_k_overlap,,,,,,,,,,,,overlap_rate,0.1,,,,,,,0.32432432432432434
SWEEP_overlap_rate_0.1,22,random,L0_内地单方_LR,logistic,2375.0,713.0,0.7756456241032998,0.4247668579626973,5.0928571428571425,0.25,5.021126760563381,0.5,2.8243838028169015,0.5625,0.0,overlap_rate,0.1,,,,,,,
SWEEP_overlap_rate_0.1,22,random,L1_加k匿名统计_LR,logistic,2375.0,713.0,0.771700143472023,0.44485294117647056,5.0928571428571425,0.25,4.393485915492958,0.4375,2.8243838028169015,0.5625,372.0,overlap_rate,0.1,,,,,,,
SWEEP_overlap_rate_0.1,22,random,L2_加粗粒度标记_LR,logistic,2375.0,713.0,0.7691893830703013,0.4462876614060258,3.819642857142857,0.1875,5.021126760563381,0.5,2.8243838028169015,0.5625,0.0,overlap_rate,0.1,,,,,,,
SWEEP_overlap_rate_0.1,22,random,L4_集中式_LR,logistic,2375.0,713.0,0.8249641319942611,0.5966642754662841,7.639285714285714,0.375,4.393485915492958,0.4375,3.138204225352113,0.625,0.0,overlap_rate,0.1,,,,,,,
SWEEP_overlap_rate_0.1,22,random,L0_内地单方_GBDT,gbdt,2375.0,713.0,0.7706241032998565,0.4214490674318508,3.819642857142857,0.1875,3.7658450704225355,0.375,2.8243838028169015,0.5625,0.0,overlap_rate,0.1,60.0,0.0,0.0,,,,
SWEEP_overlap_rate_0.1,22,random,L4_集中式_GBDT,gbdt,2375.0,713.0,0.8297166427546628,0.6274210903873745,5.0928571428571425,0.25,3.138204225352113,0.3125,4.079665492957747,0.8125,756568.0,overlap_rate,0.1,60.0,414.0,414.0,,,,
SWEEP_overlap_rate_0.1,22,random,L3a_联邦LR,federated_logistic,2375.0,713.0,0.8273852223816356,0.5966642754662841,7.639285714285714,0.375,4.393485915492958,0.4375,3.138204225352113,0.625,1329600.0,overlap_rate,0.1,400.0,,,,,,
SWEEP_overlap_rate_0.1,22,random,L3b_纵向GBDT,vertical_gbdt,2375.0,713.0,0.8297166427546628,0.6274210903873745,5.0928571428571425,0.25,3.138204225352113,0.3125,4.079665492957747,0.8125,756568.0,overlap_rate,0.1,60.0,414.0,414.0,,,,
SWEEP_overlap_rate_0.1,22,random,L3c_SplitNN_形态A双向,splitnn,2375.0,713.0,0.8455882352941176,0.6007890961262554,7.639285714285714,0.375,5.021126760563381,0.5,3.7658450704225355,0.75,147456.0,overlap_rate,0.1,72.0,,,1.0,,,
SWEEP_overlap_rate_0.1,22,random,L3c_SplitNN_形态B自监督,splitnn,2375.0,713.0,0.7339490674318507,0.4138271162123386,3.819642857142857,0.1875,2.5105633802816905,0.25,1.8829225352112677,0.375,73728.0,overlap_rate,0.1,72.0,,,0.0,,,
SWEEP_overlap_rate_0.1,22,random,L3c_SplitNN_形态B随机,splitnn,2375.0,713.0,0.742916068866571,0.47121592539454804,5.0928571428571425,0.25,3.7658450704225355,0.375,1.8829225352112677,0.375,73728.0,overlap_rate,0.1,72.0,,,0.0,,,
SWEEP_overlap_rate_0.1,22,random,L0_内地单方_UPLIFT,t_learner,2375.0,713.0,,,,,,,,,,overlap_rate,0.1,,,,,0.0053499680659796845,0.11618589743589744,
SWEEP_overlap_rate_0.1,22,random,L1_加k匿名统计_UPLIFT,t_learner,2375.0,713.0,,,,,,,,,,overlap_rate,0.1,,,,,0.005786384034478429,0.10952380952380952,
SWEEP_overlap_rate_0.1,22,random,L2_加粗粒度标记_UPLIFT,t_learner,2375.0,713.0,,,,,,,,,,overlap_rate,0.1,,,,,0.006206357402537605,0.13577235772357724,
SWEEP_overlap_rate_0.1,22,random,L4_集中式_UPLIFT,t_learner,2375.0,713.0,,,,,,,,,,overlap_rate,0.1,,,,,0.007352590869030311,0.11961722488038276,
SWEEP_overlap_rate_0.1,22,random,OVERLAP_L1_vs_L3a_联邦LR,top_k_overlap,,,,,,,,,,,,overlap_rate,0.1,,,,,,,0.43661971830985913
SWEEP_overlap_rate_0.1,22,random,OVERLAP_L1_vs_L3b_纵向GBDT,top_k_overlap,,,,,,,,,,,,overlap_rate,0.1,,,,,,,0.39436619718309857
SWEEP_overlap_rate_0.1,22,random,OVERLAP_L1_vs_L3c_SplitNN_形态A双向,top_k_overlap,,,,,,,,,,,,overlap_rate,0.1,,,,,,,0.43661971830985913
SWEEP_overlap_rate_0.1,33,random,L0_内地单方_LR,logistic,2436.0,731.0,0.6882629107981221,0.32535211267605635,3.8677248677248675,0.19047619047619047,2.8610567514677103,0.2857142857142857,2.1457925636007826,0.42857142857142855,0.0,overlap_rate,0.1,,,,,,,
SWEEP_overlap_rate_0.1,33,random,L1_加k匿名统计_LR,logistic,2436.0,731.0,0.6916163648558015,0.34527162977867204,3.8677248677248675,0.19047619047619047,2.8610567514677103,0.2857142857142857,2.1457925636007826,0.42857142857142855,384.0,overlap_rate,0.1,,,,,,,
SWEEP_overlap_rate_0.1,33,random,L2_加粗粒度标记_LR,logistic,2436.0,731.0,0.7384976525821596,0.4256203890006707,5.801587301587301,0.2857142857142857,2.8610567514677103,0.2857142857142857,2.1457925636007826,0.42857142857142855,0.0,overlap_rate,0.1,,,,,,,
SWEEP_overlap_rate_0.1,33,random,L4_集中式_LR,logistic,2436.0,731.0,0.8240778001341381,0.5196512407780013,5.801587301587301,0.2857142857142857,4.291585127201565,0.42857142857142855,3.3378995433789953,0.6666666666666666,0.0,overlap_rate,0.1,,,,,,,
SWEEP_overlap_rate_0.1,33,random,L0_内地单方_GBDT,gbdt,2436.0,731.0,0.6598591549295775,0.3272300469483568,0.9669312169312169,0.047619047619047616,0.47684279191128504,0.047619047619047616,1.4305283757338552,0.2857142857142857,0.0,overlap_rate,0.1,60.0,0.0,0.0,,,,
SWEEP_overlap_rate_0.1,33,random,L4_集中式_GBDT,gbdt,2436.0,731.0,0.7935613682092555,0.5346076458752514,2.9007936507936507,0.14285714285714285,2.8610567514677103,0.2857142857142857,2.8610567514677103,0.5714285714285714,769824.0,overlap_rate,0.1,60.0,408.0,408.0,,,,
SWEEP_overlap_rate_0.1,33,random,L3a_联邦LR,federated_logistic,2436.0,731.0,0.8242119382964453,0.5238765928906773,5.801587301587301,0.2857142857142857,4.291585127201565,0.42857142857142855,3.3378995433789953,0.6666666666666666,1364000.0,overlap_rate,0.1,400.0,,,,,,
SWEEP_overlap_rate_0.1,33,random,L3b_纵向GBDT,vertical_gbdt,2436.0,731.0,0.7935613682092555,0.5346076458752514,2.9007936507936507,0.14285714285714285,2.8610567514677103,0.2857142857142857,2.8610567514677103,0.5714285714285714,769824.0,overlap_rate,0.1,60.0,408.0,408.0,,,,
SWEEP_overlap_rate_0.1,33,random,L3c_SplitNN_形态A双向,splitnn,2436.0,731.0,0.8291079812206572,0.5951710261569416,6.768518518518519,0.3333333333333333,4.291585127201565,0.42857142857142855,3.576320939334638,0.7142857142857143,147456.0,overlap_rate,0.1,72.0,,,1.0,,,
SWEEP_overlap_rate_0.1,33,random,L3c_SplitNN_形态B自监督,splitnn,2436.0,731.0,0.6955734406438632,0.35881958417169685,4.834656084656085,0.23809523809523808,3.3378995433789953,0.3333333333333333,2.3842139595564253,0.47619047619047616,73728.0,overlap_rate,0.1,72.0,,,0.0,,,
SWEEP_overlap_rate_0.1,33,random,L3c_SplitNN_形态B随机,splitnn,2436.0,731.0,0.6720321931589538,0.30348759221998656,1.9338624338624337,0.09523809523809523,3.8147423352902803,0.38095238095238093,2.1457925636007826,0.42857142857142855,73728.0,overlap_rate,0.1,72.0,,,0.0,,,
SWEEP_overlap_rate_0.1,33,random,L0_内地单方_UPLIFT,t_learner,2436.0,731.0,,,,,,,,,,overlap_rate,0.1,,,,,0.0010585368901307622,-0.05182926829268293,
SWEEP_overlap_rate_0.1,33,random,L1_加k匿名统计_UPLIFT,t_learner,2436.0,731.0,,,,,,,,,,overlap_rate,0.1,,,,,0.0014865677506522164,-0.05182926829268293,
SWEEP_overlap_rate_0.1,33,random,L2_加粗粒度标记_UPLIFT,t_learner,2436.0,731.0,,,,,,,,,,overlap_rate,0.1,,,,,0.0010602676371189316,-0.04621212121212122,
SWEEP_overlap_rate_0.1,33,random,L4_集中式_UPLIFT,t_learner,2436.0,731.0,,,,,,,,,,overlap_rate,0.1,,,,,0.001913656950605535,-0.04337152209492637,
SWEEP_overlap_rate_0.1,33,random,OVERLAP_L1_vs_L3a_联邦LR,top_k_overlap,,,,,,,,,,,,overlap_rate,0.1,,,,,,,0.4657534246575342
SWEEP_overlap_rate_0.1,33,random,OVERLAP_L1_vs_L3b_纵向GBDT,top_k_overlap,,,,,,,,,,,,overlap_rate,0.1,,,,,,,0.3972602739726027
SWEEP_overlap_rate_0.1,33,random,OVERLAP_L1_vs_L3c_SplitNN_形态A双向,top_k_overlap,,,,,,,,,,,,overlap_rate,0.1,,,,,,,0.4246575342465753
SWEEP_overlap_rate_0.1,44,random,L0_内地单方_LR,logistic,2412.0,724.0,0.7015265974189486,0.3638652817123072,1.117283950617284,0.05555555555555555,2.234567901234568,0.2222222222222222,2.234567901234568,0.4444444444444444,0.0,overlap_rate,0.1,,,,,,,
SWEEP_overlap_rate_0.1,44,random,L1_加k匿名统计_LR,logistic,2412.0,724.0,0.7085300598048473,0.3401007239534152,1.117283950617284,0.05555555555555555,2.234567901234568,0.2222222222222222,2.513888888888889,0.5,372.0,overlap_rate,0.1,,,,,,,
SWEEP_overlap_rate_0.1,44,random,L2_加粗粒度标记_LR,logistic,2412.0,724.0,0.681853950267548,0.3885741265344665,0.0,0.0,0.558641975308642,0.05555555555555555,2.234567901234568,0.4444444444444444,0.0,overlap_rate,0.1,,,,,,,
SWEEP_overlap_rate_0.1,44,random,L4_集中式_LR,logistic,2412.0,724.0,0.8500157381177211,0.6180358829084042,5.58641975308642,0.2777777777777778,4.469135802469136,0.4444444444444444,3.631172839506173,0.7222222222222222,0.0,overlap_rate,0.1,,,,,,,
SWEEP_overlap_rate_0.1,44,random,L0_内地单方_GBDT,gbdt,2412.0,724.0,0.6651715454831603,0.3542650299024237,0.0,0.0,1.6759259259259258,0.16666666666666666,2.234567901234568,0.4444444444444444,0.0,overlap_rate,0.1,60.0,0.0,0.0,,,,
SWEEP_overlap_rate_0.1,44,random,L4_集中式_GBDT,gbdt,2412.0,724.0,0.8483632357570035,0.6155177840730248,7.820987654320988,0.3888888888888889,5.027777777777778,0.5,3.0725308641975313,0.6111111111111112,739016.0,overlap_rate,0.1,60.0,366.0,366.0,,,,
SWEEP_overlap_rate_0.1,44,random,L3a_联邦LR,federated_logistic,2412.0,724.0,0.850251809883538,0.6208687440982059,5.58641975308642,0.2777777777777778,4.469135802469136,0.4444444444444444,3.631172839506173,0.7222222222222222,1350400.0,overlap_rate,0.1,400.0,,,,,,
SWEEP_overlap_rate_0.1,44,random,L3b_纵向GBDT,vertical_gbdt,2412.0,724.0,0.8483632357570035,0.6155177840730248,7.820987654320988,0.3888888888888889,5.027777777777778,0.5,3.0725308641975313,0.6111111111111112,739016.0,overlap_rate,0.1,60.0,366.0,366.0,,,,
SWEEP_overlap_rate_0.1,44,random,L3c_SplitNN_形态A双向,splitnn,2412.0,724.0,0.8110638967579478,0.516839785961599,5.58641975308642,0.2777777777777778,5.58641975308642,0.5555555555555556,3.0725308641975313,0.6111111111111112,147456.0,overlap_rate,0.1,72.0,,,1.0,,,
SWEEP_overlap_rate_0.1,44,random,L3c_SplitNN_形态B自监督,splitnn,2412.0,724.0,0.6170129052565314,0.2730563424614416,1.117283950617284,0.05555555555555555,1.6759259259259258,0.16666666666666666,1.396604938271605,0.2777777777777778,73728.0,overlap_rate,0.1,72.0,,,0.0,,,
SWEEP_overlap_rate_0.1,44,random,L3c_SplitNN_形态B随机,splitnn,2412.0,724.0,0.6454202077431539,0.3588290840415487,1.117283950617284,0.05555555555555555,1.117283950617284,0.1111111111111111,1.396604938271605,0.2777777777777778,73728.0,overlap_rate,0.1,72.0,,,0.0,,,
SWEEP_overlap_rate_0.1,44,random,L0_内地单方_UPLIFT,t_learner,2412.0,724.0,,,,,,,,,,overlap_rate,0.1,,,,,0.0017059858157699843,0.1388888888888889,
SWEEP_overlap_rate_0.1,44,random,L1_加k匿名统计_UPLIFT,t_learner,2412.0,724.0,,,,,,,,,,overlap_rate,0.1,,,,,0.0025568648403945663,0.1111111111111111,
SWEEP_overlap_rate_0.1,44,random,L2_加粗粒度标记_UPLIFT,t_learner,2412.0,724.0,,,,,,,,,,overlap_rate,0.1,,,,,0.0014079156948525046,0.09324009324009325,
SWEEP_overlap_rate_0.1,44,random,L4_集中式_UPLIFT,t_learner,2412.0,724.0,,,,,,,,,,overlap_rate,0.1,,,,,0.0034508503389652874,0.05555555555555555,
SWEEP_overlap_rate_0.1,44,random,OVERLAP_L1_vs_L3a_联邦LR,top_k_overlap,,,,,,,,,,,,overlap_rate,0.1,,,,,,,0.3194444444444444
SWEEP_overlap_rate_0.1,44,random,OVERLAP_L1_vs_L3b_纵向GBDT,top_k_overlap,,,,,,,,,,,,overlap_rate,0.1,,,,,,,0.2916666666666667
SWEEP_overlap_rate_0.1,44,random,OVERLAP_L1_vs_L3c_SplitNN_形态A双向,top_k_overlap,,,,,,,,,,,,overlap_rate,0.1,,,,,,,0.3333333333333333
SWEEP_overlap_rate_0.1,55,random,L0_内地单方_LR,logistic,2369.0,711.0,0.6910872861165259,0.42397660818713445,0.7523809523809524,0.037037037037037035,1.483568075117371,0.14814814814814814,2.7816901408450705,0.5555555555555556,0.0,overlap_rate,0.1,,,,,,,
SWEEP_overlap_rate_0.1,55,random,L1_加k匿名统计_LR,logistic,2369.0,711.0,0.6922243881308209,0.4225146198830409,0.7523809523809524,0.037037037037037035,1.8544600938967137,0.18518518518518517,2.967136150234742,0.5925925925925926,384.0,overlap_rate,0.1,,,,,,,
SWEEP_overlap_rate_0.1,55,random,L2_加粗粒度标记_LR,logistic,2369.0,711.0,0.7021875676846436,0.408869395711501,0.7523809523809524,0.037037037037037035,2.225352112676056,0.2222222222222222,2.4107981220657275,0.48148148148148145,0.0,overlap_rate,0.1,,,,,,,
SWEEP_overlap_rate_0.1,55,random,L4_集中式_LR,logistic,2369.0,711.0,0.7581763049599307,0.4907407407407407,4.514285714285714,0.2222222222222222,4.450704225352112,0.4444444444444444,2.967136150234742,0.5925925925925926,0.0,overlap_rate,0.1,,,,,,,
SWEEP_overlap_rate_0.1,55,random,L0_内地单方_GBDT,gbdt,2369.0,711.0,0.6696447909898202,0.2763157894736842,2.257142857142857,0.1111111111111111,2.596244131455399,0.25925925925925924,2.225352112676056,0.4444444444444444,0.0,overlap_rate,0.1,60.0,0.0,0.0,,,,
SWEEP_overlap_rate_0.1,55,random,L4_集中式_GBDT,gbdt,2369.0,711.0,0.6914121724063244,0.3469785575048733,3.0095238095238095,0.14814814814814814,3.7089201877934275,0.37037037037037035,2.4107981220657275,0.48148148148148145,744120.0,overlap_rate,0.1,60.0,394.0,394.0,,,,
SWEEP_overlap_rate_0.1,55,random,L3a_联邦LR,federated_logistic,2369.0,711.0,0.7582846003898636,0.49951267056530213,4.514285714285714,0.2222222222222222,4.450704225352112,0.4444444444444444,2.967136150234742,0.5925925925925926,1326400.0,overlap_rate,0.1,400.0,,,,,,
SWEEP_overlap_rate_0.1,55,random,L3b_纵向GBDT,vertical_gbdt,2369.0,711.0,0.6914121724063244,0.3469785575048733,3.0095238095238095,0.14814814814814814,3.7089201877934275,0.37037037037037035,2.4107981220657275,0.48148148148148145,744120.0,overlap_rate,0.1,60.0,394.0,394.0,,,,
SWEEP_overlap_rate_0.1,55,random,L3c_SplitNN_形态A双向,splitnn,2369.0,711.0,0.7542776694823479,0.4727095516569201,3.0095238095238095,0.14814814814814814,4.079812206572769,0.4074074074074074,2.967136150234742,0.5925925925925926,147456.0,overlap_rate,0.1,72.0,,,1.0,,,
SWEEP_overlap_rate_0.1,55,random,L3c_SplitNN_形态B自监督,splitnn,2369.0,711.0,0.6704028589993503,0.3659844054580897,1.5047619047619047,0.07407407407407407,2.596244131455399,0.25925925925925924,2.0399061032863846,0.4074074074074074,73728.0,overlap_rate,0.1,72.0,,,0.0,,,
SWEEP_overlap_rate_0.1,55,random,L3c_SplitNN_形态B随机,splitnn,2369.0,711.0,0.6699155295646524,0.31920077972709554,1.5047619047619047,0.07407407407407407,1.8544600938967137,0.18518518518518517,2.225352112676056,0.4444444444444444,73728.0,overlap_rate,0.1,72.0,,,0.0,,,
SWEEP_overlap_rate_0.1,55,random,L0_内地单方_UPLIFT,t_learner,2369.0,711.0,,,,,,,,,,overlap_rate,0.1,,,,,-0.0015971854547443766,0.016826923076923073,
SWEEP_overlap_rate_0.1,55,random,L1_加k匿名统计_UPLIFT,t_learner,2369.0,711.0,,,,,,,,,,overlap_rate,0.1,,,,,1.4800906289999796e-05,-0.014423076923076927,
SWEEP_overlap_rate_0.1,55,random,L2_加粗粒度标记_UPLIFT,t_learner,2369.0,711.0,,,,,,,,,,overlap_rate,0.1,,,,,-0.002439967234833345,-0.010483870967741934,
SWEEP_overlap_rate_0.1,55,random,L4_集中式_UPLIFT,t_learner,2369.0,711.0,,,,,,,,,,overlap_rate,0.1,,,,,-0.0019813512426265965,0.02243589743589744,
SWEEP_overlap_rate_0.1,55,random,OVERLAP_L1_vs_L3a_联邦LR,top_k_overlap,,,,,,,,,,,,overlap_rate,0.1,,,,,,,0.5211267605633803
SWEEP_overlap_rate_0.1,55,random,OVERLAP_L1_vs_L3b_纵向GBDT,top_k_overlap,,,,,,,,,,,,overlap_rate,0.1,,,,,,,0.39436619718309857
SWEEP_overlap_rate_0.1,55,random,OVERLAP_L1_vs_L3c_SplitNN_形态A双向,top_k_overlap,,,,,,,,,,,,overlap_rate,0.1,,,,,,,0.4084507042253521
SWEEP_overlap_rate_0.2,11,random,L0_内地单方_LR,logistic,4860.0,1458.0,0.6223869532987398,0.25051890289103046,1.0657894736842104,0.05263157894736842,2.116878402903811,0.21052631578947367,1.9777536625067822,0.39473684210526316,0.0,overlap_rate,0.2,,,,,,,
SWEEP_overlap_rate_0.2,11,random,L1_加k匿名统计_LR,logistic,4860.0,1458.0,0.6297442550037065,0.2780948851000741,1.5986842105263157,0.07894736842105263,2.9107078039927403,0.2894736842105263,2.109603906673901,0.42105263157894735,384.0,overlap_rate,0.2,,,,,,,
SWEEP_overlap_rate_0.2,11,random,L2_加粗粒度标记_LR,logistic,4860.0,1458.0,0.6282246108228318,0.26530763528539664,1.0657894736842104,0.05263157894736842,2.116878402903811,0.21052631578947367,1.9777536625067822,0.39473684210526316,0.0,overlap_rate,0.2,,,,,,,
SWEEP_overlap_rate_0.2,11,random,L4_集中式_LR,logistic,4860.0,1458.0,0.6413083765752409,0.24269829503335802,4.263157894736842,0.21052631578947367,2.9107078039927403,0.2894736842105263,1.9777536625067822,0.39473684210526316,0.0,overlap_rate,0.2,,,,,,,
SWEEP_overlap_rate_0.2,11,random,L0_内地单方_GBDT,gbdt,4860.0,1458.0,0.5375092661230542,0.1512601927353595,1.5986842105263157,0.07894736842105263,1.323049001814882,0.13157894736842105,0.9229517091698318,0.18421052631578946,0.0,overlap_rate,0.2,60.0,0.0,0.0,,,,
SWEEP_overlap_rate_0.2,11,random,L4_集中式_GBDT,gbdt,4860.0,1458.0,0.5967939214232765,0.2443661971830986,1.5986842105263157,0.07894736842105263,1.5876588021778584,0.15789473684210525,1.582202930005426,0.3157894736842105,1377642.0,overlap_rate,0.2,60.0,406.0,406.0,,,,
SWEEP_overlap_rate_0.2,11,random,L3a_联邦LR,federated_logistic,4860.0,1458.0,0.6410489251297258,0.24269829503335802,4.263157894736842,0.21052631578947367,2.9107078039927403,0.2894736842105263,1.9777536625067822,0.39473684210526316,2721600.0,overlap_rate,0.2,400.0,,,,,,
SWEEP_overlap_rate_0.2,11,random,L3b_纵向GBDT,vertical_gbdt,4860.0,1458.0,0.5967939214232765,0.2443661971830986,1.5986842105263157,0.07894736842105263,1.5876588021778584,0.15789473684210525,1.582202930005426,0.3157894736842105,1377642.0,overlap_rate,0.2,60.0,406.0,406.0,,,,
SWEEP_overlap_rate_0.2,11,random,L3c_SplitNN_形态A双向,splitnn,4860.0,1458.0,0.6145292809488511,0.23699036323202372,3.7302631578947367,0.18421052631578946,2.646098003629764,0.2631578947368421,1.9777536625067822,0.39473684210526316,319488.0,overlap_rate,0.2,156.0,,,1.0,,,
SWEEP_overlap_rate_0.2,11,random,L3c_SplitNN_形态B自监督,splitnn,4860.0,1458.0,0.5526130467012602,0.14992587101556704,1.5986842105263157,0.07894736842105263,1.323049001814882,0.13157894736842105,1.450352685838307,0.2894736842105263,159744.0,overlap_rate,0.2,156.0,,,0.0,,,
SWEEP_overlap_rate_0.2,11,random,L3c_SplitNN_形态B随机,splitnn,4860.0,1458.0,0.5960896960711638,0.18617494440326166,0.5328947368421052,0.02631578947368421,1.323049001814882,0.13157894736842105,1.1866521975040696,0.23684210526315788,159744.0,overlap_rate,0.2,156.0,,,0.0,,,
SWEEP_overlap_rate_0.2,11,random,L0_内地单方_UPLIFT,t_learner,4860.0,1458.0,,,,,,,,,,overlap_rate,0.2,,,,,0.007491802642159702,-0.011229539398553486,
SWEEP_overlap_rate_0.2,11,random,L1_加k匿名统计_UPLIFT,t_learner,4860.0,1458.0,,,,,,,,,,overlap_rate,0.2,,,,,0.004518340442874578,-0.04054054054054054,
SWEEP_overlap_rate_0.2,11,random,L2_加粗粒度标记_UPLIFT,t_learner,4860.0,1458.0,,,,,,,,,,overlap_rate,0.2,,,,,0.010725405203248842,0.07211538461538461,
SWEEP_overlap_rate_0.2,11,random,L4_集中式_UPLIFT,t_learner,4860.0,1458.0,,,,,,,,,,overlap_rate,0.2,,,,,0.012019087231327252,0.20034443168771526,
SWEEP_overlap_rate_0.2,11,random,OVERLAP_L1_vs_L3a_联邦LR,top_k_overlap,,,,,,,,,,,,overlap_rate,0.2,,,,,,,0.43448275862068964
SWEEP_overlap_rate_0.2,11,random,OVERLAP_L1_vs_L3b_纵向GBDT,top_k_overlap,,,,,,,,,,,,overlap_rate,0.2,,,,,,,0.2896551724137931
SWEEP_overlap_rate_0.2,11,random,OVERLAP_L1_vs_L3c_SplitNN_形态A双向,top_k_overlap,,,,,,,,,,,,overlap_rate,0.2,,,,,,,0.27586206896551724
SWEEP_overlap_rate_0.2,22,random,L0_内地单方_LR,logistic,4782.0,1435.0,0.7070970328789095,0.33535485164394546,2.8201768752047167,0.13953488372093023,2.8004553585948937,0.27906976744186046,2.441860465116279,0.4883720930232558,0.0,overlap_rate,0.2,,,,,,,
SWEEP_overlap_rate_0.2,22,random,L1_加k匿名统计_LR,logistic,4782.0,1435.0,0.7104049719326383,0.34621424752739904,2.3501473960039307,0.11627906976744186,3.033826638477801,0.3023255813953488,2.325581395348837,0.46511627906976744,384.0,overlap_rate,0.2,,,,,,,
SWEEP_overlap_rate_0.2,22,random,L2_加粗粒度标记_LR,logistic,4782.0,1435.0,0.7068297246725473,0.33535485164394546,2.8201768752047167,0.13953488372093023,2.8004553585948937,0.27906976744186046,2.441860465116279,0.4883720930232558,0.0,overlap_rate,0.2,,,,,,,
SWEEP_overlap_rate_0.2,22,random,L4_集中式_LR,logistic,4782.0,1435.0,0.7988171611868484,0.4540564020315424,7.990501146413363,0.3953488372093023,4.667425597658156,0.46511627906976744,3.1395348837209305,0.627906976744186,0.0,overlap_rate,0.2,,,,,,,
SWEEP_overlap_rate_0.2,22,random,L0_内地单方_GBDT,gbdt,4782.0,1435.0,0.6730486500935577,0.3136193531141406,2.8201768752047167,0.13953488372093023,2.333712798829078,0.23255813953488372,2.2093023255813953,0.4418604651162791,0.0,overlap_rate,0.2,60.0,0.0,0.0,,,,
SWEEP_overlap_rate_0.2,22,random,L4_集中式_GBDT,gbdt,4782.0,1435.0,0.7595729751403368,0.5103581929965251,5.640353750409433,0.27906976744186046,4.667425597658156,0.46511627906976744,3.255813953488372,0.6511627906976745,1366200.0,overlap_rate,0.2,60.0,420.0,420.0,,,,
SWEEP_overlap_rate_0.2,22,random,L3a_联邦LR,federated_logistic,4782.0,1435.0,0.7996190858059342,0.4590851376637263,7.990501146413363,0.3953488372093023,4.667425597658156,0.46511627906976744,3.1395348837209305,0.627906976744186,2677600.0,overlap_rate,0.2,400.0,,,,,,
SWEEP_overlap_rate_0.2,22,random,L3b_纵向GBDT,vertical_gbdt,4782.0,1435.0,0.7595729751403368,0.5103581929965251,5.640353750409433,0.27906976744186046,4.667425597658156,0.46511627906976744,3.255813953488372,0.6511627906976745,1366200.0,overlap_rate,0.2,60.0,420.0,420.0,,,,
SWEEP_overlap_rate_0.2,22,random,L3c_SplitNN_形态A双向,splitnn,4782.0,1435.0,0.7912657043571238,0.5150193798449613,6.110383229610219,0.3023255813953488,5.3675394373068785,0.5348837209302325,3.3720930232558137,0.6744186046511628,319488.0,overlap_rate,0.2,156.0,,,1.0,,,
SWEEP_overlap_rate_0.2,22,random,L3c_SplitNN_形态B自监督,splitnn,4782.0,1435.0,0.7195936915263299,0.3982056936647955,3.2902063544055027,0.16279069767441862,2.8004553585948937,0.27906976744186046,2.906976744186047,0.5813953488372093,159744.0,overlap_rate,0.2,156.0,,,0.0,,,
SWEEP_overlap_rate_0.2,22,random,L3c_SplitNN_形态B随机,splitnn,4782.0,1435.0,0.7235197808072708,0.3930767174552259,2.8201768752047167,0.13953488372093023,3.033826638477801,0.3023255813953488,2.325581395348837,0.46511627906976744,159744.0,overlap_rate,0.2,156.0,,,0.0,,,
SWEEP_overlap_rate_0.2,22,random,L0_内地单方_UPLIFT,t_learner,4782.0,1435.0,,,,,,,,,,overlap_rate,0.2,,,,,0.0035796808560369137,-0.01726190476190477,
SWEEP_overlap_rate_0.2,22,random,L1_加k匿名统计_UPLIFT,t_learner,4782.0,1435.0,,,,,,,,,,overlap_rate,0.2,,,,,0.003988346107650169,-0.044390637610976585,
SWEEP_overlap_rate_0.2,22,random,L2_加粗粒度标记_UPLIFT,t_learner,4782.0,1435.0,,,,,,,,,,overlap_rate,0.2,,,,,0.004163118850592512,0.020281124497991965,
SWEEP_overlap_rate_0.2,22,random,L4_集中式_UPLIFT,t_learner,4782.0,1435.0,,,,,,,,,,overlap_rate,0.2,,,,,0.005029750816239366,0.08876669285153183,
SWEEP_overlap_rate_0.2,22,random,OVERLAP_L1_vs_L3a_联邦LR,top_k_overlap,,,,,,,,,,,,overlap_rate,0.2,,,,,,,0.5174825174825175
SWEEP_overlap_rate_0.2,22,random,OVERLAP_L1_vs_L3b_纵向GBDT,top_k_overlap,,,,,,,,,,,,overlap_rate,0.2,,,,,,,0.44755244755244755
SWEEP_overlap_rate_0.2,22,random,OVERLAP_L1_vs_L3c_SplitNN_形态A双向,top_k_overlap,,,,,,,,,,,,overlap_rate,0.2,,,,,,,0.43356643356643354
SWEEP_overlap_rate_0.2,33,random,L0_内地单方_LR,logistic,4848.0,1455.0,0.7025660451940181,0.352197114434416,2.8197674418604652,0.13953488372093023,2.5669607056936647,0.2558139534883721,2.0930232558139537,0.4186046511627907,0.0,overlap_rate,0.2,,,,,,,
SWEEP_overlap_rate_0.2,33,random,L1_加k匿名统计_LR,logistic,4848.0,1455.0,0.6811878252849332,0.3298800975031293,2.3498062015503876,0.11627906976744186,1.8668805132317563,0.18604651162790697,1.9767441860465118,0.3953488372093023,384.0,overlap_rate,0.2,,,,,,,
SWEEP_overlap_rate_0.2,33,random,L2_加粗粒度标记_LR,logistic,4848.0,1455.0,0.6744844851439489,0.28738717965610383,2.8197674418604652,0.13953488372093023,2.8003207698476342,0.27906976744186046,2.2093023255813957,0.4418604651162791,0.0,overlap_rate,0.2,,,,,,,
SWEEP_overlap_rate_0.2,33,random,L4_集中式_LR,logistic,4848.0,1455.0,0.8206568285130773,0.520620594242045,6.109496124031008,0.3023255813953488,4.6672012830793905,0.46511627906976744,3.488372093023256,0.6976744186046512,0.0,overlap_rate,0.2,,,,,,,
SWEEP_overlap_rate_0.2,33,random,L0_内地单方_GBDT,gbdt,4848.0,1455.0,0.6560544172870413,0.2709499967059753,3.289728682170543,0.16279069767441862,2.5669607056936647,0.2558139534883721,2.2093023255813957,0.4418604651162791,0.0,overlap_rate,0.2,60.0,0.0,0.0,,,,
SWEEP_overlap_rate_0.2,33,random,L4_集中式_GBDT,gbdt,4848.0,1455.0,0.7937446472099611,0.50681863100336,4.699612403100775,0.23255813953488372,3.500400962309543,0.3488372093023256,3.2558139534883725,0.6511627906976745,1376872.0,overlap_rate,0.2,60.0,408.0,408.0,,,,
SWEEP_overlap_rate_0.2,33,random,L3a_联邦LR,federated_logistic,4848.0,1455.0,0.8202780156795573,0.5177877330522432,6.109496124031008,0.3023255813953488,4.6672012830793905,0.46511627906976744,3.488372093023256,0.6976744186046512,2714400.0,overlap_rate,0.2,400.0,,,,,,
SWEEP_overlap_rate_0.2,33,random,L3b_纵向GBDT,vertical_gbdt,4848.0,1455.0,0.7937446472099611,0.50681863100336,4.699612403100775,0.23255813953488372,3.500400962309543,0.3488372093023256,3.2558139534883725,0.6511627906976745,1376872.0,overlap_rate,0.2,60.0,408.0,408.0,,,,
SWEEP_overlap_rate_0.2,33,random,L3c_SplitNN_形态A双向,splitnn,4848.0,1455.0,0.808551287963634,0.5089597470189077,5.6395348837209305,0.27906976744186046,4.6672012830793905,0.46511627906976744,2.906976744186047,0.5813953488372093,319488.0,overlap_rate,0.2,156.0,,,1.0,,,
SWEEP_overlap_rate_0.2,33,random,L3c_SplitNN_形态B自监督,splitnn,4848.0,1455.0,0.7761051452664866,0.42995256604519405,4.229651162790698,0.20930232558139536,4.433841218925422,0.4418604651162791,2.906976744186047,0.5813953488372093,159744.0,overlap_rate,0.2,156.0,,,0.0,,,
SWEEP_overlap_rate_0.2,33,random,L3c_SplitNN_形态B随机,splitnn,4848.0,1455.0,0.6879735160419,0.31393701824889647,1.4098837209302326,0.06976744186046512,3.0336808340016037,0.3023255813953488,2.441860465116279,0.4883720930232558,159744.0,overlap_rate,0.2,156.0,,,0.0,,,
SWEEP_overlap_rate_0.2,33,random,L0_内地单方_UPLIFT,t_learner,4848.0,1455.0,,,,,,,,,,overlap_rate,0.2,,,,,0.0075209225833633144,0.09817351598173515,
SWEEP_overlap_rate_0.2,33,random,L1_加k匿名统计_UPLIFT,t_learner,4848.0,1455.0,,,,,,,,,,overlap_rate,0.2,,,,,0.007012834516301041,0.10582413399314808,
SWEEP_overlap_rate_0.2,33,random,L2_加粗粒度标记_UPLIFT,t_learner,4848.0,1455.0,,,,,,,,,,overlap_rate,0.2,,,,,0.006951340053188902,0.07619047619047618,
SWEEP_overlap_rate_0.2,33,random,L4_集中式_UPLIFT,t_learner,4848.0,1455.0,,,,,,,,,,overlap_rate,0.2,,,,,0.005687995290780917,0.052651955090979474,
SWEEP_overlap_rate_0.2,33,random,OVERLAP_L1_vs_L3a_联邦LR,top_k_overlap,,,,,,,,,,,,overlap_rate,0.2,,,,,,,0.4413793103448276
SWEEP_overlap_rate_0.2,33,random,OVERLAP_L1_vs_L3b_纵向GBDT,top_k_overlap,,,,,,,,,,,,overlap_rate,0.2,,,,,,,0.2827586206896552
SWEEP_overlap_rate_0.2,33,random,OVERLAP_L1_vs_L3c_SplitNN_形态A双向,top_k_overlap,,,,,,,,,,,,overlap_rate,0.2,,,,,,,0.3793103448275862
SWEEP_overlap_rate_0.2,44,random,L0_内地单方_LR,logistic,4867.0,1461.0,0.6373368233833351,0.24846471358099262,4.288649706457925,0.21428571428571427,2.8590998043052838,0.2857142857142857,1.9060665362035225,0.38095238095238093,0.0,overlap_rate,0.2,,,,,,,
SWEEP_overlap_rate_0.2,44,random,L1_加k匿名统计_LR,logistic,4867.0,1461.0,0.6479579851672875,0.23769254001812146,3.812133072407045,0.19047619047619047,2.6208414872798436,0.2619047619047619,1.9060665362035225,0.38095238095238093,378.0,overlap_rate,0.2,,,,,,,
SWEEP_overlap_rate_0.2,44,random,L2_加粗粒度标记_LR,logistic,4867.0,1461.0,0.6413638041545019,0.23180308064028995,4.288649706457925,0.21428571428571427,2.382583170254403,0.23809523809523808,2.0251956947162424,0.40476190476190477,0.0,overlap_rate,0.2,,,,,,,
SWEEP_overlap_rate_0.2,44,random,L4_集中式_LR,logistic,4867.0,1461.0,0.7561327561327561,0.4146280076512635,5.7181996086105675,0.2857142857142857,3.335616438356164,0.3333333333333333,2.5017123287671232,0.5,0.0,overlap_rate,0.2,,,,,,,
SWEEP_overlap_rate_0.2,44,random,L0_内地单方_GBDT,gbdt,4867.0,1461.0,0.6279908721769186,0.23487365347830458,4.765166340508806,0.23809523809523808,2.382583170254403,0.23809523809523808,1.667808219178082,0.3333333333333333,0.0,overlap_rate,0.2,60.0,0.0,0.0,,,,
SWEEP_overlap_rate_0.2,44,random,L4_集中式_GBDT,gbdt,4867.0,1461.0,0.7321722205443135,0.3556830766133091,5.7181996086105675,0.2857142857142857,3.812133072407045,0.38095238095238093,2.382583170254403,0.47619047619047616,1367266.0,overlap_rate,0.2,60.0,398.0,398.0,,,,
SWEEP_overlap_rate_0.2,44,random,L3a_联邦LR,federated_logistic,4867.0,1461.0,0.7549078828148595,0.4137722742373905,5.7181996086105675,0.2857142857142857,3.335616438356164,0.3333333333333333,2.5017123287671232,0.5,2724800.0,overlap_rate,0.2,400.0,,,,,,
SWEEP_overlap_rate_0.2,44,random,L3b_纵向GBDT,vertical_gbdt,4867.0,1461.0,0.7321722205443135,0.3556830766133091,5.7181996086105675,0.2857142857142857,3.812133072407045,0.38095238095238093,2.382583170254403,0.47619047619047616,1367266.0,overlap_rate,0.2,60.0,398.0,398.0,,,,
SWEEP_overlap_rate_0.2,44,random,L3c_SplitNN_形态A双向,splitnn,4867.0,1461.0,0.7463505486761302,0.393687707641196,4.765166340508806,0.23809523809523808,3.335616438356164,0.3333333333333333,2.7399706457925634,0.5476190476190477,319488.0,overlap_rate,0.2,156.0,,,1.0,,,
SWEEP_overlap_rate_0.2,44,random,L3c_SplitNN_形态B自监督,splitnn,4867.0,1461.0,0.6056579079834894,0.21604751837309974,3.335616438356164,0.16666666666666666,2.1443248532289627,0.21428571428571427,1.9060665362035225,0.38095238095238093,159744.0,overlap_rate,0.2,156.0,,,0.0,,,
SWEEP_overlap_rate_0.2,44,random,L3c_SplitNN_形态B随机,splitnn,4867.0,1461.0,0.6430584918957012,0.2668881506090808,4.288649706457925,0.21428571428571427,2.8590998043052838,0.2857142857142857,2.1443248532289627,0.42857142857142855,159744.0,overlap_rate,0.2,156.0,,,0.0,,,
SWEEP_overlap_rate_0.2,44,random,L0_内地单方_UPLIFT,t_learner,4867.0,1461.0,,,,,,,,,,overlap_rate,0.2,,,,,0.002039581681705286,0.01621417797888386,
SWEEP_overlap_rate_0.2,44,random,L1_加k匿名统计_UPLIFT,t_learner,4867.0,1461.0,,,,,,,,,,overlap_rate,0.2,,,,,0.0030752977819289303,0.008826291079812212,
SWEEP_overlap_rate_0.2,44,random,L2_加粗粒度标记_UPLIFT,t_learner,4867.0,1461.0,,,,,,,,,,overlap_rate,0.2,,,,,0.001630292194189402,0.0393939393939394,
SWEEP_overlap_rate_0.2,44,random,L4_集中式_UPLIFT,t_learner,4867.0,1461.0,,,,,,,,,,overlap_rate,0.2,,,,,0.001708972845492097,0.09729831853391271,
SWEEP_overlap_rate_0.2,44,random,OVERLAP_L1_vs_L3a_联邦LR,top_k_overlap,,,,,,,,,,,,overlap_rate,0.2,,,,,,,0.3972602739726027
SWEEP_overlap_rate_0.2,44,random,OVERLAP_L1_vs_L3b_纵向GBDT,top_k_overlap,,,,,,,,,,,,overlap_rate,0.2,,,,,,,0.4315068493150685
SWEEP_overlap_rate_0.2,44,random,OVERLAP_L1_vs_L3c_SplitNN_形态A双向,top_k_overlap,,,,,,,,,,,,overlap_rate,0.2,,,,,,,0.3835616438356164
SWEEP_overlap_rate_0.2,55,random,L0_内地单方_LR,logistic,4772.0,1432.0,0.7255113164451827,0.3929609634551495,3.9617706237424546,0.19642857142857142,3.2187812187812193,0.32142857142857145,2.414085914085914,0.48214285714285715,0.0,overlap_rate,0.2,,,,,,,
SWEEP_overlap_rate_0.2,55,random,L1_加k匿名统计_LR,logistic,4772.0,1432.0,0.7250700789036545,0.36347591362126247,3.9617706237424546,0.19642857142857142,3.03996003996004,0.30357142857142855,2.5929070929070925,0.5178571428571429,384.0,overlap_rate,0.2,,,,,,,
SWEEP_overlap_rate_0.2,55,random,L2_加粗粒度标记_LR,logistic,4772.0,1432.0,0.7221371470099668,0.3572466777408638,3.9617706237424546,0.19642857142857142,3.2187812187812193,0.32142857142857145,2.414085914085914,0.48214285714285715,0.0,overlap_rate,0.2,,,,,,,
SWEEP_overlap_rate_0.2,55,random,L4_集中式_LR,logistic,4772.0,1432.0,0.7380346760797343,0.40791112956810627,4.682092555331992,0.23214285714285715,3.5764235764235766,0.35714285714285715,2.861138861138861,0.5714285714285714,0.0,overlap_rate,0.2,,,,,,,
SWEEP_overlap_rate_0.2,55,random,L0_内地单方_GBDT,gbdt,4772.0,1432.0,0.657249273255814,0.2588247508305648,2.52112676056338,0.125,2.145854145854146,0.21428571428571427,2.0564435564435564,0.4107142857142857,0.0,overlap_rate,0.2,60.0,0.0,0.0,,,,
SWEEP_overlap_rate_0.2,55,random,L4_集中式_GBDT,gbdt,4772.0,1432.0,0.6892389950166113,0.3061669435215946,2.881287726358149,0.14285714285714285,2.324675324675325,0.23214285714285715,2.324675324675325,0.4642857142857143,1362702.0,overlap_rate,0.2,60.0,418.0,418.0,,,,
SWEEP_overlap_rate_0.2,55,random,L3a_联邦LR,federated_logistic,4772.0,1432.0,0.7375285506644519,0.4108181063122923,4.682092555331992,0.23214285714285715,3.9340659340659343,0.39285714285714285,2.861138861138861,0.5714285714285714,2672000.0,overlap_rate,0.2,400.0,,,,,,
SWEEP_overlap_rate_0.2,55,random,L3b_纵向GBDT,vertical_gbdt,4772.0,1432.0,0.6892389950166113,0.3061669435215946,2.881287726358149,0.14285714285714285,2.324675324675325,0.23214285714285715,2.324675324675325,0.4642857142857143,1362702.0,overlap_rate,0.2,60.0,418.0,418.0,,,,
SWEEP_overlap_rate_0.2,55,random,L3c_SplitNN_形态A双向,splitnn,4772.0,1432.0,0.711547446013289,0.30263704318936874,4.321931589537223,0.21428571428571427,3.5764235764235766,0.35714285714285715,2.2352647352647352,0.44642857142857145,319488.0,overlap_rate,0.2,156.0,,,1.0,,,
SWEEP_overlap_rate_0.2,55,random,L3c_SplitNN_形态B自监督,splitnn,4772.0,1432.0,0.7195026993355482,0.35423588039867104,3.2414486921529173,0.16071428571428573,2.5034965034965033,0.25,2.145854145854146,0.42857142857142855,159744.0,overlap_rate,0.2,156.0,,,0.0,,,
SWEEP_overlap_rate_0.2,55,random,L3c_SplitNN_形态B随机,splitnn,4772.0,1432.0,0.7325970722591362,0.38880813953488375,3.2414486921529173,0.16071428571428573,2.861138861138861,0.2857142857142857,2.5034965034965033,0.5,159744.0,overlap_rate,0.2,156.0,,,0.0,,,
SWEEP_overlap_rate_0.2,55,random,L0_内地单方_UPLIFT,t_learner,4772.0,1432.0,,,,,,,,,,overlap_rate,0.2,,,,,0.0030304391387591108,0.02340597255851494,
SWEEP_overlap_rate_0.2,55,random,L1_加k匿名统计_UPLIFT,t_learner,4772.0,1432.0,,,,,,,,,,overlap_rate,0.2,,,,,0.002673940699479957,0.06785714285714285,
SWEEP_overlap_rate_0.2,55,random,L2_加粗粒度标记_UPLIFT,t_learner,4772.0,1432.0,,,,,,,,,,overlap_rate,0.2,,,,,0.0031964492358314933,0.007738095238095238,
SWEEP_overlap_rate_0.2,55,random,L4_集中式_UPLIFT,t_learner,4772.0,1432.0,,,,,,,,,,overlap_rate,0.2,,,,,0.005762832355863721,0.11746987951807228,
SWEEP_overlap_rate_0.2,55,random,OVERLAP_L1_vs_L3a_联邦LR,top_k_overlap,,,,,,,,,,,,overlap_rate,0.2,,,,,,,0.4405594405594406
SWEEP_overlap_rate_0.2,55,random,OVERLAP_L1_vs_L3b_纵向GBDT,top_k_overlap,,,,,,,,,,,,overlap_rate,0.2,,,,,,,0.3356643356643357
SWEEP_overlap_rate_0.2,55,random,OVERLAP_L1_vs_L3c_SplitNN_形态A双向,top_k_overlap,,,,,,,,,,,,overlap_rate,0.2,,,,,,,0.35664335664335667
SWEEP_overlap_rate_0.3,11,random,L0_内地单方_LR,logistic,7236.0,2171.0,0.6562259244992295,0.2446070878274268,2.3849654739485247,0.11864406779661017,2.5435444817620874,0.2542372881355932,1.8652659532921971,0.3728813559322034,0.0,overlap_rate,0.3,,,,,,,
SWEEP_overlap_rate_0.3,11,random,L1_加k匿名统计_LR,logistic,7236.0,2171.0,0.6469729070364664,0.2555132896764253,3.06638418079096,0.15254237288135594,2.204405217527142,0.22033898305084745,1.6956963211747247,0.3389830508474576,384.0,overlap_rate,0.3,,,,,,,
SWEEP_overlap_rate_0.3,11,random,L2_加粗粒度标记_LR,logistic,7236.0,2171.0,0.6528794298921418,0.23192732408834105,2.7256748273697426,0.13559322033898305,2.03483558540967,0.2033898305084746,1.6956963211747247,0.3389830508474576,0.0,overlap_rate,0.3,,,,,,,
SWEEP_overlap_rate_0.3,11,random,L4_集中式_LR,logistic,7236.0,2171.0,0.6869221879815102,0.358355803800719,1.703546767106089,0.0847457627118644,2.204405217527142,0.22033898305084745,1.8652659532921971,0.3728813559322034,0.0,overlap_rate,0.3,,,,,,,
SWEEP_overlap_rate_0.3,11,random,L0_内地单方_GBDT,gbdt,7236.0,2171.0,0.5997046738572162,0.18472329224447867,2.7256748273697426,0.13559322033898305,1.8652659532921971,0.1864406779661017,1.6109115051159884,0.3220338983050847,0.0,overlap_rate,0.3,60.0,0.0,0.0,,,,
SWEEP_overlap_rate_0.3,11,random,L4_集中式_GBDT,gbdt,7236.0,2171.0,0.656675333846944,0.2974688623523369,2.0442561205273067,0.1016949152542373,2.7131141138795596,0.2711864406779661,1.8652659532921971,0.3728813559322034,1984680.0,overlap_rate,0.3,60.0,420.0,420.0,,,,
SWEEP_overlap_rate_0.3,11,random,L3a_联邦LR,federated_logistic,7236.0,2171.0,0.6874598741653826,0.35930277349768874,1.703546767106089,0.0847457627118644,2.204405217527142,0.22033898305084745,1.8652659532921971,0.3728813559322034,4052000.0,overlap_rate,0.3,400.0,,,,,,
SWEEP_overlap_rate_0.3,11,random,L3b_纵向GBDT,vertical_gbdt,7236.0,2171.0,0.656675333846944,0.2974688623523369,2.0442561205273067,0.1016949152542373,2.7131141138795596,0.2711864406779661,1.8652659532921971,0.3728813559322034,1984680.0,overlap_rate,0.3,60.0,420.0,420.0,,,,
SWEEP_overlap_rate_0.3,11,random,L3c_SplitNN_形态A双向,splitnn,7236.0,2171.0,0.6228011042629688,0.21043592706728298,1.3628374136848713,0.06779661016949153,1.5261266890572522,0.15254237288135594,1.8652659532921971,0.3728813559322034,466944.0,overlap_rate,0.3,228.0,,,1.0,,,
SWEEP_overlap_rate_0.3,11,random,L3c_SplitNN_形态B自监督,splitnn,7236.0,2171.0,0.6758314072932717,0.2884004237288136,2.7256748273697426,0.13559322033898305,1.8652659532921971,0.1864406779661017,2.289190033585878,0.4576271186440678,233472.0,overlap_rate,0.3,228.0,,,0.0,,,
SWEEP_overlap_rate_0.3,11,random,L3c_SplitNN_形态B随机,splitnn,7236.0,2171.0,0.6466679506933745,0.28497367745249097,2.3849654739485247,0.11864406779661017,2.3739748496446142,0.23728813559322035,1.6956963211747247,0.3389830508474576,233472.0,overlap_rate,0.3,228.0,,,0.0,,,
SWEEP_overlap_rate_0.3,11,random,L0_内地单方_UPLIFT,t_learner,7236.0,2171.0,,,,,,,,,,overlap_rate,0.3,,,,,0.0037417168820200763,-0.006998975759644935,
SWEEP_overlap_rate_0.3,11,random,L1_加k匿名统计_UPLIFT,t_learner,7236.0,2171.0,,,,,,,,,,overlap_rate,0.3,,,,,0.0035832950266480373,-0.004166666666666666,
SWEEP_overlap_rate_0.3,11,random,L2_加粗粒度标记_UPLIFT,t_learner,7236.0,2171.0,,,,,,,,,,overlap_rate,0.3,,,,,0.004901469396811398,0.06720475785896346,
SWEEP_overlap_rate_0.3,11,random,L4_集中式_UPLIFT,t_learner,7236.0,2171.0,,,,,,,,,,overlap_rate,0.3,,,,,0.006508145887099911,0.07468419255718675,
SWEEP_overlap_rate_0.3,11,random,OVERLAP_L1_vs_L3a_联邦LR,top_k_overlap,,,,,,,,,,,,overlap_rate,0.3,,,,,,,0.4423963133640553
SWEEP_overlap_rate_0.3,11,random,OVERLAP_L1_vs_L3b_纵向GBDT,top_k_overlap,,,,,,,,,,,,overlap_rate,0.3,,,,,,,0.23963133640552994
SWEEP_overlap_rate_0.3,11,random,OVERLAP_L1_vs_L3c_SplitNN_形态A双向,top_k_overlap,,,,,,,,,,,,overlap_rate,0.3,,,,,,,0.37327188940092165
SWEEP_overlap_rate_0.3,22,random,L0_内地单方_LR,logistic,7169.0,2151.0,0.7509458144813848,0.4156410691950154,5.187820319565872,0.25806451612903225,4.195498874718679,0.41935483870967744,2.985258814703676,0.5967741935483871,0.0,overlap_rate,0.3,,,,,,,
SWEEP_overlap_rate_0.3,22,random,L1_加k匿名统计_LR,logistic,7169.0,2151.0,0.7505443258852051,0.4023842245865439,4.863581549593005,0.24193548387096775,3.711402850712678,0.3709677419354839,2.8238934733683423,0.5645161290322581,384.0,overlap_rate,0.3,,,,,,,
SWEEP_overlap_rate_0.3,22,random,L2_加粗粒度标记_LR,logistic,7169.0,2151.0,0.752876048116864,0.40345743448787047,5.512059089538739,0.27419354838709675,4.195498874718679,0.41935483870967744,2.904576144036009,0.5806451612903226,0.0,overlap_rate,0.3,,,,,,,
SWEEP_overlap_rate_0.3,22,random,L4_集中式_LR,logistic,7169.0,2151.0,0.8334980466035609,0.5349912753439676,6.48477539945734,0.3225806451612903,5.163690922730682,0.5161290322580645,3.4693548387096773,0.6935483870967742,0.0,overlap_rate,0.3,,,,,,,
SWEEP_overlap_rate_0.3,22,random,L0_内地单方_GBDT,gbdt,7169.0,2151.0,0.7323769669080745,0.3450871693509782,4.863581549593005,0.24193548387096775,3.872768192048012,0.3870967741935484,2.6625281320330085,0.532258064516129,0.0,overlap_rate,0.3,60.0,0.0,0.0,,,,
SWEEP_overlap_rate_0.3,22,random,L4_集中式_GBDT,gbdt,7169.0,2151.0,0.7983523525687549,0.5026251177442518,5.187820319565872,0.25806451612903225,4.195498874718679,0.41935483870967744,3.38867216804201,0.6774193548387096,1967760.0,overlap_rate,0.3,60.0,420.0,420.0,,,,
SWEEP_overlap_rate_0.3,22,random,L3a_联邦LR,federated_logistic,7169.0,2151.0,0.8334671628653931,0.5388208588767585,6.48477539945734,0.3225806451612903,5.163690922730682,0.5161290322580645,3.4693548387096773,0.6935483870967742,4014400.0,overlap_rate,0.3,400.0,,,,,,
SWEEP_overlap_rate_0.3,22,random,L3b_纵向GBDT,vertical_gbdt,7169.0,2151.0,0.7983523525687549,0.5026251177442518,5.187820319565872,0.25806451612903225,4.195498874718679,0.41935483870967744,3.38867216804201,0.6774193548387096,1967760.0,overlap_rate,0.3,60.0,420.0,420.0,,,,
SWEEP_overlap_rate_0.3,22,random,L3c_SplitNN_形态A双向,splitnn,7169.0,2151.0,0.8268657638320542,0.5221436402662178,6.160536629484473,0.3064516129032258,5.647786946736685,0.5645161290322581,3.38867216804201,0.6774193548387096,466944.0,overlap_rate,0.3,228.0,,,1.0,,,
SWEEP_overlap_rate_0.3,22,random,L3c_SplitNN_形态B自监督,splitnn,7169.0,2151.0,0.7933646288546765,0.46031439645454686,7.457491709375942,0.3709677419354839,4.679594898724681,0.46774193548387094,3.0659414853713427,0.6129032258064516,233472.0,overlap_rate,0.3,228.0,,,0.0,,,
SWEEP_overlap_rate_0.3,22,random,L3c_SplitNN_形态B随机,splitnn,7169.0,2151.0,0.7798298306026961,0.4624839790608255,4.539342779620138,0.22580645161290322,4.195498874718679,0.41935483870967744,3.14662415603901,0.6290322580645161,233472.0,overlap_rate,0.3,228.0,,,0.0,,,
SWEEP_overlap_rate_0.3,22,random,L0_内地单方_UPLIFT,t_learner,7169.0,2151.0,,,,,,,,,,overlap_rate,0.3,,,,,0.0067822098549899235,0.04351595006934813,
SWEEP_overlap_rate_0.3,22,random,L1_加k匿名统计_UPLIFT,t_learner,7169.0,2151.0,,,,,,,,,,overlap_rate,0.3,,,,,0.007656236201044112,0.0365178262374524,
SWEEP_overlap_rate_0.3,22,random,L2_加粗粒度标记_UPLIFT,t_learner,7169.0,2151.0,,,,,,,,,,overlap_rate,0.3,,,,,0.0063911025042245485,0.03996185852981969,
SWEEP_overlap_rate_0.3,22,random,L4_集中式_UPLIFT,t_learner,7169.0,2151.0,,,,,,,,,,overlap_rate,0.3,,,,,0.009762622365920848,0.1352951572993991,
SWEEP_overlap_rate_0.3,22,random,OVERLAP_L1_vs_L3a_联邦LR,top_k_overlap,,,,,,,,,,,,overlap_rate,0.3,,,,,,,0.44651162790697674
SWEEP_overlap_rate_0.3,22,random,OVERLAP_L1_vs_L3b_纵向GBDT,top_k_overlap,,,,,,,,,,,,overlap_rate,0.3,,,,,,,0.3581395348837209
SWEEP_overlap_rate_0.3,22,random,OVERLAP_L1_vs_L3c_SplitNN_形态A双向,top_k_overlap,,,,,,,,,,,,overlap_rate,0.3,,,,,,,0.4372093023255814
SWEEP_overlap_rate_0.3,33,random,L0_内地单方_LR,logistic,7289.0,2187.0,0.6904291905062998,0.3005567293308452,1.6446082117611671,0.08196721311475409,2.1379906752895175,0.21311475409836064,2.2151404884270547,0.4426229508196721,0.0,overlap_rate,0.3,,,,,,,
SWEEP_overlap_rate_0.3,33,random,L1_加k匿名统计_LR,logistic,7289.0,2187.0,0.6920330644788182,0.33508628533534845,2.6313731388178674,0.13114754098360656,2.466912317641751,0.2459016393442623,2.297182728739168,0.45901639344262296,384.0,overlap_rate,0.3,,,,,,,
SWEEP_overlap_rate_0.3,33,random,L2_加粗粒度标记_LR,logistic,7289.0,2187.0,0.709899295220764,0.3591983714510433,2.6313731388178674,0.13114754098360656,2.7958339599939843,0.2786885245901639,2.379224969051281,0.47540983606557374,0.0,overlap_rate,0.3,,,,,,,
SWEEP_overlap_rate_0.3,33,random,L4_集中式_LR,logistic,7289.0,2187.0,0.7945807565967028,0.4398393041654457,5.591667919987969,0.2786885245901639,4.604902992931268,0.45901639344262296,3.0355628915481865,0.6065573770491803,0.0,overlap_rate,0.3,,,,,,,
SWEEP_overlap_rate_0.3,33,random,L0_内地单方_GBDT,gbdt,7289.0,2187.0,0.6452585475687429,0.25181592461792335,1.9735298541134005,0.09836065573770492,1.8090690329372838,0.18032786885245902,1.6408448062422627,0.32786885245901637,0.0,overlap_rate,0.3,60.0,0.0,0.0,,,,
SWEEP_overlap_rate_0.3,33,random,L4_集中式_GBDT,gbdt,7289.0,2187.0,0.787247659731968,0.43383248770106253,6.2495112046924355,0.3114754098360656,3.947059708226801,0.39344262295081966,2.87147841092396,0.5737704918032787,1998000.0,overlap_rate,0.3,60.0,420.0,420.0,,,,
SWEEP_overlap_rate_0.3,33,random,L3a_联邦LR,federated_logistic,7289.0,2187.0,0.794711842450226,0.4388985703931033,5.591667919987969,0.2786885245901639,4.604902992931268,0.45901639344262296,3.0355628915481865,0.6065573770491803,4081600.0,overlap_rate,0.3,400.0,,,,,,
SWEEP_overlap_rate_0.3,33,random,L3b_纵向GBDT,vertical_gbdt,7289.0,2187.0,0.787247659731968,0.43383248770106253,6.2495112046924355,0.3114754098360656,3.947059708226801,0.39344262295081966,2.87147841092396,0.5737704918032787,1998000.0,overlap_rate,0.3,60.0,420.0,420.0,,,,
SWEEP_overlap_rate_0.3,33,random,L3c_SplitNN_形态A双向,splitnn,7289.0,2187.0,0.7835849667658807,0.4496476103819996,4.933824635283502,0.2459016393442623,4.111520529402918,0.4098360655737705,2.9535206512360728,0.5901639344262295,466944.0,overlap_rate,0.3,228.0,,,1.0,,,
SWEEP_overlap_rate_0.3,33,random,L3c_SplitNN_形态B自监督,splitnn,7289.0,2187.0,0.7095908579183567,0.31566244621624534,4.604902992931268,0.22950819672131148,3.7825988870506846,0.3770491803278688,2.379224969051281,0.47540983606557374,233472.0,overlap_rate,0.3,228.0,,,0.0,,,
SWEEP_overlap_rate_0.3,33,random,L3c_SplitNN_形态B随机,splitnn,7289.0,2187.0,0.7054577980660981,0.35134093117221593,3.947059708226801,0.19672131147540983,3.2892164235223342,0.32786885245901637,2.461267209363394,0.4918032786885246,233472.0,overlap_rate,0.3,228.0,,,0.0,,,
SWEEP_overlap_rate_0.3,33,random,L0_内地单方_UPLIFT,t_learner,7289.0,2187.0,,,,,,,,,,overlap_rate,0.3,,,,,0.008785655775768933,0.06247361756015196,
SWEEP_overlap_rate_0.3,33,random,L1_加k匿名统计_UPLIFT,t_learner,7289.0,2187.0,,,,,,,,,,overlap_rate,0.3,,,,,0.009232347411628872,0.06642759562841528,
SWEEP_overlap_rate_0.3,33,random,L2_加粗粒度标记_UPLIFT,t_learner,7289.0,2187.0,,,,,,,,,,overlap_rate,0.3,,,,,0.006379561506941746,0.025016903313049357,
SWEEP_overlap_rate_0.3,33,random,L4_集中式_UPLIFT,t_learner,7289.0,2187.0,,,,,,,,,,overlap_rate,0.3,,,,,0.009262731976140493,0.16342182890855456,
SWEEP_overlap_rate_0.3,33,random,OVERLAP_L1_vs_L3a_联邦LR,top_k_overlap,,,,,,,,,,,,overlap_rate,0.3,,,,,,,0.481651376146789
SWEEP_overlap_rate_0.3,33,random,OVERLAP_L1_vs_L3b_纵向GBDT,top_k_overlap,,,,,,,,,,,,overlap_rate,0.3,,,,,,,0.3761467889908257
SWEEP_overlap_rate_0.3,33,random,OVERLAP_L1_vs_L3c_SplitNN_形态A双向,top_k_overlap,,,,,,,,,,,,overlap_rate,0.3,,,,,,,0.46788990825688076
SWEEP_overlap_rate_0.3,44,random,L0_内地单方_LR,logistic,7289.0,2187.0,0.7007073329837172,0.30190199664880213,4.338209769402431,0.21621621621621623,2.711381105876519,0.2702702702702703,2.1641412579627683,0.43243243243243246,0.0,overlap_rate,0.3,,,,,,,
SWEEP_overlap_rate_0.3,44,random,L1_加k匿名统计_LR,logistic,7289.0,2187.0,0.7002148859697369,0.3132538596334147,4.338209769402431,0.21621621621621623,2.711381105876519,0.2702702702702703,2.1641412579627683,0.43243243243243246,384.0,overlap_rate,0.3,,,,,,,
SWEEP_overlap_rate_0.3,44,random,L2_加粗粒度标记_LR,logistic,7289.0,2187.0,0.7052288919302644,0.32098591729448334,4.338209769402431,0.21621621621621623,2.575812050582693,0.25675675675675674,2.231770672274105,0.44594594594594594,0.0,overlap_rate,0.3,,,,,,,
SWEEP_overlap_rate_0.3,44,random,L4_集中式_LR,logistic,7289.0,2187.0,0.8144945702920147,0.5180222816285287,6.2361765435159935,0.3108108108108108,4.609347879990082,0.4594594594594595,3.110953058321479,0.6216216216216216,0.0,overlap_rate,0.3,,,,,,,
SWEEP_overlap_rate_0.3,44,random,L0_内地单方_GBDT,gbdt,7289.0,2187.0,0.6636299100804544,0.29207863803225853,4.067071658814778,0.20270270270270271,2.982519216464171,0.2972972972972973,2.1641412579627683,0.43243243243243246,0.0,overlap_rate,0.3,60.0,0.0,0.0,,,,
SWEEP_overlap_rate_0.3,44,random,L4_集中式_GBDT,gbdt,7289.0,2187.0,0.7892902367582917,0.45702920146838744,5.965038432928342,0.2972972972972973,4.067071658814778,0.40540540540540543,3.110953058321479,0.6216216216216216,1998000.0,overlap_rate,0.3,60.0,420.0,420.0,,,,
SWEEP_overlap_rate_0.3,44,random,L3a_联邦LR,federated_logistic,7289.0,2187.0,0.814680037349228,0.5168135480487587,6.507314654103645,0.32432432432432434,4.609347879990082,0.4594594594594595,3.110953058321479,0.6216216216216216,4081600.0,overlap_rate,0.3,400.0,,,,,,
SWEEP_overlap_rate_0.3,44,random,L3b_纵向GBDT,vertical_gbdt,7289.0,2187.0,0.7892902367582917,0.45702920146838744,5.965038432928342,0.2972972972972973,4.067071658814778,0.40540540540540543,3.110953058321479,0.6216216216216216,1998000.0,overlap_rate,0.3,60.0,420.0,420.0,,,,
SWEEP_overlap_rate_0.3,44,random,L3c_SplitNN_形态A双向,splitnn,7289.0,2187.0,0.7947327355751397,0.47642649748660154,5.151624101165386,0.25675675675675674,3.9315026035209524,0.3918918918918919,2.9756942296988065,0.5945945945945946,466944.0,overlap_rate,0.3,228.0,,,1.0,,,
SWEEP_overlap_rate_0.3,44,random,L3c_SplitNN_形态B自监督,splitnn,7289.0,2187.0,0.7535654442895332,0.4044908609508704,5.422762211753038,0.2702702702702703,3.2536573270518225,0.32432432432432434,2.5699177438307874,0.5135135135135135,233472.0,overlap_rate,0.3,228.0,,,0.0,,,
SWEEP_overlap_rate_0.3,44,random,L3c_SplitNN_形态B随机,splitnn,7289.0,2187.0,0.7160627262378327,0.3575804863074148,4.338209769402431,0.21621621621621623,2.711381105876519,0.2702702702702703,2.0288824293400953,0.40540540540540543,233472.0,overlap_rate,0.3,228.0,,,0.0,,,
SWEEP_overlap_rate_0.3,44,random,L0_内地单方_UPLIFT,t_learner,7289.0,2187.0,,,,,,,,,,overlap_rate,0.3,,,,,0.005473479960041761,0.0506862002189105,
SWEEP_overlap_rate_0.3,44,random,L1_加k匿名统计_UPLIFT,t_learner,7289.0,2187.0,,,,,,,,,,overlap_rate,0.3,,,,,0.00583029819364879,0.02108843537414966,
SWEEP_overlap_rate_0.3,44,random,L2_加粗粒度标记_UPLIFT,t_learner,7289.0,2187.0,,,,,,,,,,overlap_rate,0.3,,,,,0.006164717195109094,0.08524258760107818,
SWEEP_overlap_rate_0.3,44,random,L4_集中式_UPLIFT,t_learner,7289.0,2187.0,,,,,,,,,,overlap_rate,0.3,,,,,0.008225707811703436,0.19618758434547912,
SWEEP_overlap_rate_0.3,44,random,OVERLAP_L1_vs_L3a_联邦LR,top_k_overlap,,,,,,,,,,,,overlap_rate,0.3,,,,,,,0.48623853211009177
SWEEP_overlap_rate_0.3,44,random,OVERLAP_L1_vs_L3b_纵向GBDT,top_k_overlap,,,,,,,,,,,,overlap_rate,0.3,,,,,,,0.42660550458715596
SWEEP_overlap_rate_0.3,44,random,OVERLAP_L1_vs_L3c_SplitNN_形态A双向,top_k_overlap,,,,,,,,,,,,overlap_rate,0.3,,,,,,,0.42660550458715596
SWEEP_overlap_rate_0.3,55,random,L0_内地单方_LR,logistic,7121.0,2137.0,0.746092972708209,0.4572561264943135,4.480083857442348,0.2222222222222222,3.344287949921753,0.3333333333333333,2.700940485483811,0.5396825396825397,0.0,overlap_rate,0.3,,,,,,,
SWEEP_overlap_rate_0.3,55,random,L1_加k匿名统计_LR,logistic,7121.0,2137.0,0.7443709724326889,0.4539575392998729,4.480083857442348,0.2222222222222222,3.344287949921753,0.3333333333333333,2.542061633396528,0.5079365079365079,384.0,overlap_rate,0.3,,,,,,,
SWEEP_overlap_rate_0.3,55,random,L2_加粗粒度标记_LR,logistic,7121.0,2137.0,0.7574964411994305,0.453842739281505,4.800089847259659,0.23809523809523808,4.140546985617409,0.4126984126984127,2.9392587636147356,0.5873015873015873,0.0,overlap_rate,0.3,,,,,,,
SWEEP_overlap_rate_0.3,55,random,L4_集中式_LR,logistic,7121.0,2137.0,0.8041741286678605,0.5049134407861504,6.400119796346212,0.31746031746031744,4.936806021313063,0.49206349206349204,3.4158953198765847,0.6825396825396826,0.0,overlap_rate,0.3,,,,,,,
SWEEP_overlap_rate_0.3,55,random,L0_内地单方_GBDT,gbdt,7121.0,2137.0,0.7379727847423122,0.3884985688264377,3.840071877807727,0.19047619047619047,3.1850361427826215,0.31746031746031744,2.700940485483811,0.5396825396825397,0.0,overlap_rate,0.3,60.0,0.0,0.0,,,,
SWEEP_overlap_rate_0.3,55,random,L4_集中式_GBDT,gbdt,7121.0,2137.0,0.7879720194088564,0.504140453995806,4.800089847259659,0.23809523809523808,4.777554214173933,0.47619047619047616,3.4158953198765847,0.6825396825396826,1945800.0,overlap_rate,0.3,60.0,402.0,402.0,,,,
SWEEP_overlap_rate_0.3,55,random,L3a_联邦LR,federated_logistic,7121.0,2137.0,0.803860341950988,0.5015765869189206,6.400119796346212,0.31746031746031744,4.936806021313063,0.49206349206349204,3.4158953198765847,0.6825396825396826,3987200.0,overlap_rate,0.3,400.0,,,,,,
SWEEP_overlap_rate_0.3,55,random,L3b_纵向GBDT,vertical_gbdt,7121.0,2137.0,0.7879720194088564,0.504140453995806,4.800089847259659,0.23809523809523808,4.777554214173933,0.47619047619047616,3.4158953198765847,0.6825396825396826,1945800.0,overlap_rate,0.3,60.0,402.0,402.0,,,,
SWEEP_overlap_rate_0.3,55,random,L3c_SplitNN_形态A双向,splitnn,7121.0,2137.0,0.8168403973611301,0.535695152377891,5.7601078167115904,0.2857142857142857,4.2997987927565395,0.42857142857142855,3.4158953198765847,0.6825396825396826,466944.0,overlap_rate,0.3,228.0,,,1.0,,,
SWEEP_overlap_rate_0.3,55,random,L3c_SplitNN_形态B自监督,splitnn,7121.0,2137.0,0.7684789762899695,0.4658967412101453,4.480083857442348,0.2222222222222222,3.822043371339146,0.38095238095238093,3.0981376157020186,0.6190476190476191,233472.0,overlap_rate,0.3,228.0,,,0.0,,,
SWEEP_overlap_rate_0.3,55,random,L3c_SplitNN_形态B随机,splitnn,7121.0,2137.0,0.7852474323062559,0.49112213191287446,5.120095837076969,0.25396825396825395,4.140546985617409,0.4126984126984127,3.336455893832943,0.6666666666666666,233472.0,overlap_rate,0.3,228.0,,,0.0,,,
SWEEP_overlap_rate_0.3,55,random,L0_内地单方_UPLIFT,t_learner,7121.0,2137.0,,,,,,,,,,overlap_rate,0.3,,,,,0.00822364309507656,0.10952380952380952,
SWEEP_overlap_rate_0.3,55,random,L1_加k匿名统计_UPLIFT,t_learner,7121.0,2137.0,,,,,,,,,,overlap_rate,0.3,,,,,0.006815140726976809,0.1401952085181899,
SWEEP_overlap_rate_0.3,55,random,L2_加粗粒度标记_UPLIFT,t_learner,7121.0,2137.0,,,,,,,,,,overlap_rate,0.3,,,,,0.008722344236575757,0.1166196189131969,
SWEEP_overlap_rate_0.3,55,random,L4_集中式_UPLIFT,t_learner,7121.0,2137.0,,,,,,,,,,overlap_rate,0.3,,,,,0.009286829707476026,0.1533758639021797,
SWEEP_overlap_rate_0.3,55,random,OVERLAP_L1_vs_L3a_联邦LR,top_k_overlap,,,,,,,,,,,,overlap_rate,0.3,,,,,,,0.5352112676056338
SWEEP_overlap_rate_0.3,55,random,OVERLAP_L1_vs_L3b_纵向GBDT,top_k_overlap,,,,,,,,,,,,overlap_rate,0.3,,,,,,,0.47417840375586856
SWEEP_overlap_rate_0.3,55,random,OVERLAP_L1_vs_L3c_SplitNN_形态A双向,top_k_overlap,,,,,,,,,,,,overlap_rate,0.3,,,,,,,0.4460093896713615
SWEEP_overlap_rate_0.5,11,random,L0_内地单方_LR,logistic,12089.0,3627.0,0.6583501486830926,0.23970104078164822,2.996437238601745,0.14953271028037382,2.902798574895441,0.2897196261682243,2.01045439896874,0.40186915887850466,0.0,overlap_rate,0.5,,,,,,,
SWEEP_overlap_rate_0.5,11,random,L1_加k匿名统计_LR,logistic,12089.0,3627.0,0.6585227272727273,0.243678313508921,2.996437238601745,0.14953271028037382,2.809159911189136,0.2803738317757009,1.9636996455043507,0.3925233644859813,384.0,overlap_rate,0.5,,,,,,,
SWEEP_overlap_rate_0.5,11,random,L2_加粗粒度标记_LR,logistic,12089.0,3627.0,0.6664055862361937,0.26859335174171617,3.558269220839572,0.17757009345794392,2.621882583776527,0.2616822429906542,2.1039639058975186,0.4205607476635514,0.0,overlap_rate,0.5,,,,,,,
SWEEP_overlap_rate_0.5,11,random,L4_集中式_LR,logistic,12089.0,3627.0,0.7214953271028038,0.3552251486830926,4.681933185315227,0.2336448598130841,3.464630557133268,0.34579439252336447,2.4312471801482434,0.48598130841121495,0.0,overlap_rate,0.5,,,,,,,
SWEEP_overlap_rate_0.5,11,random,L0_内地单方_GBDT,gbdt,12089.0,3627.0,0.6258097918436704,0.1884664401019541,2.0600506015386997,0.102803738317757,2.5282439200702225,0.2523364485981308,1.7766806316467934,0.35514018691588783,0.0,overlap_rate,0.5,60.0,0.0,0.0,,,,
SWEEP_overlap_rate_0.5,11,random,L4_集中式_GBDT,gbdt,12089.0,3627.0,0.6889177994902294,0.2913710705182667,3.9328238756647904,0.19626168224299065,3.464630557133268,0.34579439252336447,2.2909829197550753,0.45794392523364486,3207600.0,overlap_rate,0.5,60.0,420.0,420.0,,,,
SWEEP_overlap_rate_0.5,11,random,L3a_联邦LR,federated_logistic,12089.0,3627.0,0.7213652293967714,0.3478679906542056,4.681933185315227,0.2336448598130841,3.464630557133268,0.34579439252336447,2.4312471801482434,0.48598130841121495,6769600.0,overlap_rate,0.5,400.0,,,,,,
SWEEP_overlap_rate_0.5,11,random,L3b_纵向GBDT,vertical_gbdt,12089.0,3627.0,0.6889177994902294,0.2913710705182667,3.9328238756647904,0.19626168224299065,3.464630557133268,0.34579439252336447,2.2909829197550753,0.45794392523364486,3207600.0,overlap_rate,0.5,60.0,420.0,420.0,,,,
SWEEP_overlap_rate_0.5,11,random,L3c_SplitNN_形态A双向,splitnn,12089.0,3627.0,0.6819057986406116,0.3154232158028887,2.809159911189136,0.14018691588785046,2.621882583776527,0.2616822429906542,2.01045439896874,0.40186915887850466,811008.0,overlap_rate,0.5,396.0,,,1.0,,,
SWEEP_overlap_rate_0.5,11,random,L3c_SplitNN_形态B自监督,splitnn,12089.0,3627.0,0.6676773576890398,0.2497929056924384,3.558269220839572,0.17757009345794392,2.715521247482832,0.27102803738317754,2.150718659361908,0.42990654205607476,405504.0,overlap_rate,0.5,396.0,,,0.0,,,
SWEEP_overlap_rate_0.5,11,random,L3c_SplitNN_形态B随机,splitnn,12089.0,3627.0,0.6808836023789294,0.2698677782497875,2.996437238601745,0.14953271028037382,2.809159911189136,0.2803738317757009,2.150718659361908,0.42990654205607476,405504.0,overlap_rate,0.5,396.0,,,0.0,,,
SWEEP_overlap_rate_0.5,11,random,L0_内地单方_UPLIFT,t_learner,12089.0,3627.0,,,,,,,,,,overlap_rate,0.5,,,,,0.005479177408799269,0.007414215686274518,
SWEEP_overlap_rate_0.5,11,random,L1_加k匿名统计_UPLIFT,t_learner,12089.0,3627.0,,,,,,,,,,overlap_rate,0.5,,,,,0.0058252486436588535,0.03998652827531306,
SWEEP_overlap_rate_0.5,11,random,L2_加粗粒度标记_UPLIFT,t_learner,12089.0,3627.0,,,,,,,,,,overlap_rate,0.5,,,,,0.006016108434023444,0.025979180022590594,
SWEEP_overlap_rate_0.5,11,random,L4_集中式_UPLIFT,t_learner,12089.0,3627.0,,,,,,,,,,overlap_rate,0.5,,,,,0.008388772669275183,0.0533231474407945,
SWEEP_overlap_rate_0.5,11,random,OVERLAP_L1_vs_L3a_联邦LR,top_k_overlap,,,,,,,,,,,,overlap_rate,0.5,,,,,,,0.45027624309392267
SWEEP_overlap_rate_0.5,11,random,OVERLAP_L1_vs_L3b_纵向GBDT,top_k_overlap,,,,,,,,,,,,overlap_rate,0.5,,,,,,,0.3370165745856354
SWEEP_overlap_rate_0.5,11,random,OVERLAP_L1_vs_L3c_SplitNN_形态A双向,top_k_overlap,,,,,,,,,,,,overlap_rate,0.5,,,,,,,0.3287292817679558
SWEEP_overlap_rate_0.5,22,random,L0_内地单方_LR,logistic,11994.0,3599.0,0.759471582575928,0.38837503077795976,4.509789589098314,0.22429906542056074,3.4666128654361805,0.34579439252336447,2.7132959848179583,0.5420560747663551,0.0,overlap_rate,0.5,,,,,,,
SWEEP_overlap_rate_0.5,22,random,L1_加k匿名统计_LR,logistic,11994.0,3599.0,0.7588881395124771,0.39496151416856684,4.509789589098314,0.22429906542056074,3.4666128654361805,0.34579439252336447,2.7600769500734406,0.5514018691588785,384.0,overlap_rate,0.5,,,,,,,
SWEEP_overlap_rate_0.5,22,random,L2_加粗粒度标记_LR,logistic,11994.0,3599.0,0.7644308486152595,0.41833938187151404,4.697697488644076,0.2336448598130841,3.4666128654361805,0.34579439252336447,2.900419845839887,0.5794392523364486,0.0,overlap_rate,0.5,,,,,,,
SWEEP_overlap_rate_0.5,22,random,L4_集中式_LR,logistic,11994.0,3599.0,0.8514896532528289,0.5814384815492821,6.952592283193233,0.34579439252336447,5.059380938744696,0.5046728971962616,3.695696255183081,0.7383177570093458,0.0,overlap_rate,0.5,,,,,,,
SWEEP_overlap_rate_0.5,22,random,L0_内地单方_GBDT,gbdt,11994.0,3599.0,0.7245185256554367,0.32997987389065525,5.6372369863728915,0.2803738317757009,3.372920625829797,0.3364485981308411,2.2922672975186202,0.45794392523364486,0.0,overlap_rate,0.5,60.0,0.0,0.0,,,,
SWEEP_overlap_rate_0.5,22,random,L4_集中式_GBDT,gbdt,11994.0,3599.0,0.8088260483240731,0.4660291614477952,6.013052785464418,0.29906542056074764,4.4035352615000125,0.4392523364485981,2.9939817763508505,0.5981308411214953,3182186.0,overlap_rate,0.5,60.0,418.0,418.0,,,,
SWEEP_overlap_rate_0.5,22,random,L3a_联邦LR,federated_logistic,11994.0,3599.0,0.8517492586526212,0.5790431533759407,6.764684383647471,0.3364485981308411,5.059380938744696,0.5046728971962616,3.695696255183081,0.7383177570093458,6716000.0,overlap_rate,0.5,400.0,,,,,,
SWEEP_overlap_rate_0.5,22,random,L3b_纵向GBDT,vertical_gbdt,11994.0,3599.0,0.8088260483240731,0.4660291614477952,6.013052785464418,0.29906542056074764,4.4035352615000125,0.4392523364485981,2.9939817763508505,0.5981308411214953,3182186.0,overlap_rate,0.5,60.0,418.0,418.0,,,,
SWEEP_overlap_rate_0.5,22,random,L3c_SplitNN_形态A双向,splitnn,11994.0,3599.0,0.8379928488079563,0.551396516470223,6.764684383647471,0.3364485981308411,5.059380938744696,0.5046728971962616,3.5553533594166353,0.7102803738317757,786432.0,overlap_rate,0.5,384.0,,,1.0,,,
SWEEP_overlap_rate_0.5,22,random,L3c_SplitNN_形态B自监督,splitnn,11994.0,3599.0,0.8161351446831743,0.5121880720686001,6.388868584555944,0.3177570093457944,4.4035352615000125,0.4392523364485981,3.134324672117297,0.6261682242990654,393216.0,overlap_rate,0.5,384.0,,,0.0,,,
SWEEP_overlap_rate_0.5,22,random,L3c_SplitNN_形态B随机,splitnn,11994.0,3599.0,0.7595652546273993,0.42614895461990554,4.509789589098314,0.22429906542056074,3.4666128654361805,0.34579439252336447,2.7132959848179583,0.5420560747663551,393216.0,overlap_rate,0.5,384.0,,,0.0,,,
SWEEP_overlap_rate_0.5,22,random,L0_内地单方_UPLIFT,t_learner,11994.0,3599.0,,,,,,,,,,overlap_rate,0.5,,,,,0.006649099389057821,0.04707914572864322,
SWEEP_overlap_rate_0.5,22,random,L1_加k匿名统计_UPLIFT,t_learner,11994.0,3599.0,,,,,,,,,,overlap_rate,0.5,,,,,0.006685833140218214,0.03342705404561075,
SWEEP_overlap_rate_0.5,22,random,L2_加粗粒度标记_UPLIFT,t_learner,11994.0,3599.0,,,,,,,,,,overlap_rate,0.5,,,,,0.007140875939424579,0.04348510611499465,
SWEEP_overlap_rate_0.5,22,random,L4_集中式_UPLIFT,t_learner,11994.0,3599.0,,,,,,,,,,overlap_rate,0.5,,,,,0.008250046833251519,0.10300187617260789,
SWEEP_overlap_rate_0.5,22,random,OVERLAP_L1_vs_L3a_联邦LR,top_k_overlap,,,,,,,,,,,,overlap_rate,0.5,,,,,,,0.49303621169916434
SWEEP_overlap_rate_0.5,22,random,OVERLAP_L1_vs_L3b_纵向GBDT,top_k_overlap,,,,,,,,,,,,overlap_rate,0.5,,,,,,,0.45403899721448465
SWEEP_overlap_rate_0.5,22,random,OVERLAP_L1_vs_L3c_SplitNN_形态A双向,top_k_overlap,,,,,,,,,,,,overlap_rate,0.5,,,,,,,0.45403899721448465
SWEEP_overlap_rate_0.5,33,random,L0_内地单方_LR,logistic,11957.0,3588.0,0.7304787844036698,0.33133027522935776,5.812960893854749,0.29,3.808491620111732,0.38,2.4520502092050207,0.49,0.0,overlap_rate,0.5,,,,,,,
SWEEP_overlap_rate_0.5,33,random,L1_加k匿名统计_LR,logistic,11957.0,3588.0,0.734415137614679,0.3736238532110092,5.412067039106145,0.27,3.9087150837988824,0.39,2.4020083682008364,0.48,384.0,overlap_rate,0.5,,,,,,,
SWEEP_overlap_rate_0.5,33,random,L2_加粗粒度标记_LR,logistic,11957.0,3588.0,0.7316198394495413,0.3668692660550459,5.412067039106145,0.27,3.507821229050279,0.35,2.3019246861924687,0.46,0.0,overlap_rate,0.5,,,,,,,
SWEEP_overlap_rate_0.5,33,random,L4_集中式_LR,logistic,11957.0,3588.0,0.810943233944954,0.5192545871559633,6.815195530726257,0.34,4.81072625698324,0.48,3.152635983263598,0.63,0.0,overlap_rate,0.5,,,,,,,
SWEEP_overlap_rate_0.5,33,random,L0_内地单方_GBDT,gbdt,11957.0,3588.0,0.6894896788990826,0.30790137614678903,3.6080446927374306,0.18,3.106927374301676,0.31,2.3019246861924687,0.46,0.0,overlap_rate,0.5,60.0,0.0,0.0,,,,
SWEEP_overlap_rate_0.5,33,random,L4_集中式_GBDT,gbdt,11957.0,3588.0,0.8077408256880734,0.509151376146789,5.412067039106145,0.27,4.309608938547486,0.43,3.152635983263598,0.63,3174120.0,overlap_rate,0.5,60.0,420.0,420.0,,,,
SWEEP_overlap_rate_0.5,33,random,L3a_联邦LR,federated_logistic,11957.0,3588.0,0.8111467889908257,0.5201146788990825,6.815195530726257,0.34,4.81072625698324,0.48,3.152635983263598,0.63,6695200.0,overlap_rate,0.5,400.0,,,,,,
SWEEP_overlap_rate_0.5,33,random,L3b_纵向GBDT,vertical_gbdt,11957.0,3588.0,0.8077408256880734,0.509151376146789,5.412067039106145,0.27,4.309608938547486,0.43,3.152635983263598,0.63,3174120.0,overlap_rate,0.5,60.0,420.0,420.0,,,,
SWEEP_overlap_rate_0.5,33,random,L3c_SplitNN_形态A双向,splitnn,11957.0,3588.0,0.7946100917431193,0.45607798165137614,5.812960893854749,0.29,4.710502793296089,0.47,3.1025941422594143,0.62,786432.0,overlap_rate,0.5,384.0,,,1.0,,,
SWEEP_overlap_rate_0.5,33,random,L3c_SplitNN_形态B自监督,splitnn,11957.0,3588.0,0.7412872706422018,0.3735206422018349,5.011173184357542,0.25,3.307374301675978,0.33,2.6522175732217574,0.53,393216.0,overlap_rate,0.5,384.0,,,0.0,,,
SWEEP_overlap_rate_0.5,33,random,L3c_SplitNN_形态B随机,splitnn,11957.0,3588.0,0.7642832568807338,0.3879357798165137,4.610279329608939,0.23,4.109162011173185,0.41,2.5521338912133893,0.51,393216.0,overlap_rate,0.5,384.0,,,0.0,,,
SWEEP_overlap_rate_0.5,33,random,L0_内地单方_UPLIFT,t_learner,11957.0,3588.0,,,,,,,,,,overlap_rate,0.5,,,,,0.007854891181087845,0.08762579552936013,
SWEEP_overlap_rate_0.5,33,random,L1_加k匿名统计_UPLIFT,t_learner,11957.0,3588.0,,,,,,,,,,overlap_rate,0.5,,,,,0.008433722683073165,0.07539384846211554,
SWEEP_overlap_rate_0.5,33,random,L2_加粗粒度标记_UPLIFT,t_learner,11957.0,3588.0,,,,,,,,,,overlap_rate,0.5,,,,,0.007476538881762674,0.04796689343825439,
SWEEP_overlap_rate_0.5,33,random,L4_集中式_UPLIFT,t_learner,11957.0,3588.0,,,,,,,,,,overlap_rate,0.5,,,,,0.009516101090476351,0.09138576779026217,
SWEEP_overlap_rate_0.5,33,random,OVERLAP_L1_vs_L3a_联邦LR,top_k_overlap,,,,,,,,,,,,overlap_rate,0.5,,,,,,,0.4329608938547486
SWEEP_overlap_rate_0.5,33,random,OVERLAP_L1_vs_L3b_纵向GBDT,top_k_overlap,,,,,,,,,,,,overlap_rate,0.5,,,,,,,0.35195530726256985
SWEEP_overlap_rate_0.5,33,random,OVERLAP_L1_vs_L3c_SplitNN_形态A双向,top_k_overlap,,,,,,,,,,,,overlap_rate,0.5,,,,,,,0.3575418994413408
SWEEP_overlap_rate_0.5,44,random,L0_内地单方_LR,logistic,12195.0,3659.0,0.7111350188273265,0.3325290094520864,3.838111888111888,0.19090909090909092,2.733997509339975,0.2727272727272727,2.3207188160676533,0.4636363636363636,0.0,overlap_rate,0.5,,,,,,,
SWEEP_overlap_rate_0.5,44,random,L1_加k匿名统计_LR,logistic,12195.0,3659.0,0.7145239376008607,0.3388611388611389,4.020879120879121,0.2,2.642864259028643,0.2636363636363636,2.502735978112175,0.5,384.0,overlap_rate,0.5,,,,,,,
SWEEP_overlap_rate_0.5,44,random,L2_加粗粒度标记_LR,logistic,12195.0,3659.0,0.7128563743948358,0.34417121340198265,4.020879120879121,0.2,2.733997509339975,0.2727272727272727,2.275214525556523,0.45454545454545453,0.0,overlap_rate,0.5,,,,,,,
SWEEP_overlap_rate_0.5,44,random,L4_集中式_LR,logistic,12195.0,3659.0,0.8288531980839673,0.5385921770537154,6.762387612387612,0.33636363636363636,4.921195516811955,0.4909090909090909,3.3673174978236537,0.6727272727272727,0.0,overlap_rate,0.5,,,,,,,
SWEEP_overlap_rate_0.5,44,random,L0_内地单方_GBDT,gbdt,12195.0,3659.0,0.6852634544942238,0.29847844463229073,3.6553446553446554,0.18181818181818182,2.4605977584059775,0.24545454545454545,2.093197363512001,0.41818181818181815,0.0,overlap_rate,0.5,60.0,0.0,0.0,,,,
SWEEP_overlap_rate_0.5,44,random,L4_集中式_GBDT,gbdt,12195.0,3659.0,0.8075309306078537,0.48825789595020364,4.751948051948052,0.23636363636363636,4.192129514321295,0.41818181818181815,3.185300335779132,0.6363636363636364,3234240.0,overlap_rate,0.5,60.0,420.0,420.0,,,,
SWEEP_overlap_rate_0.5,44,random,L3a_联邦LR,federated_logistic,12195.0,3659.0,0.8288455134608981,0.5360562514408669,6.762387612387612,0.33636363636363636,4.830062266500622,0.4818181818181818,3.3218132073125233,0.6636363636363637,6828800.0,overlap_rate,0.5,400.0,,,,,,
SWEEP_overlap_rate_0.5,44,random,L3b_纵向GBDT,vertical_gbdt,12195.0,3659.0,0.8075309306078537,0.48825789595020364,4.751948051948052,0.23636363636363636,4.192129514321295,0.41818181818181815,3.185300335779132,0.6363636363636364,3234240.0,overlap_rate,0.5,60.0,420.0,420.0,,,,
SWEEP_overlap_rate_0.5,44,random,L3c_SplitNN_形态A双向,splitnn,12195.0,3659.0,0.821563052332283,0.5205153820538435,4.569180819180819,0.22727272727272727,4.73892901618929,0.4727272727272727,3.4128217883347842,0.6818181818181818,811008.0,overlap_rate,0.5,396.0,,,1.0,,,
SWEEP_overlap_rate_0.5,44,random,L3c_SplitNN_形态B自监督,splitnn,12195.0,3659.0,0.7949691334306719,0.4439919055303671,5.300249750249749,0.2636363636363636,4.556662515566625,0.45454545454545453,3.00328317373461,0.6,405504.0,overlap_rate,0.5,396.0,,,0.0,,,
SWEEP_overlap_rate_0.5,44,random,L3c_SplitNN_形态B随机,splitnn,12195.0,3659.0,0.7570199031737495,0.3875637183329491,4.569180819180819,0.22727272727272727,3.463063511830635,0.34545454545454546,2.5482402686233057,0.509090909090909,405504.0,overlap_rate,0.5,396.0,,,0.0,,,
SWEEP_overlap_rate_0.5,44,random,L0_内地单方_UPLIFT,t_learner,12195.0,3659.0,,,,,,,,,,overlap_rate,0.5,,,,,0.005812269102734132,0.08286694349160498,
SWEEP_overlap_rate_0.5,44,random,L1_加k匿名统计_UPLIFT,t_learner,12195.0,3659.0,,,,,,,,,,overlap_rate,0.5,,,,,0.005671013705952197,0.08688583815028902,
SWEEP_overlap_rate_0.5,44,random,L2_加粗粒度标记_UPLIFT,t_learner,12195.0,3659.0,,,,,,,,,,overlap_rate,0.5,,,,,0.006019995375186297,0.048381262434436606,
SWEEP_overlap_rate_0.5,44,random,L4_集中式_UPLIFT,t_learner,12195.0,3659.0,,,,,,,,,,overlap_rate,0.5,,,,,0.004612713891330614,0.04128107421520594,
SWEEP_overlap_rate_0.5,44,random,OVERLAP_L1_vs_L3a_联邦LR,top_k_overlap,,,,,,,,,,,,overlap_rate,0.5,,,,,,,0.4602739726027397
SWEEP_overlap_rate_0.5,44,random,OVERLAP_L1_vs_L3b_纵向GBDT,top_k_overlap,,,,,,,,,,,,overlap_rate,0.5,,,,,,,0.40273972602739727
SWEEP_overlap_rate_0.5,44,random,OVERLAP_L1_vs_L3c_SplitNN_形态A双向,top_k_overlap,,,,,,,,,,,,overlap_rate,0.5,,,,,,,0.4438356164383562
SWEEP_overlap_rate_0.5,55,random,L0_内地单方_LR,logistic,11892.0,3568.0,0.720913524094,0.3316588031635043,4.12690019828156,0.20588235294117646,3.53734302709848,0.35294117647058826,2.5021037868162694,0.5,0.0,overlap_rate,0.5,,,,,,,
SWEEP_overlap_rate_0.5,55,random,L1_加k匿名统计_LR,logistic,11892.0,3568.0,0.715428872068158,0.32651641152710364,3.7338620841595067,0.18627450980392157,3.3408239700374533,0.3333333333333333,2.4039820696862195,0.4803921568627451,384.0,overlap_rate,0.5,,,,,,,
SWEEP_overlap_rate_0.5,55,random,L2_加粗粒度标记_LR,logistic,11892.0,3568.0,0.7263161467703065,0.36430082708213113,4.12690019828156,0.20588235294117646,3.1443049129764264,0.3137254901960784,2.551164645381294,0.5098039215686274,0.0,overlap_rate,0.5,,,,,,,
SWEEP_overlap_rate_0.5,55,random,L4_集中式_LR,logistic,11892.0,3568.0,0.7800368849213084,0.45023929941278307,4.912976426525667,0.24509803921568626,3.930381141220533,0.39215686274509803,2.992712372466518,0.5980392156862745,0.0,overlap_rate,0.5,,,,,,,
SWEEP_overlap_rate_0.5,55,random,L0_内地单方_GBDT,gbdt,11892.0,3568.0,0.6922598237217565,0.3000577034045009,3.3408239700374533,0.16666666666666666,2.751266798854373,0.27450980392156865,2.354921211121195,0.47058823529411764,0.0,overlap_rate,0.5,60.0,0.0,0.0,,,,
SWEEP_overlap_rate_0.5,55,random,L4_集中式_GBDT,gbdt,11892.0,3568.0,0.7264094905128814,0.424578255999457,4.3234192553425865,0.21568627450980393,2.6530072703238603,0.2647058823529412,2.4039820696862195,0.4803921568627451,3147600.0,overlap_rate,0.5,60.0,404.0,404.0,,,,
SWEEP_overlap_rate_0.5,55,random,L3a_联邦LR,federated_logistic,11892.0,3568.0,0.7797370535057648,0.45108787889073687,4.912976426525667,0.24509803921568626,3.930381141220533,0.39215686274509803,2.992712372466518,0.5980392156862745,6659200.0,overlap_rate,0.5,400.0,,,,,,
SWEEP_overlap_rate_0.5,55,random,L3b_纵向GBDT,vertical_gbdt,11892.0,3568.0,0.7264094905128814,0.424578255999457,4.3234192553425865,0.21568627450980393,2.6530072703238603,0.2647058823529412,2.4039820696862195,0.4803921568627451,3147600.0,overlap_rate,0.5,60.0,404.0,404.0,,,,
SWEEP_overlap_rate_0.5,55,random,L3c_SplitNN_形态A双向,splitnn,11892.0,3568.0,0.762666463007592,0.44065600850842357,4.519938312403614,0.22549019607843138,3.4390834985679666,0.3431372549019608,2.894590655336468,0.5784313725490197,786432.0,overlap_rate,0.5,384.0,,,1.0,,,
SWEEP_overlap_rate_0.5,55,random,L3c_SplitNN_形态B自监督,splitnn,11892.0,3568.0,0.7430218480929591,0.3913535408393017,4.3234192553425865,0.21568627450980393,3.24256444150694,0.3235294117647059,2.600225503946319,0.5196078431372549,393216.0,overlap_rate,0.5,384.0,,,0.0,,,
SWEEP_overlap_rate_0.5,55,random,L3c_SplitNN_形态B随机,splitnn,11892.0,3568.0,0.7473552606270436,0.3957774685177014,4.7164573694646394,0.23529411764705882,3.7338620841595067,0.37254901960784315,2.600225503946319,0.5196078431372549,393216.0,overlap_rate,0.5,384.0,,,0.0,,,
SWEEP_overlap_rate_0.5,55,random,L0_内地单方_UPLIFT,t_learner,11892.0,3568.0,,,,,,,,,,overlap_rate,0.5,,,,,0.0067586019528195485,0.06402525651144435,
SWEEP_overlap_rate_0.5,55,random,L1_加k匿名统计_UPLIFT,t_learner,11892.0,3568.0,,,,,,,,,,overlap_rate,0.5,,,,,0.006465089647016458,0.04688239936858721,
SWEEP_overlap_rate_0.5,55,random,L2_加粗粒度标记_UPLIFT,t_learner,11892.0,3568.0,,,,,,,,,,overlap_rate,0.5,,,,,0.007689093459131157,0.03353543008715422,
SWEEP_overlap_rate_0.5,55,random,L4_集中式_UPLIFT,t_learner,11892.0,3568.0,,,,,,,,,,overlap_rate,0.5,,,,,0.007631704064754964,0.07477195972603605,
SWEEP_overlap_rate_0.5,55,random,OVERLAP_L1_vs_L3a_联邦LR,top_k_overlap,,,,,,,,,,,,overlap_rate,0.5,,,,,,,0.5168539325842697
SWEEP_overlap_rate_0.5,55,random,OVERLAP_L1_vs_L3b_纵向GBDT,top_k_overlap,,,,,,,,,,,,overlap_rate,0.5,,,,,,,0.4241573033707865
SWEEP_overlap_rate_0.5,55,random,OVERLAP_L1_vs_L3c_SplitNN_形态A双向,top_k_overlap,,,,,,,,,,,,overlap_rate,0.5,,,,,,,0.4044943820224719
SWEEP_redundancy_0.0,11,random,L0_内地单方_LR,logistic,7236.0,2171.0,0.7474640472521829,0.3944369542886492,5.451349654739485,0.2711864406779661,3.5609622744669216,0.3559322033898305,2.628329297820823,0.5254237288135594,0.0,redundancy,0.0,,,,,,,
SWEEP_redundancy_0.0,11,random,L1_加k匿名统计_LR,logistic,7236.0,2171.0,0.740104969183359,0.3682107087827427,5.110640301318267,0.2542372881355932,3.7305319065843943,0.3728813559322034,2.5435444817620874,0.5084745762711864,384.0,redundancy,0.0,,,,,,,
SWEEP_redundancy_0.0,11,random,L2_加粗粒度标记_LR,logistic,7236.0,2171.0,0.7376492681047767,0.42786979969183364,5.451349654739485,0.2711864406779661,3.7305319065843943,0.3728813559322034,2.5435444817620874,0.5084745762711864,0.0,redundancy,0.0,,,,,,,
SWEEP_redundancy_0.0,11,random,L4_集中式_LR,logistic,7236.0,2171.0,0.7428094504365692,0.3969087057010785,5.792059008160703,0.288135593220339,3.9001015387018665,0.3898305084745763,2.458759665703351,0.4915254237288136,0.0,redundancy,0.0,,,,,,,
SWEEP_redundancy_0.0,11,random,L0_内地单方_GBDT,gbdt,7236.0,2171.0,0.6972626155624037,0.3170663199794556,5.110640301318267,0.2542372881355932,3.2218230102319767,0.3220338983050847,2.204405217527142,0.4406779661016949,0.0,redundancy,0.0,60.0,0.0,0.0,,,,
SWEEP_redundancy_0.0,11,random,L4_集中式_GBDT,gbdt,7236.0,2171.0,0.7136941448382126,0.3753932331792501,4.429221594475831,0.22033898305084745,3.2218230102319767,0.3220338983050847,2.289190033585878,0.4576271186440678,1984680.0,redundancy,0.0,60.0,420.0,420.0,,,,
SWEEP_redundancy_0.0,11,random,L3a_联邦LR,federated_logistic,7236.0,2171.0,0.7428014252696457,0.4002230996404725,5.792059008160703,0.288135593220339,3.7305319065843943,0.3728813559322034,2.458759665703351,0.4915254237288136,4052000.0,redundancy,0.0,400.0,,,,,,
SWEEP_redundancy_0.0,11,random,L3b_纵向GBDT,vertical_gbdt,7236.0,2171.0,0.7136941448382126,0.3753932331792501,4.429221594475831,0.22033898305084745,3.2218230102319767,0.3220338983050847,2.289190033585878,0.4576271186440678,1984680.0,redundancy,0.0,60.0,420.0,420.0,,,,
SWEEP_redundancy_0.0,11,random,L3c_SplitNN_形态A双向,splitnn,7236.0,2171.0,0.7094809322033898,0.3561007318952234,3.7478028876333958,0.1864406779661017,3.0522533781145045,0.3050847457627119,2.5435444817620874,0.5084745762711864,466944.0,redundancy,0.0,228.0,,,1.0,,,
SWEEP_redundancy_0.0,11,random,L3c_SplitNN_形态B自监督,splitnn,7236.0,2171.0,0.6874598741653828,0.29104070364663587,2.7256748273697426,0.13559322033898305,2.7131141138795596,0.2711864406779661,2.204405217527142,0.4406779661016949,233472.0,redundancy,0.0,228.0,,,0.0,,,
SWEEP_redundancy_0.0,11,random,L3c_SplitNN_形态B随机,splitnn,7236.0,2171.0,0.6917051874678993,0.35078807139188495,4.769930947897049,0.23728813559322035,2.882683745997032,0.288135593220339,2.289190033585878,0.4576271186440678,233472.0,redundancy,0.0,228.0,,,0.0,,,
SWEEP_redundancy_0.0,11,random,L0_内地单方_UPLIFT,t_learner,7236.0,2171.0,,,,,,,,,,redundancy,0.0,,,,,0.0038813666026482597,0.028785556123318012,
SWEEP_redundancy_0.0,11,random,L1_加k匿名统计_UPLIFT,t_learner,7236.0,2171.0,,,,,,,,,,redundancy,0.0,,,,,0.003842839543681772,0.011384876805437552,
SWEEP_redundancy_0.0,11,random,L2_加粗粒度标记_UPLIFT,t_learner,7236.0,2171.0,,,,,,,,,,redundancy,0.0,,,,,0.004150317999449831,0.023117457079721238,
SWEEP_redundancy_0.0,11,random,L4_集中式_UPLIFT,t_learner,7236.0,2171.0,,,,,,,,,,redundancy,0.0,,,,,0.0050650035474484765,0.06822429906542055,
SWEEP_redundancy_0.0,11,random,OVERLAP_L1_vs_L3a_联邦LR,top_k_overlap,,,,,,,,,,,,redundancy,0.0,,,,,,,0.511520737327189
SWEEP_redundancy_0.0,11,random,OVERLAP_L1_vs_L3b_纵向GBDT,top_k_overlap,,,,,,,,,,,,redundancy,0.0,,,,,,,0.391705069124424
SWEEP_redundancy_0.0,11,random,OVERLAP_L1_vs_L3c_SplitNN_形态A双向,top_k_overlap,,,,,,,,,,,,redundancy,0.0,,,,,,,0.4930875576036866
SWEEP_redundancy_0.0,22,random,L0_内地单方_LR,logistic,7169.0,2151.0,0.7149894223196774,0.33223953427322844,2.269671389810069,0.11290322580645161,3.0659414853713427,0.3064516129032258,2.3397974493623406,0.46774193548387094,0.0,redundancy,0.0,,,,,,,
SWEEP_redundancy_0.0,22,random,L1_加k匿名统计_LR,logistic,7169.0,2151.0,0.7151052363378063,0.33430102379592025,2.593910159782936,0.12903225806451613,3.2273068267066765,0.3225806451612903,2.4204801200300072,0.4838709677419355,384.0,redundancy,0.0,,,,,,,
SWEEP_redundancy_0.0,22,random,L2_加粗粒度标记_LR,logistic,7169.0,2151.0,0.719498448092157,0.3415200975926126,2.593910159782936,0.12903225806451613,2.904576144036009,0.2903225806451613,2.4204801200300072,0.4838709677419355,0.0,redundancy,0.0,,,,,,,
SWEEP_redundancy_0.0,22,random,L4_集中式_LR,logistic,7169.0,2151.0,0.7761932704334532,0.4333992186414244,4.863581549593005,0.24193548387096775,3.2273068267066765,0.3225806451612903,2.8238934733683423,0.5645161290322581,0.0,redundancy,0.0,,,,,,,
SWEEP_redundancy_0.0,22,random,L0_内地单方_GBDT,gbdt,7169.0,2151.0,0.6516970614123133,0.23451566577618554,2.918148929755803,0.14516129032258066,2.2591147786946735,0.22580645161290322,1.694336084021005,0.3387096774193548,0.0,redundancy,0.0,60.0,0.0,0.0,,,,
SWEEP_redundancy_0.0,22,random,L4_集中式_GBDT,gbdt,7169.0,2151.0,0.7178616099692707,0.3746583486465202,3.24238769972867,0.16129032258064516,2.904576144036009,0.2903225806451613,2.6625281320330085,0.532258064516129,1959104.0,redundancy,0.0,60.0,404.0,404.0,,,,
SWEEP_redundancy_0.0,22,random,L3a_联邦LR,federated_logistic,7169.0,2151.0,0.7756450840809772,0.4276548433422382,4.863581549593005,0.24193548387096775,3.2273068267066765,0.3225806451612903,2.8238934733683423,0.5645161290322581,4014400.0,redundancy,0.0,400.0,,,,,,
SWEEP_redundancy_0.0,22,random,L3b_纵向GBDT,vertical_gbdt,7169.0,2151.0,0.7178616099692707,0.3746583486465202,3.24238769972867,0.16129032258064516,2.904576144036009,0.2903225806451613,2.6625281320330085,0.532258064516129,1959104.0,redundancy,0.0,60.0,404.0,404.0,,,,
SWEEP_redundancy_0.0,22,random,L3c_SplitNN_形态A双向,splitnn,7169.0,2151.0,0.763098565450362,0.4466560632498958,3.5666264697015375,0.1774193548387097,3.0659414853713427,0.3064516129032258,2.581845461365341,0.5161290322580645,466944.0,redundancy,0.0,228.0,,,1.0,,,
SWEEP_redundancy_0.0,22,random,L3c_SplitNN_形态B自监督,splitnn,7169.0,2151.0,0.6865841041399652,0.3425160981485199,3.24238769972867,0.16129032258064516,2.581845461365341,0.25806451612903225,2.2591147786946735,0.45161290322580644,233472.0,redundancy,0.0,228.0,,,0.0,,,
SWEEP_redundancy_0.0,22,random,L3c_SplitNN_形态B随机,splitnn,7169.0,2151.0,0.6948763878379839,0.31920659676647267,2.918148929755803,0.14516129032258066,3.38867216804201,0.3387096774193548,2.178432108027007,0.43548387096774194,233472.0,redundancy,0.0,228.0,,,0.0,,,
SWEEP_redundancy_0.0,22,random,L0_内地单方_UPLIFT,t_learner,7169.0,2151.0,,,,,,,,,,redundancy,0.0,,,,,0.0046210700497505116,-0.006521739130434787,
SWEEP_redundancy_0.0,22,random,L1_加k匿名统计_UPLIFT,t_learner,7169.0,2151.0,,,,,,,,,,redundancy,0.0,,,,,0.005781431181254223,0.01767188324248286,
SWEEP_redundancy_0.0,22,random,L2_加粗粒度标记_UPLIFT,t_learner,7169.0,2151.0,,,,,,,,,,redundancy,0.0,,,,,0.005903333447026667,-0.003030303030303036,
SWEEP_redundancy_0.0,22,random,L4_集中式_UPLIFT,t_learner,7169.0,2151.0,,,,,,,,,,redundancy,0.0,,,,,0.007587398867252036,0.07194570135746607,
SWEEP_redundancy_0.0,22,random,OVERLAP_L1_vs_L3a_联邦LR,top_k_overlap,,,,,,,,,,,,redundancy,0.0,,,,,,,0.4744186046511628
SWEEP_redundancy_0.0,22,random,OVERLAP_L1_vs_L3b_纵向GBDT,top_k_overlap,,,,,,,,,,,,redundancy,0.0,,,,,,,0.413953488372093
SWEEP_redundancy_0.0,22,random,OVERLAP_L1_vs_L3c_SplitNN_形态A双向,top_k_overlap,,,,,,,,,,,,redundancy,0.0,,,,,,,0.4790697674418605
SWEEP_redundancy_0.0,33,random,L0_内地单方_LR,logistic,7289.0,2187.0,0.7172555248831793,0.4185339975016578,3.6181380658745677,0.18032786885245902,2.7958339599939843,0.2786885245901639,2.6253516899876206,0.5245901639344263,0.0,redundancy,0.0,,,,,,,
SWEEP_redundancy_0.0,33,random,L1_加k匿名统计_LR,logistic,7289.0,2187.0,0.7116650987770461,0.4260598676803973,3.2892164235223342,0.16393442622950818,2.7958339599939843,0.2786885245901639,2.461267209363394,0.4918032786885246,384.0,redundancy,0.0,,,,,,,
SWEEP_redundancy_0.0,33,random,L2_加粗粒度标记_LR,logistic,7289.0,2187.0,0.7210184599725491,0.41839520071557457,3.6181380658745677,0.18032786885245902,2.7958339599939843,0.2786885245901639,2.6253516899876206,0.5245901639344263,0.0,redundancy,0.0,,,,,,,
SWEEP_redundancy_0.0,33,random,L4_集中式_LR,logistic,7289.0,2187.0,0.7800148049905156,0.4735669231836898,5.262746277635735,0.26229508196721313,4.769363814107384,0.47540983606557374,3.0355628915481865,0.6065573770491803,0.0,redundancy,0.0,,,,,,,
SWEEP_redundancy_0.0,33,random,L0_内地单方_GBDT,gbdt,7289.0,2187.0,0.6783191709205311,0.3291797109942476,3.2892164235223342,0.16393442622950818,3.1247556023462177,0.3114754098360656,2.2151404884270547,0.4426229508196721,0.0,redundancy,0.0,60.0,0.0,0.0,,,,
SWEEP_redundancy_0.0,33,random,L4_集中式_GBDT,gbdt,7289.0,2187.0,0.7571904446123715,0.42592107089431397,5.262746277635735,0.26229508196721313,4.440442171755151,0.4426229508196721,2.87147841092396,0.5737704918032787,1998000.0,redundancy,0.0,60.0,420.0,420.0,,,,
SWEEP_redundancy_0.0,33,random,L3a_联邦LR,federated_logistic,7289.0,2187.0,0.7800533596533165,0.47450765695603225,5.262746277635735,0.26229508196721313,4.769363814107384,0.47540983606557374,3.0355628915481865,0.6065573770491803,4081600.0,redundancy,0.0,400.0,,,,,,
SWEEP_redundancy_0.0,33,random,L3b_纵向GBDT,vertical_gbdt,7289.0,2187.0,0.7571904446123715,0.42592107089431397,5.262746277635735,0.26229508196721313,4.440442171755151,0.4426229508196721,2.87147841092396,0.5737704918032787,1998000.0,redundancy,0.0,60.0,420.0,420.0,,,,
SWEEP_redundancy_0.0,33,random,L3c_SplitNN_形态A双向,splitnn,7289.0,2187.0,0.7555557269096126,0.4158351711055935,4.275981350579035,0.21311475409836064,3.6181380658745677,0.36065573770491804,2.707393930299734,0.5409836065573771,466944.0,redundancy,0.0,228.0,,,1.0,,,
SWEEP_redundancy_0.0,33,random,L3c_SplitNN_形态B自监督,splitnn,7289.0,2187.0,0.7432182348133184,0.3989867834615919,5.262746277635735,0.26229508196721313,3.2892164235223342,0.32786885245901637,2.7894361706118467,0.5573770491803278,233472.0,redundancy,0.0,228.0,,,0.0,,,
SWEEP_redundancy_0.0,33,random,L3c_SplitNN_形态B随机,splitnn,7289.0,2187.0,0.7169393766482118,0.36175840106102425,3.6181380658745677,0.18032786885245902,3.1247556023462177,0.3114754098360656,2.543309449675507,0.5081967213114754,233472.0,redundancy,0.0,228.0,,,0.0,,,
SWEEP_redundancy_0.0,33,random,L0_内地单方_UPLIFT,t_learner,7289.0,2187.0,,,,,,,,,,redundancy,0.0,,,,,0.007716195974750254,0.050677966101694914,
SWEEP_redundancy_0.0,33,random,L1_加k匿名统计_UPLIFT,t_learner,7289.0,2187.0,,,,,,,,,,redundancy,0.0,,,,,0.0068396790602590655,0.056734006734006734,
SWEEP_redundancy_0.0,33,random,L2_加粗粒度标记_UPLIFT,t_learner,7289.0,2187.0,,,,,,,,,,redundancy,0.0,,,,,0.006592916506269052,0.045871559633027525,
SWEEP_redundancy_0.0,33,random,L4_集中式_UPLIFT,t_learner,7289.0,2187.0,,,,,,,,,,redundancy,0.0,,,,,0.011513640601067554,0.18792172739541158,
SWEEP_redundancy_0.0,33,random,OVERLAP_L1_vs_L3a_联邦LR,top_k_overlap,,,,,,,,,,,,redundancy,0.0,,,,,,,0.5412844036697247
SWEEP_redundancy_0.0,33,random,OVERLAP_L1_vs_L3b_纵向GBDT,top_k_overlap,,,,,,,,,,,,redundancy,0.0,,,,,,,0.5
SWEEP_redundancy_0.0,33,random,OVERLAP_L1_vs_L3c_SplitNN_形态A双向,top_k_overlap,,,,,,,,,,,,redundancy,0.0,,,,,,,0.46788990825688076
SWEEP_redundancy_0.0,44,random,L0_内地单方_LR,logistic,7289.0,2187.0,0.7177063480896894,0.36180146071296093,4.067071658814778,0.20270270270270271,3.1180882717579967,0.3108108108108108,2.2994000865854414,0.4594594594594595,0.0,redundancy,0.0,,,,,,,
SWEEP_redundancy_0.0,44,random,L1_加k匿名统计_LR,logistic,7289.0,2187.0,0.7098463821133012,0.3526496207518451,2.982519216464171,0.14864864864864866,3.3892263823456488,0.33783783783783783,2.367029500896778,0.47297297297297297,384.0,redundancy,0.0,,,,,,,
SWEEP_redundancy_0.0,44,random,L2_加粗粒度标记_LR,logistic,7289.0,2187.0,0.717808674741945,0.3663741829856359,3.7959335482271266,0.1891891891891892,3.3892263823456488,0.33783783783783783,2.367029500896778,0.47297297297297297,0.0,redundancy,0.0,,,,,,,
SWEEP_redundancy_0.0,44,random,L4_集中式_LR,logistic,7289.0,2187.0,0.7767999897673348,0.46780547703406195,5.422762211753038,0.2702702702702703,3.5247954376394746,0.35135135135135137,2.8404354010761335,0.5675675675675675,0.0,redundancy,0.0,,,,,,,
SWEEP_redundancy_0.0,44,random,L0_内地单方_GBDT,gbdt,7289.0,2187.0,0.6751640424143974,0.28875941724971543,4.338209769402431,0.21621621621621623,2.304673939995041,0.22972972972972974,2.231770672274105,0.44594594594594594,0.0,redundancy,0.0,60.0,0.0,0.0,,,,
SWEEP_redundancy_0.0,44,random,L4_集中式_GBDT,gbdt,7289.0,2187.0,0.7260715519115897,0.3895639605530756,4.880485990577734,0.24324324324324326,2.982519216464171,0.2972972972972973,2.367029500896778,0.47297297297297297,1991924.0,redundancy,0.0,60.0,410.0,410.0,,,,
SWEEP_redundancy_0.0,44,random,L3a_联邦LR,federated_logistic,7289.0,2187.0,0.7768255714303987,0.46780547703406195,5.422762211753038,0.2702702702702703,3.5247954376394746,0.35135135135135137,2.8404354010761335,0.5675675675675675,4081600.0,redundancy,0.0,400.0,,,,,,
SWEEP_redundancy_0.0,44,random,L3b_纵向GBDT,vertical_gbdt,7289.0,2187.0,0.7260715519115897,0.3895639605530756,4.880485990577734,0.24324324324324326,2.982519216464171,0.2972972972972973,2.367029500896778,0.47297297297297297,1991924.0,redundancy,0.0,60.0,410.0,410.0,,,,
SWEEP_redundancy_0.0,44,random,L3c_SplitNN_形态A双向,splitnn,7289.0,2187.0,0.748500275002878,0.46685895550069706,4.067071658814778,0.20270270270270271,3.1180882717579967,0.3108108108108108,2.637547158142124,0.527027027027027,466944.0,redundancy,0.0,228.0,,,1.0,,,
SWEEP_redundancy_0.0,44,random,L3c_SplitNN_形态B自监督,splitnn,7289.0,2187.0,0.6914979342807076,0.3655299881045267,4.338209769402431,0.21621621621621623,2.8469501611703447,0.28378378378378377,2.1641412579627683,0.43243243243243246,233472.0,redundancy,0.0,228.0,,,0.0,,,
SWEEP_redundancy_0.0,44,random,L3c_SplitNN_形态B随机,splitnn,7289.0,2187.0,0.7080428748672951,0.38235632698481725,3.5247954376394746,0.17567567567567569,2.304673939995041,0.22972972972972974,2.2994000865854414,0.4594594594594595,233472.0,redundancy,0.0,228.0,,,0.0,,,
SWEEP_redundancy_0.0,44,random,L0_内地单方_UPLIFT,t_learner,7289.0,2187.0,,,,,,,,,,redundancy,0.0,,,,,0.0027476038715242537,-0.0006734006734006731,
SWEEP_redundancy_0.0,44,random,L1_加k匿名统计_UPLIFT,t_learner,7289.0,2187.0,,,,,,,,,,redundancy,0.0,,,,,0.00040109513156994837,-0.0026171380329252855,
SWEEP_redundancy_0.0,44,random,L2_加粗粒度标记_UPLIFT,t_learner,7289.0,2187.0,,,,,,,,,,redundancy,0.0,,,,,0.0036377681348225394,0.012220817530552042,
SWEEP_redundancy_0.0,44,random,L4_集中式_UPLIFT,t_learner,7289.0,2187.0,,,,,,,,,,redundancy,0.0,,,,,0.006818825193696065,0.11734006734006734,
SWEEP_redundancy_0.0,44,random,OVERLAP_L1_vs_L3a_联邦LR,top_k_overlap,,,,,,,,,,,,redundancy,0.0,,,,,,,0.5275229357798165
SWEEP_redundancy_0.0,44,random,OVERLAP_L1_vs_L3b_纵向GBDT,top_k_overlap,,,,,,,,,,,,redundancy,0.0,,,,,,,0.4541284403669725
SWEEP_redundancy_0.0,44,random,OVERLAP_L1_vs_L3c_SplitNN_形态A双向,top_k_overlap,,,,,,,,,,,,redundancy,0.0,,,,,,,0.44495412844036697
SWEEP_redundancy_0.0,55,random,L0_内地单方_LR,logistic,7121.0,2137.0,0.7501186266856469,0.40173118427698945,3.5200658879904165,0.1746031746031746,3.344287949921753,0.3333333333333333,2.859819337571094,0.5714285714285714,0.0,redundancy,0.0,,,,,,,
SWEEP_redundancy_0.0,55,random,L1_加k匿名统计_LR,logistic,7121.0,2137.0,0.7500344400055103,0.4079992652798824,3.840071877807727,0.19047619047619047,3.344287949921753,0.3333333333333333,2.7803799115274526,0.5555555555555556,384.0,redundancy,0.0,,,,,,,
SWEEP_redundancy_0.0,55,random,L2_加粗粒度标记_LR,logistic,7121.0,2137.0,0.7605118550152301,0.43920191027230565,4.480083857442348,0.2222222222222222,3.662791564200015,0.36507936507936506,3.0981376157020186,0.6190476190476191,0.0,redundancy,0.0,,,,,,,
SWEEP_redundancy_0.0,55,random,L4_集中式_LR,logistic,7121.0,2137.0,0.7890587929160735,0.49056343849015016,5.120095837076969,0.25396825396825395,4.2997987927565395,0.42857142857142855,2.9392587636147356,0.5873015873015873,0.0,redundancy,0.0,,,,,,,
SWEEP_redundancy_0.0,55,random,L0_内地单方_GBDT,gbdt,7121.0,2137.0,0.7346741975478716,0.41920374707259955,3.840071877807727,0.19047619047619047,3.0257843356434906,0.30158730158730157,2.7803799115274526,0.5555555555555556,0.0,redundancy,0.0,60.0,0.0,0.0,,,,
SWEEP_redundancy_0.0,55,random,L4_集中式_GBDT,gbdt,7121.0,2137.0,0.7567617210818753,0.4423091641027995,4.800089847259659,0.23809523809523808,3.822043371339146,0.38095238095238093,2.700940485483811,0.5396825396825397,1955520.0,redundancy,0.0,60.0,420.0,420.0,,,,
SWEEP_redundancy_0.0,55,random,L3a_联邦LR,federated_logistic,7121.0,2137.0,0.7890664462506314,0.4914512252988627,5.120095837076969,0.25396825396825395,4.2997987927565395,0.42857142857142855,2.9392587636147356,0.5873015873015873,3987200.0,redundancy,0.0,400.0,,,,,,
SWEEP_redundancy_0.0,55,random,L3b_纵向GBDT,vertical_gbdt,7121.0,2137.0,0.7567617210818753,0.4423091641027995,4.800089847259659,0.23809523809523808,3.822043371339146,0.38095238095238093,2.700940485483811,0.5396825396825397,1955520.0,redundancy,0.0,60.0,420.0,420.0,,,,
SWEEP_redundancy_0.0,55,random,L3c_SplitNN_形态A双向,splitnn,7121.0,2137.0,0.7876658860265418,0.48829039812646363,4.480083857442348,0.2222222222222222,3.344287949921753,0.3333333333333333,2.9392587636147356,0.5873015873015873,466944.0,redundancy,0.0,228.0,,,1.0,,,
SWEEP_redundancy_0.0,55,random,L3c_SplitNN_形态B自监督,splitnn,7121.0,2137.0,0.7598842815814851,0.4393779369671366,4.480083857442348,0.2222222222222222,3.503539757060884,0.3492063492063492,3.018698189658377,0.6031746031746031,233472.0,redundancy,0.0,228.0,,,0.0,,,
SWEEP_redundancy_0.0,55,random,L3c_SplitNN_形态B随机,splitnn,7121.0,2137.0,0.7588510814161729,0.4383370834672667,4.800089847259659,0.23809523809523808,3.503539757060884,0.3492063492063492,2.542061633396528,0.5079365079365079,233472.0,redundancy,0.0,228.0,,,0.0,,,
SWEEP_redundancy_0.0,55,random,L0_内地单方_UPLIFT,t_learner,7121.0,2137.0,,,,,,,,,,redundancy,0.0,,,,,0.008055613177485347,0.04460176991150443,
SWEEP_redundancy_0.0,55,random,L1_加k匿名统计_UPLIFT,t_learner,7121.0,2137.0,,,,,,,,,,redundancy,0.0,,,,,0.008423891254933414,0.0772307145396374,
SWEEP_redundancy_0.0,55,random,L2_加粗粒度标记_UPLIFT,t_learner,7121.0,2137.0,,,,,,,,,,redundancy,0.0,,,,,0.008044135454674944,0.07180710121886594,
SWEEP_redundancy_0.0,55,random,L4_集中式_UPLIFT,t_learner,7121.0,2137.0,,,,,,,,,,redundancy,0.0,,,,,0.00907832836003169,0.16460176991150444,
SWEEP_redundancy_0.0,55,random,OVERLAP_L1_vs_L3a_联邦LR,top_k_overlap,,,,,,,,,,,,redundancy,0.0,,,,,,,0.5633802816901409
SWEEP_redundancy_0.0,55,random,OVERLAP_L1_vs_L3b_纵向GBDT,top_k_overlap,,,,,,,,,,,,redundancy,0.0,,,,,,,0.47417840375586856
SWEEP_redundancy_0.0,55,random,OVERLAP_L1_vs_L3c_SplitNN_形态A双向,top_k_overlap,,,,,,,,,,,,redundancy,0.0,,,,,,,0.48826291079812206
SWEEP_redundancy_0.3,11,random,L0_内地单方_LR,logistic,7236.0,2171.0,0.6562259244992295,0.2446070878274268,2.3849654739485247,0.11864406779661017,2.5435444817620874,0.2542372881355932,1.8652659532921971,0.3728813559322034,0.0,redundancy,0.3,,,,,,,
SWEEP_redundancy_0.3,11,random,L1_加k匿名统计_LR,logistic,7236.0,2171.0,0.6469729070364664,0.2555132896764253,3.06638418079096,0.15254237288135594,2.204405217527142,0.22033898305084745,1.6956963211747247,0.3389830508474576,384.0,redundancy,0.3,,,,,,,
SWEEP_redundancy_0.3,11,random,L2_加粗粒度标记_LR,logistic,7236.0,2171.0,0.6528794298921418,0.23192732408834105,2.7256748273697426,0.13559322033898305,2.03483558540967,0.2033898305084746,1.6956963211747247,0.3389830508474576,0.0,redundancy,0.3,,,,,,,
SWEEP_redundancy_0.3,11,random,L4_集中式_LR,logistic,7236.0,2171.0,0.6869221879815102,0.358355803800719,1.703546767106089,0.0847457627118644,2.204405217527142,0.22033898305084745,1.8652659532921971,0.3728813559322034,0.0,redundancy,0.3,,,,,,,
SWEEP_redundancy_0.3,11,random,L0_内地单方_GBDT,gbdt,7236.0,2171.0,0.5997046738572162,0.18472329224447867,2.7256748273697426,0.13559322033898305,1.8652659532921971,0.1864406779661017,1.6109115051159884,0.3220338983050847,0.0,redundancy,0.3,60.0,0.0,0.0,,,,
SWEEP_redundancy_0.3,11,random,L4_集中式_GBDT,gbdt,7236.0,2171.0,0.656675333846944,0.2974688623523369,2.0442561205273067,0.1016949152542373,2.7131141138795596,0.2711864406779661,1.8652659532921971,0.3728813559322034,1984680.0,redundancy,0.3,60.0,420.0,420.0,,,,
SWEEP_redundancy_0.3,11,random,L3a_联邦LR,federated_logistic,7236.0,2171.0,0.6874598741653826,0.35930277349768874,1.703546767106089,0.0847457627118644,2.204405217527142,0.22033898305084745,1.8652659532921971,0.3728813559322034,4052000.0,redundancy,0.3,400.0,,,,,,
SWEEP_redundancy_0.3,11,random,L3b_纵向GBDT,vertical_gbdt,7236.0,2171.0,0.656675333846944,0.2974688623523369,2.0442561205273067,0.1016949152542373,2.7131141138795596,0.2711864406779661,1.8652659532921971,0.3728813559322034,1984680.0,redundancy,0.3,60.0,420.0,420.0,,,,
SWEEP_redundancy_0.3,11,random,L3c_SplitNN_形态A双向,splitnn,7236.0,2171.0,0.6228011042629688,0.21043592706728298,1.3628374136848713,0.06779661016949153,1.5261266890572522,0.15254237288135594,1.8652659532921971,0.3728813559322034,466944.0,redundancy,0.3,228.0,,,1.0,,,
SWEEP_redundancy_0.3,11,random,L3c_SplitNN_形态B自监督,splitnn,7236.0,2171.0,0.6758314072932717,0.2884004237288136,2.7256748273697426,0.13559322033898305,1.8652659532921971,0.1864406779661017,2.289190033585878,0.4576271186440678,233472.0,redundancy,0.3,228.0,,,0.0,,,
SWEEP_redundancy_0.3,11,random,L3c_SplitNN_形态B随机,splitnn,7236.0,2171.0,0.6466679506933745,0.28497367745249097,2.3849654739485247,0.11864406779661017,2.3739748496446142,0.23728813559322035,1.6956963211747247,0.3389830508474576,233472.0,redundancy,0.3,228.0,,,0.0,,,
SWEEP_redundancy_0.3,11,random,L0_内地单方_UPLIFT,t_learner,7236.0,2171.0,,,,,,,,,,redundancy,0.3,,,,,0.0037417168820200763,-0.006998975759644935,
SWEEP_redundancy_0.3,11,random,L1_加k匿名统计_UPLIFT,t_learner,7236.0,2171.0,,,,,,,,,,redundancy,0.3,,,,,0.0035832950266480373,-0.004166666666666666,
SWEEP_redundancy_0.3,11,random,L2_加粗粒度标记_UPLIFT,t_learner,7236.0,2171.0,,,,,,,,,,redundancy,0.3,,,,,0.004901469396811398,0.06720475785896346,
SWEEP_redundancy_0.3,11,random,L4_集中式_UPLIFT,t_learner,7236.0,2171.0,,,,,,,,,,redundancy,0.3,,,,,0.006508145887099911,0.07468419255718675,
SWEEP_redundancy_0.3,11,random,OVERLAP_L1_vs_L3a_联邦LR,top_k_overlap,,,,,,,,,,,,redundancy,0.3,,,,,,,0.4423963133640553
SWEEP_redundancy_0.3,11,random,OVERLAP_L1_vs_L3b_纵向GBDT,top_k_overlap,,,,,,,,,,,,redundancy,0.3,,,,,,,0.23963133640552994
SWEEP_redundancy_0.3,11,random,OVERLAP_L1_vs_L3c_SplitNN_形态A双向,top_k_overlap,,,,,,,,,,,,redundancy,0.3,,,,,,,0.37327188940092165
SWEEP_redundancy_0.3,22,random,L0_内地单方_LR,logistic,7169.0,2151.0,0.7509458144813848,0.4156410691950154,5.187820319565872,0.25806451612903225,4.195498874718679,0.41935483870967744,2.985258814703676,0.5967741935483871,0.0,redundancy,0.3,,,,,,,
SWEEP_redundancy_0.3,22,random,L1_加k匿名统计_LR,logistic,7169.0,2151.0,0.7505443258852051,0.4023842245865439,4.863581549593005,0.24193548387096775,3.711402850712678,0.3709677419354839,2.8238934733683423,0.5645161290322581,384.0,redundancy,0.3,,,,,,,
SWEEP_redundancy_0.3,22,random,L2_加粗粒度标记_LR,logistic,7169.0,2151.0,0.752876048116864,0.40345743448787047,5.512059089538739,0.27419354838709675,4.195498874718679,0.41935483870967744,2.904576144036009,0.5806451612903226,0.0,redundancy,0.3,,,,,,,
SWEEP_redundancy_0.3,22,random,L4_集中式_LR,logistic,7169.0,2151.0,0.8334980466035609,0.5349912753439676,6.48477539945734,0.3225806451612903,5.163690922730682,0.5161290322580645,3.4693548387096773,0.6935483870967742,0.0,redundancy,0.3,,,,,,,
SWEEP_redundancy_0.3,22,random,L0_内地单方_GBDT,gbdt,7169.0,2151.0,0.7323769669080745,0.3450871693509782,4.863581549593005,0.24193548387096775,3.872768192048012,0.3870967741935484,2.6625281320330085,0.532258064516129,0.0,redundancy,0.3,60.0,0.0,0.0,,,,
SWEEP_redundancy_0.3,22,random,L4_集中式_GBDT,gbdt,7169.0,2151.0,0.7983523525687549,0.5026251177442518,5.187820319565872,0.25806451612903225,4.195498874718679,0.41935483870967744,3.38867216804201,0.6774193548387096,1967760.0,redundancy,0.3,60.0,420.0,420.0,,,,
SWEEP_redundancy_0.3,22,random,L3a_联邦LR,federated_logistic,7169.0,2151.0,0.8334671628653931,0.5388208588767585,6.48477539945734,0.3225806451612903,5.163690922730682,0.5161290322580645,3.4693548387096773,0.6935483870967742,4014400.0,redundancy,0.3,400.0,,,,,,
SWEEP_redundancy_0.3,22,random,L3b_纵向GBDT,vertical_gbdt,7169.0,2151.0,0.7983523525687549,0.5026251177442518,5.187820319565872,0.25806451612903225,4.195498874718679,0.41935483870967744,3.38867216804201,0.6774193548387096,1967760.0,redundancy,0.3,60.0,420.0,420.0,,,,
SWEEP_redundancy_0.3,22,random,L3c_SplitNN_形态A双向,splitnn,7169.0,2151.0,0.8268657638320542,0.5221436402662178,6.160536629484473,0.3064516129032258,5.647786946736685,0.5645161290322581,3.38867216804201,0.6774193548387096,466944.0,redundancy,0.3,228.0,,,1.0,,,
SWEEP_redundancy_0.3,22,random,L3c_SplitNN_形态B自监督,splitnn,7169.0,2151.0,0.7933646288546765,0.46031439645454686,7.457491709375942,0.3709677419354839,4.679594898724681,0.46774193548387094,3.0659414853713427,0.6129032258064516,233472.0,redundancy,0.3,228.0,,,0.0,,,
SWEEP_redundancy_0.3,22,random,L3c_SplitNN_形态B随机,splitnn,7169.0,2151.0,0.7798298306026961,0.4624839790608255,4.539342779620138,0.22580645161290322,4.195498874718679,0.41935483870967744,3.14662415603901,0.6290322580645161,233472.0,redundancy,0.3,228.0,,,0.0,,,
SWEEP_redundancy_0.3,22,random,L0_内地单方_UPLIFT,t_learner,7169.0,2151.0,,,,,,,,,,redundancy,0.3,,,,,0.0067822098549899235,0.04351595006934813,
SWEEP_redundancy_0.3,22,random,L1_加k匿名统计_UPLIFT,t_learner,7169.0,2151.0,,,,,,,,,,redundancy,0.3,,,,,0.007656236201044112,0.0365178262374524,
SWEEP_redundancy_0.3,22,random,L2_加粗粒度标记_UPLIFT,t_learner,7169.0,2151.0,,,,,,,,,,redundancy,0.3,,,,,0.0063911025042245485,0.03996185852981969,
SWEEP_redundancy_0.3,22,random,L4_集中式_UPLIFT,t_learner,7169.0,2151.0,,,,,,,,,,redundancy,0.3,,,,,0.009762622365920848,0.1352951572993991,
SWEEP_redundancy_0.3,22,random,OVERLAP_L1_vs_L3a_联邦LR,top_k_overlap,,,,,,,,,,,,redundancy,0.3,,,,,,,0.44651162790697674
SWEEP_redundancy_0.3,22,random,OVERLAP_L1_vs_L3b_纵向GBDT,top_k_overlap,,,,,,,,,,,,redundancy,0.3,,,,,,,0.3581395348837209
SWEEP_redundancy_0.3,22,random,OVERLAP_L1_vs_L3c_SplitNN_形态A双向,top_k_overlap,,,,,,,,,,,,redundancy,0.3,,,,,,,0.4372093023255814
SWEEP_redundancy_0.3,33,random,L0_内地单方_LR,logistic,7289.0,2187.0,0.6904291905062998,0.3005567293308452,1.6446082117611671,0.08196721311475409,2.1379906752895175,0.21311475409836064,2.2151404884270547,0.4426229508196721,0.0,redundancy,0.3,,,,,,,
SWEEP_redundancy_0.3,33,random,L1_加k匿名统计_LR,logistic,7289.0,2187.0,0.6920330644788182,0.33508628533534845,2.6313731388178674,0.13114754098360656,2.466912317641751,0.2459016393442623,2.297182728739168,0.45901639344262296,384.0,redundancy,0.3,,,,,,,
SWEEP_redundancy_0.3,33,random,L2_加粗粒度标记_LR,logistic,7289.0,2187.0,0.709899295220764,0.3591983714510433,2.6313731388178674,0.13114754098360656,2.7958339599939843,0.2786885245901639,2.379224969051281,0.47540983606557374,0.0,redundancy,0.3,,,,,,,
SWEEP_redundancy_0.3,33,random,L4_集中式_LR,logistic,7289.0,2187.0,0.7945807565967028,0.4398393041654457,5.591667919987969,0.2786885245901639,4.604902992931268,0.45901639344262296,3.0355628915481865,0.6065573770491803,0.0,redundancy,0.3,,,,,,,
SWEEP_redundancy_0.3,33,random,L0_内地单方_GBDT,gbdt,7289.0,2187.0,0.6452585475687429,0.25181592461792335,1.9735298541134005,0.09836065573770492,1.8090690329372838,0.18032786885245902,1.6408448062422627,0.32786885245901637,0.0,redundancy,0.3,60.0,0.0,0.0,,,,
SWEEP_redundancy_0.3,33,random,L4_集中式_GBDT,gbdt,7289.0,2187.0,0.787247659731968,0.43383248770106253,6.2495112046924355,0.3114754098360656,3.947059708226801,0.39344262295081966,2.87147841092396,0.5737704918032787,1998000.0,redundancy,0.3,60.0,420.0,420.0,,,,
SWEEP_redundancy_0.3,33,random,L3a_联邦LR,federated_logistic,7289.0,2187.0,0.794711842450226,0.4388985703931033,5.591667919987969,0.2786885245901639,4.604902992931268,0.45901639344262296,3.0355628915481865,0.6065573770491803,4081600.0,redundancy,0.3,400.0,,,,,,
SWEEP_redundancy_0.3,33,random,L3b_纵向GBDT,vertical_gbdt,7289.0,2187.0,0.787247659731968,0.43383248770106253,6.2495112046924355,0.3114754098360656,3.947059708226801,0.39344262295081966,2.87147841092396,0.5737704918032787,1998000.0,redundancy,0.3,60.0,420.0,420.0,,,,
SWEEP_redundancy_0.3,33,random,L3c_SplitNN_形态A双向,splitnn,7289.0,2187.0,0.7835849667658807,0.4496476103819996,4.933824635283502,0.2459016393442623,4.111520529402918,0.4098360655737705,2.9535206512360728,0.5901639344262295,466944.0,redundancy,0.3,228.0,,,1.0,,,
SWEEP_redundancy_0.3,33,random,L3c_SplitNN_形态B自监督,splitnn,7289.0,2187.0,0.7095908579183567,0.31566244621624534,4.604902992931268,0.22950819672131148,3.7825988870506846,0.3770491803278688,2.379224969051281,0.47540983606557374,233472.0,redundancy,0.3,228.0,,,0.0,,,
SWEEP_redundancy_0.3,33,random,L3c_SplitNN_形态B随机,splitnn,7289.0,2187.0,0.7054577980660981,0.35134093117221593,3.947059708226801,0.19672131147540983,3.2892164235223342,0.32786885245901637,2.461267209363394,0.4918032786885246,233472.0,redundancy,0.3,228.0,,,0.0,,,
SWEEP_redundancy_0.3,33,random,L0_内地单方_UPLIFT,t_learner,7289.0,2187.0,,,,,,,,,,redundancy,0.3,,,,,0.008785655775768933,0.06247361756015196,
SWEEP_redundancy_0.3,33,random,L1_加k匿名统计_UPLIFT,t_learner,7289.0,2187.0,,,,,,,,,,redundancy,0.3,,,,,0.009232347411628872,0.06642759562841528,
SWEEP_redundancy_0.3,33,random,L2_加粗粒度标记_UPLIFT,t_learner,7289.0,2187.0,,,,,,,,,,redundancy,0.3,,,,,0.006379561506941746,0.025016903313049357,
SWEEP_redundancy_0.3,33,random,L4_集中式_UPLIFT,t_learner,7289.0,2187.0,,,,,,,,,,redundancy,0.3,,,,,0.009262731976140493,0.16342182890855456,
SWEEP_redundancy_0.3,33,random,OVERLAP_L1_vs_L3a_联邦LR,top_k_overlap,,,,,,,,,,,,redundancy,0.3,,,,,,,0.481651376146789
SWEEP_redundancy_0.3,33,random,OVERLAP_L1_vs_L3b_纵向GBDT,top_k_overlap,,,,,,,,,,,,redundancy,0.3,,,,,,,0.3761467889908257
SWEEP_redundancy_0.3,33,random,OVERLAP_L1_vs_L3c_SplitNN_形态A双向,top_k_overlap,,,,,,,,,,,,redundancy,0.3,,,,,,,0.46788990825688076
SWEEP_redundancy_0.3,44,random,L0_内地单方_LR,logistic,7289.0,2187.0,0.7007073329837172,0.30190199664880213,4.338209769402431,0.21621621621621623,2.711381105876519,0.2702702702702703,2.1641412579627683,0.43243243243243246,0.0,redundancy,0.3,,,,,,,
SWEEP_redundancy_0.3,44,random,L1_加k匿名统计_LR,logistic,7289.0,2187.0,0.7002148859697369,0.3132538596334147,4.338209769402431,0.21621621621621623,2.711381105876519,0.2702702702702703,2.1641412579627683,0.43243243243243246,384.0,redundancy,0.3,,,,,,,
SWEEP_redundancy_0.3,44,random,L2_加粗粒度标记_LR,logistic,7289.0,2187.0,0.7052288919302644,0.32098591729448334,4.338209769402431,0.21621621621621623,2.575812050582693,0.25675675675675674,2.231770672274105,0.44594594594594594,0.0,redundancy,0.3,,,,,,,
SWEEP_redundancy_0.3,44,random,L4_集中式_LR,logistic,7289.0,2187.0,0.8144945702920147,0.5180222816285287,6.2361765435159935,0.3108108108108108,4.609347879990082,0.4594594594594595,3.110953058321479,0.6216216216216216,0.0,redundancy,0.3,,,,,,,
SWEEP_redundancy_0.3,44,random,L0_内地单方_GBDT,gbdt,7289.0,2187.0,0.6636299100804544,0.29207863803225853,4.067071658814778,0.20270270270270271,2.982519216464171,0.2972972972972973,2.1641412579627683,0.43243243243243246,0.0,redundancy,0.3,60.0,0.0,0.0,,,,
SWEEP_redundancy_0.3,44,random,L4_集中式_GBDT,gbdt,7289.0,2187.0,0.7892902367582917,0.45702920146838744,5.965038432928342,0.2972972972972973,4.067071658814778,0.40540540540540543,3.110953058321479,0.6216216216216216,1998000.0,redundancy,0.3,60.0,420.0,420.0,,,,
SWEEP_redundancy_0.3,44,random,L3a_联邦LR,federated_logistic,7289.0,2187.0,0.814680037349228,0.5168135480487587,6.507314654103645,0.32432432432432434,4.609347879990082,0.4594594594594595,3.110953058321479,0.6216216216216216,4081600.0,redundancy,0.3,400.0,,,,,,
SWEEP_redundancy_0.3,44,random,L3b_纵向GBDT,vertical_gbdt,7289.0,2187.0,0.7892902367582917,0.45702920146838744,5.965038432928342,0.2972972972972973,4.067071658814778,0.40540540540540543,3.110953058321479,0.6216216216216216,1998000.0,redundancy,0.3,60.0,420.0,420.0,,,,
SWEEP_redundancy_0.3,44,random,L3c_SplitNN_形态A双向,splitnn,7289.0,2187.0,0.7947327355751397,0.47642649748660154,5.151624101165386,0.25675675675675674,3.9315026035209524,0.3918918918918919,2.9756942296988065,0.5945945945945946,466944.0,redundancy,0.3,228.0,,,1.0,,,
SWEEP_redundancy_0.3,44,random,L3c_SplitNN_形态B自监督,splitnn,7289.0,2187.0,0.7535654442895332,0.4044908609508704,5.422762211753038,0.2702702702702703,3.2536573270518225,0.32432432432432434,2.5699177438307874,0.5135135135135135,233472.0,redundancy,0.3,228.0,,,0.0,,,
SWEEP_redundancy_0.3,44,random,L3c_SplitNN_形态B随机,splitnn,7289.0,2187.0,0.7160627262378327,0.3575804863074148,4.338209769402431,0.21621621621621623,2.711381105876519,0.2702702702702703,2.0288824293400953,0.40540540540540543,233472.0,redundancy,0.3,228.0,,,0.0,,,
SWEEP_redundancy_0.3,44,random,L0_内地单方_UPLIFT,t_learner,7289.0,2187.0,,,,,,,,,,redundancy,0.3,,,,,0.005473479960041761,0.0506862002189105,
SWEEP_redundancy_0.3,44,random,L1_加k匿名统计_UPLIFT,t_learner,7289.0,2187.0,,,,,,,,,,redundancy,0.3,,,,,0.00583029819364879,0.02108843537414966,
SWEEP_redundancy_0.3,44,random,L2_加粗粒度标记_UPLIFT,t_learner,7289.0,2187.0,,,,,,,,,,redundancy,0.3,,,,,0.006164717195109094,0.08524258760107818,
SWEEP_redundancy_0.3,44,random,L4_集中式_UPLIFT,t_learner,7289.0,2187.0,,,,,,,,,,redundancy,0.3,,,,,0.008225707811703436,0.19618758434547912,
SWEEP_redundancy_0.3,44,random,OVERLAP_L1_vs_L3a_联邦LR,top_k_overlap,,,,,,,,,,,,redundancy,0.3,,,,,,,0.48623853211009177
SWEEP_redundancy_0.3,44,random,OVERLAP_L1_vs_L3b_纵向GBDT,top_k_overlap,,,,,,,,,,,,redundancy,0.3,,,,,,,0.42660550458715596
SWEEP_redundancy_0.3,44,random,OVERLAP_L1_vs_L3c_SplitNN_形态A双向,top_k_overlap,,,,,,,,,,,,redundancy,0.3,,,,,,,0.42660550458715596
SWEEP_redundancy_0.3,55,random,L0_内地单方_LR,logistic,7121.0,2137.0,0.746092972708209,0.4572561264943135,4.480083857442348,0.2222222222222222,3.344287949921753,0.3333333333333333,2.700940485483811,0.5396825396825397,0.0,redundancy,0.3,,,,,,,
SWEEP_redundancy_0.3,55,random,L1_加k匿名统计_LR,logistic,7121.0,2137.0,0.7443709724326889,0.4539575392998729,4.480083857442348,0.2222222222222222,3.344287949921753,0.3333333333333333,2.542061633396528,0.5079365079365079,384.0,redundancy,0.3,,,,,,,
SWEEP_redundancy_0.3,55,random,L2_加粗粒度标记_LR,logistic,7121.0,2137.0,0.7574964411994305,0.453842739281505,4.800089847259659,0.23809523809523808,4.140546985617409,0.4126984126984127,2.9392587636147356,0.5873015873015873,0.0,redundancy,0.3,,,,,,,
SWEEP_redundancy_0.3,55,random,L4_集中式_LR,logistic,7121.0,2137.0,0.8041741286678605,0.5049134407861504,6.400119796346212,0.31746031746031744,4.936806021313063,0.49206349206349204,3.4158953198765847,0.6825396825396826,0.0,redundancy,0.3,,,,,,,
SWEEP_redundancy_0.3,55,random,L0_内地单方_GBDT,gbdt,7121.0,2137.0,0.7379727847423122,0.3884985688264377,3.840071877807727,0.19047619047619047,3.1850361427826215,0.31746031746031744,2.700940485483811,0.5396825396825397,0.0,redundancy,0.3,60.0,0.0,0.0,,,,
SWEEP_redundancy_0.3,55,random,L4_集中式_GBDT,gbdt,7121.0,2137.0,0.7879720194088564,0.504140453995806,4.800089847259659,0.23809523809523808,4.777554214173933,0.47619047619047616,3.4158953198765847,0.6825396825396826,1945800.0,redundancy,0.3,60.0,402.0,402.0,,,,
SWEEP_redundancy_0.3,55,random,L3a_联邦LR,federated_logistic,7121.0,2137.0,0.803860341950988,0.5015765869189206,6.400119796346212,0.31746031746031744,4.936806021313063,0.49206349206349204,3.4158953198765847,0.6825396825396826,3987200.0,redundancy,0.3,400.0,,,,,,
SWEEP_redundancy_0.3,55,random,L3b_纵向GBDT,vertical_gbdt,7121.0,2137.0,0.7879720194088564,0.504140453995806,4.800089847259659,0.23809523809523808,4.777554214173933,0.47619047619047616,3.4158953198765847,0.6825396825396826,1945800.0,redundancy,0.3,60.0,402.0,402.0,,,,
SWEEP_redundancy_0.3,55,random,L3c_SplitNN_形态A双向,splitnn,7121.0,2137.0,0.8168403973611301,0.535695152377891,5.7601078167115904,0.2857142857142857,4.2997987927565395,0.42857142857142855,3.4158953198765847,0.6825396825396826,466944.0,redundancy,0.3,228.0,,,1.0,,,
SWEEP_redundancy_0.3,55,random,L3c_SplitNN_形态B自监督,splitnn,7121.0,2137.0,0.7684789762899695,0.4658967412101453,4.480083857442348,0.2222222222222222,3.822043371339146,0.38095238095238093,3.0981376157020186,0.6190476190476191,233472.0,redundancy,0.3,228.0,,,0.0,,,
SWEEP_redundancy_0.3,55,random,L3c_SplitNN_形态B随机,splitnn,7121.0,2137.0,0.7852474323062559,0.49112213191287446,5.120095837076969,0.25396825396825395,4.140546985617409,0.4126984126984127,3.336455893832943,0.6666666666666666,233472.0,redundancy,0.3,228.0,,,0.0,,,
SWEEP_redundancy_0.3,55,random,L0_内地单方_UPLIFT,t_learner,7121.0,2137.0,,,,,,,,,,redundancy,0.3,,,,,0.00822364309507656,0.10952380952380952,
SWEEP_redundancy_0.3,55,random,L1_加k匿名统计_UPLIFT,t_learner,7121.0,2137.0,,,,,,,,,,redundancy,0.3,,,,,0.006815140726976809,0.1401952085181899,
SWEEP_redundancy_0.3,55,random,L2_加粗粒度标记_UPLIFT,t_learner,7121.0,2137.0,,,,,,,,,,redundancy,0.3,,,,,0.008722344236575757,0.1166196189131969,
SWEEP_redundancy_0.3,55,random,L4_集中式_UPLIFT,t_learner,7121.0,2137.0,,,,,,,,,,redundancy,0.3,,,,,0.009286829707476026,0.1533758639021797,
SWEEP_redundancy_0.3,55,random,OVERLAP_L1_vs_L3a_联邦LR,top_k_overlap,,,,,,,,,,,,redundancy,0.3,,,,,,,0.5352112676056338
SWEEP_redundancy_0.3,55,random,OVERLAP_L1_vs_L3b_纵向GBDT,top_k_overlap,,,,,,,,,,,,redundancy,0.3,,,,,,,0.47417840375586856
SWEEP_redundancy_0.3,55,random,OVERLAP_L1_vs_L3c_SplitNN_形态A双向,top_k_overlap,,,,,,,,,,,,redundancy,0.3,,,,,,,0.4460093896713615
SWEEP_redundancy_0.6,11,random,L0_内地单方_LR,logistic,7236.0,2171.0,0.6545566897791474,0.2357473035439137,2.7256748273697426,0.13559322033898305,2.204405217527142,0.22033898305084745,1.9500507693509332,0.3898305084745763,0.0,redundancy,0.6,,,,,,,
SWEEP_redundancy_0.6,11,random,L1_加k匿名统计_LR,logistic,7236.0,2171.0,0.6531282100667694,0.23687082691319972,3.06638418079096,0.15254237288135594,2.3739748496446142,0.23728813559322035,2.03483558540967,0.4067796610169492,384.0,redundancy,0.6,,,,,,,
SWEEP_redundancy_0.6,11,random,L2_加粗粒度标记_LR,logistic,7236.0,2171.0,0.6564185285053928,0.25270448125321004,3.06638418079096,0.15254237288135594,2.3739748496446142,0.23728813559322035,2.204405217527142,0.4406779661016949,0.0,redundancy,0.6,,,,,,,
SWEEP_redundancy_0.6,11,random,L4_集中式_LR,logistic,7236.0,2171.0,0.6976999871597329,0.3265360169491526,2.3849654739485247,0.11864406779661017,2.5435444817620874,0.2542372881355932,2.03483558540967,0.4067796610169492,0.0,redundancy,0.6,,,,,,,
SWEEP_redundancy_0.6,11,random,L0_内地单方_GBDT,gbdt,7236.0,2171.0,0.6183792372881356,0.24065068053415506,1.3628374136848713,0.06779661016949153,1.017417792704835,0.1016949152542373,1.3565570569397798,0.2711864406779661,0.0,redundancy,0.6,60.0,0.0,0.0,,,,
SWEEP_redundancy_0.6,11,random,L4_集中式_GBDT,gbdt,7236.0,2171.0,0.6429522984078068,0.24520095017976373,2.7256748273697426,0.13559322033898305,1.8652659532921971,0.1864406779661017,1.6956963211747247,0.3389830508474576,1984680.0,redundancy,0.6,60.0,420.0,420.0,,,,
SWEEP_redundancy_0.6,11,random,L3a_联邦LR,federated_logistic,7236.0,2171.0,0.6976197354904983,0.32369510785824346,2.3849654739485247,0.11864406779661017,2.3739748496446142,0.23728813559322035,2.03483558540967,0.4067796610169492,4052000.0,redundancy,0.6,400.0,,,,,,
SWEEP_redundancy_0.6,11,random,L3b_纵向GBDT,vertical_gbdt,7236.0,2171.0,0.6429522984078068,0.24520095017976373,2.7256748273697426,0.13559322033898305,1.8652659532921971,0.1864406779661017,1.6956963211747247,0.3389830508474576,1984680.0,redundancy,0.6,60.0,420.0,420.0,,,,
SWEEP_redundancy_0.6,11,random,L3c_SplitNN_形态A双向,splitnn,7236.0,2171.0,0.6204256548536209,0.20980996404725222,0.6814187068424357,0.03389830508474576,1.5261266890572522,0.15254237288135594,1.9500507693509332,0.3898305084745763,466944.0,redundancy,0.6,228.0,,,1.0,,,
SWEEP_redundancy_0.6,11,random,L3c_SplitNN_形态B自监督,splitnn,7236.0,2171.0,0.675325821777093,0.2885769774011299,2.0442561205273067,0.1016949152542373,2.204405217527142,0.22033898305084745,2.204405217527142,0.4406779661016949,233472.0,redundancy,0.6,228.0,,,0.0,,,
SWEEP_redundancy_0.6,11,random,L3c_SplitNN_形态B随机,splitnn,7236.0,2171.0,0.6623170261941449,0.29673054699537754,2.7256748273697426,0.13559322033898305,2.204405217527142,0.22033898305084745,1.9500507693509332,0.3898305084745763,233472.0,redundancy,0.6,228.0,,,0.0,,,
SWEEP_redundancy_0.6,11,random,L0_内地单方_UPLIFT,t_learner,7236.0,2171.0,,,,,,,,,,redundancy,0.6,,,,,0.005585866480197867,0.014193438721740614,
SWEEP_redundancy_0.6,11,random,L1_加k匿名统计_UPLIFT,t_learner,7236.0,2171.0,,,,,,,,,,redundancy,0.6,,,,,0.006075713963492178,0.026758409785932732,
SWEEP_redundancy_0.6,11,random,L2_加粗粒度标记_UPLIFT,t_learner,7236.0,2171.0,,,,,,,,,,redundancy,0.6,,,,,0.005749989185511639,0.05746333045729078,
SWEEP_redundancy_0.6,11,random,L4_集中式_UPLIFT,t_learner,7236.0,2171.0,,,,,,,,,,redundancy,0.6,,,,,0.007859559518178112,0.09796091758708582,
SWEEP_redundancy_0.6,11,random,OVERLAP_L1_vs_L3a_联邦LR,top_k_overlap,,,,,,,,,,,,redundancy,0.6,,,,,,,0.511520737327189
SWEEP_redundancy_0.6,11,random,OVERLAP_L1_vs_L3b_纵向GBDT,top_k_overlap,,,,,,,,,,,,redundancy,0.6,,,,,,,0.34101382488479265
SWEEP_redundancy_0.6,11,random,OVERLAP_L1_vs_L3c_SplitNN_形态A双向,top_k_overlap,,,,,,,,,,,,redundancy,0.6,,,,,,,0.391705069124424
SWEEP_redundancy_0.6,22,random,L0_内地单方_LR,logistic,7169.0,2151.0,0.7589060979941012,0.4216479562686268,6.160536629484473,0.3064516129032258,4.356864216054014,0.43548387096774194,2.985258814703676,0.5967741935483871,0.0,redundancy,0.6,,,,,,,
SWEEP_redundancy_0.6,22,random,L1_加k匿名统计_LR,logistic,7169.0,2151.0,0.7610293549931283,0.4595731867385228,5.836297859511606,0.2903225806451613,4.195498874718679,0.41935483870967744,3.14662415603901,0.6290322580645161,384.0,redundancy,0.6,,,,,,,
SWEEP_redundancy_0.6,22,random,L2_加粗粒度标记_LR,logistic,7169.0,2151.0,0.7592458191139455,0.4235627480350222,6.160536629484473,0.3064516129032258,4.356864216054014,0.43548387096774194,2.985258814703676,0.5967741935483871,0.0,redundancy,0.6,,,,,,,
SWEEP_redundancy_0.6,22,random,L4_集中式_LR,logistic,7169.0,2151.0,0.8393582359208758,0.5218888494263345,7.457491709375942,0.3709677419354839,5.325056264066017,0.532258064516129,3.4693548387096773,0.6935483870967742,0.0,redundancy,0.6,,,,,,,
SWEEP_redundancy_0.6,22,random,L0_内地单方_GBDT,gbdt,7169.0,2151.0,0.75874009790145,0.4198412575858182,4.215104009647272,0.20967741935483872,3.38867216804201,0.3387096774193548,2.8238934733683423,0.5645161290322581,0.0,redundancy,0.6,60.0,0.0,0.0,,,,
SWEEP_redundancy_0.6,22,random,L4_集中式_GBDT,gbdt,7169.0,2151.0,0.8132074306274032,0.5017372102719313,6.160536629484473,0.3064516129032258,4.195498874718679,0.41935483870967744,3.38867216804201,0.6774193548387096,1954080.0,redundancy,0.6,60.0,404.0,404.0,,,,
SWEEP_redundancy_0.6,22,random,L3a_联邦LR,federated_logistic,7169.0,2151.0,0.8392347009682052,0.5228462453095322,7.457491709375942,0.3709677419354839,5.325056264066017,0.532258064516129,3.4693548387096773,0.6935483870967742,4014400.0,redundancy,0.6,400.0,,,,,,
SWEEP_redundancy_0.6,22,random,L3b_纵向GBDT,vertical_gbdt,7169.0,2151.0,0.8132074306274032,0.5017372102719313,6.160536629484473,0.3064516129032258,4.195498874718679,0.41935483870967744,3.38867216804201,0.6774193548387096,1954080.0,redundancy,0.6,60.0,404.0,404.0,,,,
SWEEP_redundancy_0.6,22,random,L3c_SplitNN_形态A双向,splitnn,7169.0,2151.0,0.8405781435784988,0.5408128599885731,7.781730479348809,0.3870967741935484,4.8409602400600145,0.4838709677419355,3.4693548387096773,0.6935483870967742,466944.0,redundancy,0.6,228.0,,,1.0,,,
SWEEP_redundancy_0.6,22,random,L3c_SplitNN_形态B自监督,splitnn,7169.0,2151.0,0.795742676693587,0.46818974968730215,6.809014169430207,0.3387096774193548,4.679594898724681,0.46774193548387094,3.2273068267066765,0.6451612903225806,233472.0,redundancy,0.6,228.0,,,0.0,,,
SWEEP_redundancy_0.6,22,random,L3c_SplitNN_形态B随机,splitnn,7169.0,2151.0,0.7943529084760419,0.4921246467672447,6.809014169430207,0.3387096774193548,3.872768192048012,0.3870967741935484,3.3079894973743436,0.6612903225806451,233472.0,redundancy,0.6,228.0,,,0.0,,,
SWEEP_redundancy_0.6,22,random,L0_内地单方_UPLIFT,t_learner,7169.0,2151.0,,,,,,,,,,redundancy,0.6,,,,,0.008887292798304105,0.09406368985808237,
SWEEP_redundancy_0.6,22,random,L1_加k匿名统计_UPLIFT,t_learner,7169.0,2151.0,,,,,,,,,,redundancy,0.6,,,,,0.009277001278173758,0.09979101358411704,
SWEEP_redundancy_0.6,22,random,L2_加粗粒度标记_UPLIFT,t_learner,7169.0,2151.0,,,,,,,,,,redundancy,0.6,,,,,0.008488607623236919,0.09406368985808237,
SWEEP_redundancy_0.6,22,random,L4_集中式_UPLIFT,t_learner,7169.0,2151.0,,,,,,,,,,redundancy,0.6,,,,,0.009776614113716896,0.14478260869565218,
SWEEP_redundancy_0.6,22,random,OVERLAP_L1_vs_L3a_联邦LR,top_k_overlap,,,,,,,,,,,,redundancy,0.6,,,,,,,0.4790697674418605
SWEEP_redundancy_0.6,22,random,OVERLAP_L1_vs_L3b_纵向GBDT,top_k_overlap,,,,,,,,,,,,redundancy,0.6,,,,,,,0.3813953488372093
SWEEP_redundancy_0.6,22,random,OVERLAP_L1_vs_L3c_SplitNN_形态A双向,top_k_overlap,,,,,,,,,,,,redundancy,0.6,,,,,,,0.4232558139534884
SWEEP_redundancy_0.6,33,random,L0_内地单方_LR,logistic,7289.0,2187.0,0.7487238406612896,0.41515660904029733,3.6181380658745677,0.18032786885245902,2.960294781170101,0.29508196721311475,2.6253516899876206,0.5245901639344263,0.0,redundancy,0.6,,,,,,,
SWEEP_redundancy_0.6,33,random,L1_加k匿名统计_LR,logistic,7289.0,2187.0,0.740434588159092,0.39172308498989866,2.6313731388178674,0.13114754098360656,3.1247556023462177,0.3114754098360656,2.461267209363394,0.4918032786885246,384.0,redundancy,0.6,,,,,,,
SWEEP_redundancy_0.6,33,random,L2_加粗粒度标记_LR,logistic,7289.0,2187.0,0.7593340838641025,0.4558163564301466,3.6181380658745677,0.18032786885245902,3.1247556023462177,0.3114754098360656,2.6253516899876206,0.5245901639344263,0.0,redundancy,0.6,,,,,,,
SWEEP_redundancy_0.6,33,random,L4_集中式_LR,logistic,7289.0,2187.0,0.8301281556991502,0.4991595083509399,6.5784328470446685,0.32786885245901637,4.933824635283502,0.4918032786885246,3.1176051318602993,0.6229508196721312,0.0,redundancy,0.6,,,,,,,
SWEEP_redundancy_0.6,33,random,L0_内地单方_GBDT,gbdt,7289.0,2187.0,0.6854787718026619,0.32411362830220686,2.960294781170101,0.14754098360655737,2.6313731388178674,0.26229508196721313,1.886971527178602,0.3770491803278688,0.0,redundancy,0.6,60.0,0.0,0.0,,,,
SWEEP_redundancy_0.6,33,random,L4_集中式_GBDT,gbdt,7289.0,2187.0,0.7783415326249556,0.46299523464367776,5.262746277635735,0.26229508196721313,3.947059708226801,0.39344262295081966,2.7894361706118467,0.5573770491803278,1994736.0,redundancy,0.6,60.0,414.0,414.0,,,,
SWEEP_redundancy_0.6,33,random,L3a_联邦LR,federated_logistic,7289.0,2187.0,0.8303980383387567,0.5010409758956247,6.5784328470446685,0.32786885245901637,4.933824635283502,0.4918032786885246,3.1176051318602993,0.6229508196721312,4081600.0,redundancy,0.6,400.0,,,,,,
SWEEP_redundancy_0.6,33,random,L3b_纵向GBDT,vertical_gbdt,7289.0,2187.0,0.7783415326249556,0.46299523464367776,5.262746277635735,0.26229508196721313,3.947059708226801,0.39344262295081966,2.7894361706118467,0.5573770491803278,1994736.0,redundancy,0.6,60.0,414.0,414.0,,,,
SWEEP_redundancy_0.6,33,random,L3c_SplitNN_形态A双向,splitnn,7289.0,2187.0,0.8057616088089694,0.5220686889872461,6.5784328470446685,0.32786885245901637,4.604902992931268,0.45901639344262296,3.4457740931087515,0.6885245901639344,466944.0,redundancy,0.6,228.0,,,1.0,,,
SWEEP_redundancy_0.6,33,random,L3c_SplitNN_形态B自监督,splitnn,7289.0,2187.0,0.7355612787810558,0.40281911694400324,3.947059708226801,0.19672131147540983,3.453677244698451,0.3442622950819672,2.87147841092396,0.5737704918032787,233472.0,redundancy,0.6,228.0,,,0.0,,,
SWEEP_redundancy_0.6,33,random,L3c_SplitNN_形态B随机,splitnn,7289.0,2187.0,0.7543682432953442,0.44252270869638977,4.275981350579035,0.21311475409836064,3.6181380658745677,0.36065573770491804,2.7894361706118467,0.5573770491803278,233472.0,redundancy,0.6,228.0,,,0.0,,,
SWEEP_redundancy_0.6,33,random,L0_内地单方_UPLIFT,t_learner,7289.0,2187.0,,,,,,,,,,redundancy,0.6,,,,,0.009940275516260557,0.13761467889908258,
SWEEP_redundancy_0.6,33,random,L1_加k匿名统计_UPLIFT,t_learner,7289.0,2187.0,,,,,,,,,,redundancy,0.6,,,,,0.010236818458839137,0.11984448951994592,
SWEEP_redundancy_0.6,33,random,L2_加粗粒度标记_UPLIFT,t_learner,7289.0,2187.0,,,,,,,,,,redundancy,0.6,,,,,0.007915854194816779,0.07813420897533047,
SWEEP_redundancy_0.6,33,random,L4_集中式_UPLIFT,t_learner,7289.0,2187.0,,,,,,,,,,redundancy,0.6,,,,,0.009506271423327444,0.16818181818181818,
SWEEP_redundancy_0.6,33,random,OVERLAP_L1_vs_L3a_联邦LR,top_k_overlap,,,,,,,,,,,,redundancy,0.6,,,,,,,0.4908256880733945
SWEEP_redundancy_0.6,33,random,OVERLAP_L1_vs_L3b_纵向GBDT,top_k_overlap,,,,,,,,,,,,redundancy,0.6,,,,,,,0.41284403669724773
SWEEP_redundancy_0.6,33,random,OVERLAP_L1_vs_L3c_SplitNN_形态A双向,top_k_overlap,,,,,,,,,,,,redundancy,0.6,,,,,,,0.44495412844036697
SWEEP_redundancy_0.6,44,random,L0_内地单方_LR,logistic,7289.0,2187.0,0.7249971220629053,0.35569383865645104,4.609347879990082,0.22972972972972974,3.5247954376394746,0.35135135135135137,2.2994000865854414,0.4594594594594595,0.0,redundancy,0.6,,,,,,,
SWEEP_redundancy_0.6,44,random,L1_加k匿名统计_LR,logistic,7289.0,2187.0,0.7254831736611198,0.3513321651040534,4.609347879990082,0.22972972972972974,3.3892263823456488,0.33783783783783783,2.367029500896778,0.47297297297297297,384.0,redundancy,0.6,,,,,,,
SWEEP_redundancy_0.6,44,random,L2_加粗粒度标记_LR,logistic,7289.0,2187.0,0.7288663486013227,0.3348831557539555,4.609347879990082,0.22972972972972974,3.5247954376394746,0.35135135135135137,2.5699177438307874,0.5135135135135135,0.0,redundancy,0.6,,,,,,,
SWEEP_redundancy_0.6,44,random,L4_集中式_LR,logistic,7289.0,2187.0,0.8289354190915952,0.5403167009887313,7.863005207041905,0.3918918918918919,4.880485990577734,0.4864864864864865,3.3814707155668255,0.6756756756756757,0.0,redundancy,0.6,,,,,,,
SWEEP_redundancy_0.6,44,random,L0_内地单方_GBDT,gbdt,7289.0,2187.0,0.6993195277624997,0.30480551540655654,3.2536573270518225,0.16216216216216217,3.3892263823456488,0.33783783783783783,2.4346589152081144,0.4864864864864865,0.0,redundancy,0.6,60.0,0.0,0.0,,,,
SWEEP_redundancy_0.6,44,random,L4_集中式_GBDT,gbdt,7289.0,2187.0,0.8031363118916361,0.5088704416674128,5.422762211753038,0.2702702702702703,4.880485990577734,0.4864864864864865,3.110953058321479,0.6216216216216216,1996274.0,redundancy,0.6,60.0,418.0,418.0,,,,
SWEEP_redundancy_0.6,44,random,L3a_联邦LR,federated_logistic,7289.0,2187.0,0.8289354190915951,0.5448382599352785,7.863005207041905,0.3918918918918919,4.880485990577734,0.4864864864864865,3.3814707155668255,0.6756756756756757,4081600.0,redundancy,0.6,400.0,,,,,,
SWEEP_redundancy_0.6,44,random,L3b_纵向GBDT,vertical_gbdt,7289.0,2187.0,0.8031363118916361,0.5088704416674128,5.422762211753038,0.2702702702702703,4.880485990577734,0.4864864864864865,3.110953058321479,0.6216216216216216,1996274.0,redundancy,0.6,60.0,418.0,418.0,,,,
SWEEP_redundancy_0.6,44,random,L3c_SplitNN_形态A双向,splitnn,7289.0,2187.0,0.7933705120169863,0.4727939013315256,5.693900322340689,0.28378378378378377,3.9315026035209524,0.3918918918918919,3.043323644010143,0.6081081081081081,466944.0,redundancy,0.6,228.0,,,1.0,,,
SWEEP_redundancy_0.6,44,random,L3c_SplitNN_形态B自监督,splitnn,7289.0,2187.0,0.7549020861846228,0.37072946112226757,5.965038432928342,0.2972972972972973,3.5247954376394746,0.35135135135135137,2.7051765724534604,0.5405405405405406,233472.0,redundancy,0.6,228.0,,,0.0,,,
SWEEP_redundancy_0.6,44,random,L3c_SplitNN_形态B随机,splitnn,7289.0,2187.0,0.7284954144868958,0.3598956268146992,4.609347879990082,0.22972972972972974,3.2536573270518225,0.32432432432432434,2.4346589152081144,0.4864864864864865,233472.0,redundancy,0.6,228.0,,,0.0,,,
SWEEP_redundancy_0.6,44,random,L0_内地单方_UPLIFT,t_learner,7289.0,2187.0,,,,,,,,,,redundancy,0.6,,,,,0.006461639014065761,0.04531671159029649,
SWEEP_redundancy_0.6,44,random,L1_加k匿名统计_UPLIFT,t_learner,7289.0,2187.0,,,,,,,,,,redundancy,0.6,,,,,0.006837809751660232,0.07911605937921729,
SWEEP_redundancy_0.6,44,random,L2_加粗粒度标记_UPLIFT,t_learner,7289.0,2187.0,,,,,,,,,,redundancy,0.6,,,,,0.006570852631197226,0.12030392570704938,
SWEEP_redundancy_0.6,44,random,L4_集中式_UPLIFT,t_learner,7289.0,2187.0,,,,,,,,,,redundancy,0.6,,,,,0.008123005784894995,0.16952861952861953,
SWEEP_redundancy_0.6,44,random,OVERLAP_L1_vs_L3a_联邦LR,top_k_overlap,,,,,,,,,,,,redundancy,0.6,,,,,,,0.4954128440366973
SWEEP_redundancy_0.6,44,random,OVERLAP_L1_vs_L3b_纵向GBDT,top_k_overlap,,,,,,,,,,,,redundancy,0.6,,,,,,,0.4724770642201835
SWEEP_redundancy_0.6,44,random,OVERLAP_L1_vs_L3c_SplitNN_形态A双向,top_k_overlap,,,,,,,,,,,,redundancy,0.6,,,,,,,0.48623853211009177
SWEEP_redundancy_0.6,55,random,L0_内地单方_LR,logistic,7121.0,2137.0,0.7555984142290795,0.43129601567402914,4.800089847259659,0.23809523809523808,3.9812951784782773,0.3968253968253968,2.859819337571094,0.5714285714285714,0.0,redundancy,0.6,,,,,,,
SWEEP_redundancy_0.6,55,random,L1_加k匿名统计_LR,logistic,7121.0,2137.0,0.7530651604904257,0.4285178552295235,4.160077867625038,0.20634920634920634,3.662791564200015,0.36507936507936506,3.018698189658377,0.6031746031746031,384.0,redundancy,0.6,,,,,,,
SWEEP_redundancy_0.6,55,random,L2_加粗粒度标记_LR,logistic,7121.0,2137.0,0.7648742557132143,0.4220354808590102,4.160077867625038,0.20634920634920634,4.618302407034801,0.4603174603174603,2.9392587636147356,0.5873015873015873,0.0,redundancy,0.6,,,,,,,
SWEEP_redundancy_0.6,55,random,L4_集中式_LR,logistic,7121.0,2137.0,0.8207512513202002,0.5241615771991857,7.360137765798144,0.36507936507936506,4.777554214173933,0.47619047619047616,3.495334745920226,0.6984126984126984,0.0,redundancy,0.6,,,,,,,
SWEEP_redundancy_0.6,55,random,L0_内地单方_GBDT,gbdt,7121.0,2137.0,0.7774907777318578,0.47272351563576254,5.7601078167115904,0.2857142857142857,4.140546985617409,0.4126984126984127,2.9392587636147356,0.5873015873015873,0.0,redundancy,0.6,60.0,0.0,0.0,,,,
SWEEP_redundancy_0.6,55,random,L4_集中式_GBDT,gbdt,7121.0,2137.0,0.7953115672498507,0.46467986101544445,7.040131775980833,0.3492063492063492,4.936806021313063,0.49206349206349204,3.2570164677893017,0.6507936507936508,1955520.0,redundancy,0.6,60.0,420.0,420.0,,,,
SWEEP_redundancy_0.6,55,random,L3a_联邦LR,federated_logistic,7121.0,2137.0,0.8201466378901288,0.5270545376620595,7.360137765798144,0.36507936507936506,4.777554214173933,0.47619047619047616,3.4158953198765847,0.6825396825396826,3987200.0,redundancy,0.6,400.0,,,,,,
SWEEP_redundancy_0.6,55,random,L3b_纵向GBDT,vertical_gbdt,7121.0,2137.0,0.7953115672498507,0.46467986101544445,7.040131775980833,0.3492063492063492,4.936806021313063,0.49206349206349204,3.2570164677893017,0.6507936507936508,1955520.0,redundancy,0.6,60.0,420.0,420.0,,,,
SWEEP_redundancy_0.6,55,random,L3c_SplitNN_形态A双向,splitnn,7121.0,2137.0,0.8254044787313832,0.5651451837565628,7.040131775980833,0.3492063492063492,5.414561442730457,0.5396825396825397,3.654213598007509,0.7301587301587301,466944.0,redundancy,0.6,228.0,,,1.0,,,
SWEEP_redundancy_0.6,55,random,L3c_SplitNN_形态B自监督,splitnn,7121.0,2137.0,0.8016332215946488,0.4987218931288362,6.400119796346212,0.31746031746031744,4.936806021313063,0.49206349206349204,3.2570164677893017,0.6507936507936508,233472.0,redundancy,0.6,228.0,,,0.0,,,
SWEEP_redundancy_0.6,55,random,L3c_SplitNN_形态B随机,splitnn,7121.0,2137.0,0.7993295678927309,0.4854357043363794,5.7601078167115904,0.2857142857142857,4.618302407034801,0.4603174603174603,2.859819337571094,0.5714285714285714,233472.0,redundancy,0.6,228.0,,,0.0,,,
SWEEP_redundancy_0.6,55,random,L0_内地单方_UPLIFT,t_learner,7121.0,2137.0,,,,,,,,,,redundancy,0.6,,,,,0.008969766260212179,0.1340860973888497,
SWEEP_redundancy_0.6,55,random,L1_加k匿名统计_UPLIFT,t_learner,7121.0,2137.0,,,,,,,,,,redundancy,0.6,,,,,0.008227065067469747,0.11135602186563216,
SWEEP_redundancy_0.6,55,random,L2_加粗粒度标记_UPLIFT,t_learner,7121.0,2137.0,,,,,,,,,,redundancy,0.6,,,,,0.009199130089000777,0.13778484366719662,
SWEEP_redundancy_0.6,55,random,L4_集中式_UPLIFT,t_learner,7121.0,2137.0,,,,,,,,,,redundancy,0.6,,,,,0.008454841421675352,0.17152506221116243,
SWEEP_redundancy_0.6,55,random,OVERLAP_L1_vs_L3a_联邦LR,top_k_overlap,,,,,,,,,,,,redundancy,0.6,,,,,,,0.5211267605633803
SWEEP_redundancy_0.6,55,random,OVERLAP_L1_vs_L3b_纵向GBDT,top_k_overlap,,,,,,,,,,,,redundancy,0.6,,,,,,,0.4225352112676056
SWEEP_redundancy_0.6,55,random,OVERLAP_L1_vs_L3c_SplitNN_形态A双向,top_k_overlap,,,,,,,,,,,,redundancy,0.6,,,,,,,0.4084507042253521
SWEEP_redundancy_1.2,11,random,L0_内地单方_LR,logistic,7236.0,2171.0,0.6709440806368773,0.25242360041088857,2.7256748273697426,0.13559322033898305,2.5435444817620874,0.2542372881355932,2.03483558540967,0.4067796610169492,0.0,redundancy,1.2,,,,,,,
SWEEP_redundancy_1.2,11,random,L1_加k匿名统计_LR,logistic,7236.0,2171.0,0.661297829994864,0.2644292501284027,2.7256748273697426,0.13559322033898305,2.7131141138795596,0.2711864406779661,1.9500507693509332,0.3898305084745763,384.0,redundancy,1.2,,,,,,,
SWEEP_redundancy_1.2,11,random,L2_加粗粒度标记_LR,logistic,7236.0,2171.0,0.669579802259887,0.2499117231638418,3.06638418079096,0.15254237288135594,2.5435444817620874,0.2542372881355932,2.03483558540967,0.4067796610169492,0.0,redundancy,1.2,,,,,,,
SWEEP_redundancy_1.2,11,random,L4_集中式_LR,logistic,7236.0,2171.0,0.718886427837699,0.3226759116589625,3.407093534212178,0.1694915254237288,2.7131141138795596,0.2711864406779661,2.3739748496446142,0.4745762711864407,0.0,redundancy,1.2,,,,,,,
SWEEP_redundancy_1.2,11,random,L0_内地单方_GBDT,gbdt,7236.0,2171.0,0.632599833076528,0.2647021058038007,1.0221280602636533,0.05084745762711865,1.6956963211747247,0.1694915254237288,1.3565570569397798,0.2711864406779661,0.0,redundancy,1.2,60.0,0.0,0.0,,,,
SWEEP_redundancy_1.2,11,random,L4_集中式_GBDT,gbdt,7236.0,2171.0,0.6400552131484335,0.24177420390344118,2.7256748273697426,0.13559322033898305,2.03483558540967,0.2033898305084746,1.7804811372334608,0.3559322033898305,1964064.0,redundancy,1.2,60.0,396.0,396.0,,,,
SWEEP_redundancy_1.2,11,random,L3a_联邦LR,federated_logistic,7236.0,2171.0,0.7190469311761685,0.3302436440677966,3.407093534212178,0.1694915254237288,2.7131141138795596,0.2711864406779661,2.3739748496446142,0.4745762711864407,4052000.0,redundancy,1.2,400.0,,,,,,
SWEEP_redundancy_1.2,11,random,L3b_纵向GBDT,vertical_gbdt,7236.0,2171.0,0.6400552131484335,0.24177420390344118,2.7256748273697426,0.13559322033898305,2.03483558540967,0.2033898305084746,1.7804811372334608,0.3559322033898305,1964064.0,redundancy,1.2,60.0,396.0,396.0,,,,
SWEEP_redundancy_1.2,11,random,L3c_SplitNN_形态A双向,splitnn,7236.0,2171.0,0.6289965331278891,0.23413424499229585,1.703546767106089,0.0847457627118644,1.6956963211747247,0.1694915254237288,1.9500507693509332,0.3898305084745763,466944.0,redundancy,1.2,228.0,,,1.0,,,
SWEEP_redundancy_1.2,11,random,L3c_SplitNN_形态B自监督,splitnn,7236.0,2171.0,0.6680309450436568,0.32190549563430915,2.0442561205273067,0.1016949152542373,2.03483558540967,0.2033898305084746,1.9500507693509332,0.3898305084745763,233472.0,redundancy,1.2,228.0,,,0.0,,,
SWEEP_redundancy_1.2,11,random,L3c_SplitNN_形态B随机,splitnn,7236.0,2171.0,0.6585050719054956,0.3604503723677452,1.703546767106089,0.0847457627118644,2.204405217527142,0.22033898305084745,1.9500507693509332,0.3898305084745763,233472.0,redundancy,1.2,228.0,,,0.0,,,
SWEEP_redundancy_1.2,11,random,L0_内地单方_UPLIFT,t_learner,7236.0,2171.0,,,,,,,,,,redundancy,1.2,,,,,0.0058862061938357675,0.04345238095238095,
SWEEP_redundancy_1.2,11,random,L1_加k匿名统计_UPLIFT,t_learner,7236.0,2171.0,,,,,,,,,,redundancy,1.2,,,,,0.004581369232306068,0.03573859768550035,
SWEEP_redundancy_1.2,11,random,L2_加粗粒度标记_UPLIFT,t_learner,7236.0,2171.0,,,,,,,,,,redundancy,1.2,,,,,0.005527006086208265,0.05632008154943935,
SWEEP_redundancy_1.2,11,random,L4_集中式_UPLIFT,t_learner,7236.0,2171.0,,,,,,,,,,redundancy,1.2,,,,,0.008189291375952564,0.1017857142857143,
SWEEP_redundancy_1.2,11,random,OVERLAP_L1_vs_L3a_联邦LR,top_k_overlap,,,,,,,,,,,,redundancy,1.2,,,,,,,0.5161290322580645
SWEEP_redundancy_1.2,11,random,OVERLAP_L1_vs_L3b_纵向GBDT,top_k_overlap,,,,,,,,,,,,redundancy,1.2,,,,,,,0.4055299539170507
SWEEP_redundancy_1.2,11,random,OVERLAP_L1_vs_L3c_SplitNN_形态A双向,top_k_overlap,,,,,,,,,,,,redundancy,1.2,,,,,,,0.391705069124424
SWEEP_redundancy_1.2,22,random,L0_内地单方_LR,logistic,7169.0,2151.0,0.7652913108602666,0.4533501134977378,6.809014169430207,0.3387096774193548,4.356864216054014,0.43548387096774194,3.14662415603901,0.6290322580645161,0.0,redundancy,1.2,,,,,,,
SWEEP_redundancy_1.2,22,random,L1_加k匿名统计_LR,logistic,7169.0,2151.0,0.7665112185178894,0.4643987708272209,7.133252939403075,0.3548387096774194,4.518229557389347,0.45161290322580644,3.2273068267066765,0.6451612903225806,342.0,redundancy,1.2,,,,,,,
SWEEP_redundancy_1.2,22,random,L2_加粗粒度标记_LR,logistic,7169.0,2151.0,0.7650210781512995,0.4514353217313424,6.809014169430207,0.3387096774193548,4.356864216054014,0.43548387096774194,3.14662415603901,0.6290322580645161,0.0,redundancy,1.2,,,,,,,
SWEEP_redundancy_1.2,22,random,L4_集中式_LR,logistic,7169.0,2151.0,0.8383467934958847,0.5217344307354962,7.457491709375942,0.3709677419354839,5.647786946736685,0.5645161290322581,3.38867216804201,0.6774193548387096,0.0,redundancy,1.2,,,,,,,
SWEEP_redundancy_1.2,22,random,L0_内地单方_GBDT,gbdt,7169.0,2151.0,0.7700126623326489,0.43803177936657456,6.160536629484473,0.3064516129032258,4.356864216054014,0.43548387096774194,3.0659414853713427,0.6129032258064516,0.0,redundancy,1.2,60.0,0.0,0.0,,,,
SWEEP_redundancy_1.2,22,random,L4_集中式_GBDT,gbdt,7169.0,2151.0,0.8022205407742553,0.48398678176006427,7.133252939403075,0.3548387096774194,5.002325581395349,0.5,3.2273068267066765,0.6451612903225806,1957500.0,redundancy,1.2,60.0,408.0,408.0,,,,
SWEEP_redundancy_1.2,22,random,L3a_联邦LR,federated_logistic,7169.0,2151.0,0.8380070723760404,0.5166154511342054,7.133252939403075,0.3548387096774194,5.647786946736685,0.5645161290322581,3.4693548387096773,0.6935483870967742,4014400.0,redundancy,1.2,400.0,,,,,,
SWEEP_redundancy_1.2,22,random,L3b_纵向GBDT,vertical_gbdt,7169.0,2151.0,0.8022205407742553,0.48398678176006427,7.133252939403075,0.3548387096774194,5.002325581395349,0.5,3.2273068267066765,0.6451612903225806,1957500.0,redundancy,1.2,60.0,408.0,408.0,,,,
SWEEP_redundancy_1.2,22,random,L3c_SplitNN_形态A双向,splitnn,7169.0,2151.0,0.8298074398925247,0.5485801201377414,7.457491709375942,0.3709677419354839,5.002325581395349,0.5,3.4693548387096773,0.6935483870967742,466944.0,redundancy,1.2,228.0,,,1.0,,,
SWEEP_redundancy_1.2,22,random,L3c_SplitNN_形态B自监督,splitnn,7169.0,2151.0,0.7880912305625473,0.4772155221668031,7.133252939403075,0.3548387096774194,4.518229557389347,0.45161290322580644,3.2273068267066765,0.6451612903225806,233472.0,redundancy,1.2,228.0,,,0.0,,,
SWEEP_redundancy_1.2,22,random,L3c_SplitNN_形态B随机,splitnn,7169.0,2151.0,0.7756836887536868,0.42683642428079493,7.457491709375942,0.3709677419354839,4.356864216054014,0.43548387096774194,2.985258814703676,0.5967741935483871,233472.0,redundancy,1.2,228.0,,,0.0,,,
SWEEP_redundancy_1.2,22,random,L0_内地单方_UPLIFT,t_learner,7169.0,2151.0,,,,,,,,,,redundancy,1.2,,,,,0.009393863937283226,0.12210107303565247,
SWEEP_redundancy_1.2,22,random,L1_加k匿名统计_UPLIFT,t_learner,7169.0,2151.0,,,,,,,,,,redundancy,1.2,,,,,0.009051626052171892,0.11059190031152646,
SWEEP_redundancy_1.2,22,random,L2_加粗粒度标记_UPLIFT,t_learner,7169.0,2151.0,,,,,,,,,,redundancy,1.2,,,,,0.009450771842696288,0.12445906179678035,
SWEEP_redundancy_1.2,22,random,L4_集中式_UPLIFT,t_learner,7169.0,2151.0,,,,,,,,,,redundancy,1.2,,,,,0.009825907683595644,0.15047021943573669,
SWEEP_redundancy_1.2,22,random,OVERLAP_L1_vs_L3a_联邦LR,top_k_overlap,,,,,,,,,,,,redundancy,1.2,,,,,,,0.5534883720930233
SWEEP_redundancy_1.2,22,random,OVERLAP_L1_vs_L3b_纵向GBDT,top_k_overlap,,,,,,,,,,,,redundancy,1.2,,,,,,,0.413953488372093
SWEEP_redundancy_1.2,22,random,OVERLAP_L1_vs_L3c_SplitNN_形态A双向,top_k_overlap,,,,,,,,,,,,redundancy,1.2,,,,,,,0.46511627906976744
SWEEP_redundancy_1.2,33,random,L0_内地单方_LR,logistic,7289.0,2187.0,0.8000709405795536,0.4710608701016301,4.933824635283502,0.2459016393442623,4.275981350579035,0.4262295081967213,2.87147841092396,0.5737704918032787,0.0,redundancy,1.2,,,,,,,
SWEEP_redundancy_1.2,33,random,L1_加k匿名统计_LR,logistic,7289.0,2187.0,0.7780793609179094,0.4572120352235399,4.275981350579035,0.21311475409836064,3.947059708226801,0.39344262295081966,2.543309449675507,0.5081967213114754,384.0,redundancy,1.2,,,,,,,
SWEEP_redundancy_1.2,33,random,L2_加粗粒度标记_LR,logistic,7289.0,2187.0,0.8036642351525993,0.47569514057030055,5.920589562340202,0.29508196721311475,4.111520529402918,0.4098360655737705,3.0355628915481865,0.6065573770491803,0.0,redundancy,1.2,,,,,,,
SWEEP_redundancy_1.2,33,random,L4_集中式_LR,logistic,7289.0,2187.0,0.8535771016146693,0.5481470629057879,7.236276131749135,0.36065573770491804,5.427207098811851,0.5409836065573771,3.609858573732978,0.7213114754098361,0.0,redundancy,1.2,,,,,,,
SWEEP_redundancy_1.2,33,random,L0_内地单方_GBDT,gbdt,7289.0,2187.0,0.7660348842589022,0.44492851965516705,4.933824635283502,0.2459016393442623,3.7825988870506846,0.3770491803278688,2.7894361706118467,0.5573770491803278,0.0,redundancy,1.2,60.0,0.0,0.0,,,,
SWEEP_redundancy_1.2,33,random,L4_集中式_GBDT,gbdt,7289.0,2187.0,0.8134571195040328,0.5188455191770893,6.907354489396902,0.3442622950819672,4.440442171755151,0.4426229508196721,3.1996473721724126,0.639344262295082,1998000.0,redundancy,1.2,60.0,420.0,420.0,,,,
SWEEP_redundancy_1.2,33,random,L3a_联邦LR,federated_logistic,7289.0,2187.0,0.8541554215566831,0.5509692642228151,7.236276131749135,0.36065573770491804,5.427207098811851,0.5409836065573771,3.609858573732978,0.7213114754098361,4081600.0,redundancy,1.2,400.0,,,,,,
SWEEP_redundancy_1.2,33,random,L3b_纵向GBDT,vertical_gbdt,7289.0,2187.0,0.8134571195040328,0.5188455191770893,6.907354489396902,0.3442622950819672,4.440442171755151,0.4426229508196721,3.1996473721724126,0.639344262295082,1998000.0,redundancy,1.2,60.0,420.0,420.0,,,,
SWEEP_redundancy_1.2,33,random,L3c_SplitNN_形态A双向,splitnn,7289.0,2187.0,0.7936554446894808,0.45656431688848453,5.262746277635735,0.26229508196721313,3.947059708226801,0.39344262295081966,3.0355628915481865,0.6065573770491803,466944.0,redundancy,1.2,228.0,,,1.0,,,
SWEEP_redundancy_1.2,33,random,L3c_SplitNN_形态B自监督,splitnn,7289.0,2187.0,0.7422081026479341,0.39487685640701387,3.6181380658745677,0.18032786885245902,3.7825988870506846,0.3770491803278688,2.6253516899876206,0.5245901639344263,233472.0,redundancy,1.2,228.0,,,0.0,,,
SWEEP_redundancy_1.2,33,random,L3c_SplitNN_形态B随机,splitnn,7289.0,2187.0,0.7798451644741915,0.4523155930478232,5.262746277635735,0.26229508196721313,4.111520529402918,0.4098360655737705,3.1176051318602993,0.6229508196721312,233472.0,redundancy,1.2,228.0,,,0.0,,,
SWEEP_redundancy_1.2,33,random,L0_内地单方_UPLIFT,t_learner,7289.0,2187.0,,,,,,,,,,redundancy,1.2,,,,,0.01113787263844161,0.1821865766146053,
SWEEP_redundancy_1.2,33,random,L1_加k匿名统计_UPLIFT,t_learner,7289.0,2187.0,,,,,,,,,,redundancy,1.2,,,,,0.00881751359031146,0.12508417508417508,
SWEEP_redundancy_1.2,33,random,L2_加粗粒度标记_UPLIFT,t_learner,7289.0,2187.0,,,,,,,,,,redundancy,1.2,,,,,0.010246269866882035,0.10755593077247785,
SWEEP_redundancy_1.2,33,random,L4_集中式_UPLIFT,t_learner,7289.0,2187.0,,,,,,,,,,redundancy,1.2,,,,,0.009458057009574602,0.19662304769945121,
SWEEP_redundancy_1.2,33,random,OVERLAP_L1_vs_L3a_联邦LR,top_k_overlap,,,,,,,,,,,,redundancy,1.2,,,,,,,0.43119266055045874
SWEEP_redundancy_1.2,33,random,OVERLAP_L1_vs_L3b_纵向GBDT,top_k_overlap,,,,,,,,,,,,redundancy,1.2,,,,,,,0.3944954128440367
SWEEP_redundancy_1.2,33,random,OVERLAP_L1_vs_L3c_SplitNN_形态A双向,top_k_overlap,,,,,,,,,,,,redundancy,1.2,,,,,,,0.3669724770642202
SWEEP_redundancy_1.2,44,random,L0_内地单方_LR,logistic,7289.0,2187.0,0.7533096276588942,0.40096698686381604,4.338209769402431,0.21621621621621623,3.9315026035209524,0.3918918918918919,2.7051765724534604,0.5405405405405406,0.0,redundancy,1.2,,,,,,,
SWEEP_redundancy_1.2,44,random,L1_加k匿名统计_LR,logistic,7289.0,2187.0,0.7548828999373249,0.4111165116844246,4.338209769402431,0.21621621621621623,3.2536573270518225,0.32432432432432434,2.637547158142124,0.527027027027027,384.0,redundancy,1.2,,,,,,,
SWEEP_redundancy_1.2,44,random,L2_加粗粒度标记_LR,logistic,7289.0,2187.0,0.7579718857522927,0.3947762244023484,4.338209769402431,0.21621621621621623,3.5247954376394746,0.35135135135135137,2.8404354010761335,0.5675675675675675,0.0,redundancy,1.2,,,,,,,
SWEEP_redundancy_1.2,44,random,L4_集中式_LR,logistic,7289.0,2187.0,0.8388355226973306,0.565290799554879,7.049590875278949,0.35135135135135137,5.01605504587156,0.5,3.6519883728121716,0.7297297297297297,0.0,redundancy,1.2,,,,,,,
SWEEP_redundancy_1.2,44,random,L0_内地单方_GBDT,gbdt,7289.0,2187.0,0.7418746242693237,0.3722004067484428,3.2536573270518225,0.16216216216216217,3.1180882717579967,0.3108108108108108,2.637547158142124,0.527027027027027,0.0,redundancy,1.2,60.0,0.0,0.0,,,,
SWEEP_redundancy_1.2,44,random,L4_集中式_GBDT,gbdt,7289.0,2187.0,0.78555531395096,0.5390568040828334,3.2536573270518225,0.16216216216216217,3.1180882717579967,0.3108108108108108,3.3814707155668255,0.6756756756756757,1975516.0,redundancy,1.2,60.0,398.0,398.0,,,,
SWEEP_redundancy_1.2,44,random,L3a_联邦LR,federated_logistic,7289.0,2187.0,0.8388547089446284,0.5648175387881966,6.507314654103645,0.32432432432432434,5.151624101165386,0.5135135135135135,3.6519883728121716,0.7297297297297297,4081600.0,redundancy,1.2,400.0,,,,,,
SWEEP_redundancy_1.2,44,random,L3b_纵向GBDT,vertical_gbdt,7289.0,2187.0,0.78555531395096,0.5390568040828334,3.2536573270518225,0.16216216216216217,3.1180882717579967,0.3108108108108108,3.3814707155668255,0.6756756756756757,1975516.0,redundancy,1.2,60.0,398.0,398.0,,,,
SWEEP_redundancy_1.2,44,random,L3c_SplitNN_形态A双向,splitnn,7289.0,2187.0,0.803436896432637,0.523432803366547,4.880485990577734,0.24324324324324326,3.9315026035209524,0.3918918918918919,3.178582472632816,0.6351351351351351,466944.0,redundancy,1.2,228.0,,,1.0,,,
SWEEP_redundancy_1.2,44,random,L3c_SplitNN_形态B自监督,splitnn,7289.0,2187.0,0.7354856039191108,0.3651654494058659,4.609347879990082,0.22972972972972974,3.7959335482271266,0.3783783783783784,2.5699177438307874,0.5135135135135135,233472.0,redundancy,1.2,228.0,,,0.0,,,
SWEEP_redundancy_1.2,44,random,L3c_SplitNN_形态B随机,splitnn,7289.0,2187.0,0.727197145086402,0.3501873856819432,4.067071658814778,0.20270270270270271,3.3892263823456488,0.33783783783783783,2.4346589152081144,0.4864864864864865,233472.0,redundancy,1.2,228.0,,,0.0,,,
SWEEP_redundancy_1.2,44,random,L0_内地单方_UPLIFT,t_learner,7289.0,2187.0,,,,,,,,,,redundancy,1.2,,,,,0.006545094728620685,0.06734006734006734,
SWEEP_redundancy_1.2,44,random,L1_加k匿名统计_UPLIFT,t_learner,7289.0,2187.0,,,,,,,,,,redundancy,1.2,,,,,0.006511363114223954,0.06793088916982723,
SWEEP_redundancy_1.2,44,random,L2_加粗粒度标记_UPLIFT,t_learner,7289.0,2187.0,,,,,,,,,,redundancy,1.2,,,,,0.006486715255048188,0.07227088948787064,
SWEEP_redundancy_1.2,44,random,L4_集中式_UPLIFT,t_learner,7289.0,2187.0,,,,,,,,,,redundancy,1.2,,,,,0.008875296805802513,0.10444743935309972,
SWEEP_redundancy_1.2,44,random,OVERLAP_L1_vs_L3a_联邦LR,top_k_overlap,,,,,,,,,,,,redundancy,1.2,,,,,,,0.4724770642201835
SWEEP_redundancy_1.2,44,random,OVERLAP_L1_vs_L3b_纵向GBDT,top_k_overlap,,,,,,,,,,,,redundancy,1.2,,,,,,,0.481651376146789
SWEEP_redundancy_1.2,44,random,OVERLAP_L1_vs_L3c_SplitNN_形态A双向,top_k_overlap,,,,,,,,,,,,redundancy,1.2,,,,,,,0.44954128440366975
SWEEP_redundancy_1.2,55,random,L0_内地单方_LR,logistic,7121.0,2137.0,0.7784283112151965,0.44279132417994516,5.7601078167115904,0.2857142857142857,3.9812951784782773,0.3968253968253968,2.9392587636147356,0.5873015873015873,0.0,redundancy,1.2,,,,,,,
SWEEP_redundancy_1.2,55,random,L1_加k匿名统计_LR,logistic,7121.0,2137.0,0.7777854311123357,0.4555570862224671,5.44010182689428,0.2698412698412698,3.9812951784782773,0.3968253968253968,3.17757704174566,0.6349206349206349,372.0,redundancy,1.2,,,,,,,
SWEEP_redundancy_1.2,55,random,L2_加粗粒度标记_LR,logistic,7121.0,2137.0,0.7851326322878878,0.4660498079013026,5.7601078167115904,0.2857142857142857,4.618302407034801,0.4603174603174603,3.0981376157020186,0.6190476190476191,0.0,redundancy,1.2,,,,,,,
SWEEP_redundancy_1.2,55,random,L4_集中式_LR,logistic,7121.0,2137.0,0.831167439653457,0.5468231008250295,7.680143755615454,0.38095238095238093,4.777554214173933,0.47619047619047616,3.336455893832943,0.6666666666666666,0.0,redundancy,1.2,,,,,,,
SWEEP_redundancy_1.2,55,random,L0_内地单方_GBDT,gbdt,7121.0,2137.0,0.7590385881128408,0.4460133780288071,5.120095837076969,0.25396825396825395,3.503539757060884,0.3492063492063492,2.4626222073528865,0.49206349206349204,0.0,redundancy,1.2,60.0,0.0,0.0,,,,
SWEEP_redundancy_1.2,55,random,L4_集中式_GBDT,gbdt,7121.0,2137.0,0.7968881541687712,0.46944788844499546,5.44010182689428,0.2698412698412698,4.2997987927565395,0.42857142857142855,2.859819337571094,0.5714285714285714,1955520.0,redundancy,1.2,60.0,420.0,420.0,,,,
SWEEP_redundancy_1.2,55,random,L3a_联邦LR,federated_logistic,7121.0,2137.0,0.831236319664478,0.5453766205935926,7.680143755615454,0.38095238095238093,4.777554214173933,0.47619047619047616,3.336455893832943,0.6666666666666666,3987200.0,redundancy,1.2,400.0,,,,,,
SWEEP_redundancy_1.2,55,random,L3b_纵向GBDT,vertical_gbdt,7121.0,2137.0,0.7968881541687712,0.46944788844499546,5.44010182689428,0.2698412698412698,4.2997987927565395,0.42857142857142855,2.859819337571094,0.5714285714285714,1955520.0,redundancy,1.2,60.0,420.0,420.0,,,,
SWEEP_redundancy_1.2,55,random,L3c_SplitNN_形态A双向,splitnn,7121.0,2137.0,0.8244631185807657,0.5149622690606297,7.040131775980833,0.3492063492063492,4.777554214173933,0.47619047619047616,3.336455893832943,0.6666666666666666,466944.0,redundancy,1.2,228.0,,,1.0,,,
SWEEP_redundancy_1.2,55,random,L3c_SplitNN_形态B自监督,splitnn,7121.0,2137.0,0.8026281550871714,0.5044312807090049,6.0801138065289,0.30158730158730157,4.45905059989567,0.4444444444444444,3.0981376157020186,0.6190476190476191,233472.0,redundancy,1.2,228.0,,,0.0,,,
SWEEP_redundancy_1.2,55,random,L3c_SplitNN_形态B随机,splitnn,7121.0,2137.0,0.7960233273637324,0.5161179225788677,4.800089847259659,0.23809523809523808,3.9812951784782773,0.3968253968253968,3.2570164677893017,0.6507936507936508,233472.0,redundancy,1.2,228.0,,,0.0,,,
SWEEP_redundancy_1.2,55,random,L0_内地单方_UPLIFT,t_learner,7121.0,2137.0,,,,,,,,,,redundancy,1.2,,,,,0.009192335582594862,0.17069299947099276,
SWEEP_redundancy_1.2,55,random,L1_加k匿名统计_UPLIFT,t_learner,7121.0,2137.0,,,,,,,,,,redundancy,1.2,,,,,0.009639447357936887,0.1738095238095238,
SWEEP_redundancy_1.2,55,random,L2_加粗粒度标记_UPLIFT,t_learner,7121.0,2137.0,,,,,,,,,,redundancy,1.2,,,,,0.00909560878081721,0.16814002828854313,
SWEEP_redundancy_1.2,55,random,L4_集中式_UPLIFT,t_learner,7121.0,2137.0,,,,,,,,,,redundancy,1.2,,,,,0.009255927467087026,0.16452991452991453,
SWEEP_redundancy_1.2,55,random,OVERLAP_L1_vs_L3a_联邦LR,top_k_overlap,,,,,,,,,,,,redundancy,1.2,,,,,,,0.539906103286385
SWEEP_redundancy_1.2,55,random,OVERLAP_L1_vs_L3b_纵向GBDT,top_k_overlap,,,,,,,,,,,,redundancy,1.2,,,,,,,0.4694835680751174
SWEEP_redundancy_1.2,55,random,OVERLAP_L1_vs_L3c_SplitNN_形态A双向,top_k_overlap,,,,,,,,,,,,redundancy,1.2,,,,,,,0.4131455399061033
SWEEP_match_error_rate_0.0,11,random,L0_内地单方_LR,logistic,7236.0,2171.0,0.6562259244992295,0.2446070878274268,2.3849654739485247,0.11864406779661017,2.5435444817620874,0.2542372881355932,1.8652659532921971,0.3728813559322034,0.0,match_error_rate,0.0,,,,,,,
SWEEP_match_error_rate_0.0,11,random,L1_加k匿名统计_LR,logistic,7236.0,2171.0,0.6469729070364664,0.2555132896764253,3.06638418079096,0.15254237288135594,2.204405217527142,0.22033898305084745,1.6956963211747247,0.3389830508474576,384.0,match_error_rate,0.0,,,,,,,
SWEEP_match_error_rate_0.0,11,random,L2_加粗粒度标记_LR,logistic,7236.0,2171.0,0.6528794298921418,0.23192732408834105,2.7256748273697426,0.13559322033898305,2.03483558540967,0.2033898305084746,1.6956963211747247,0.3389830508474576,0.0,match_error_rate,0.0,,,,,,,
SWEEP_match_error_rate_0.0,11,random,L4_集中式_LR,logistic,7236.0,2171.0,0.6869221879815102,0.358355803800719,1.703546767106089,0.0847457627118644,2.204405217527142,0.22033898305084745,1.8652659532921971,0.3728813559322034,0.0,match_error_rate,0.0,,,,,,,
SWEEP_match_error_rate_0.0,11,random,L0_内地单方_GBDT,gbdt,7236.0,2171.0,0.5997046738572162,0.18472329224447867,2.7256748273697426,0.13559322033898305,1.8652659532921971,0.1864406779661017,1.6109115051159884,0.3220338983050847,0.0,match_error_rate,0.0,60.0,0.0,0.0,,,,
SWEEP_match_error_rate_0.0,11,random,L4_集中式_GBDT,gbdt,7236.0,2171.0,0.656675333846944,0.2974688623523369,2.0442561205273067,0.1016949152542373,2.7131141138795596,0.2711864406779661,1.8652659532921971,0.3728813559322034,1984680.0,match_error_rate,0.0,60.0,420.0,420.0,,,,
SWEEP_match_error_rate_0.0,11,random,L3a_联邦LR,federated_logistic,7236.0,2171.0,0.6874598741653826,0.35930277349768874,1.703546767106089,0.0847457627118644,2.204405217527142,0.22033898305084745,1.8652659532921971,0.3728813559322034,4052000.0,match_error_rate,0.0,400.0,,,,,,
SWEEP_match_error_rate_0.0,11,random,L3b_纵向GBDT,vertical_gbdt,7236.0,2171.0,0.656675333846944,0.2974688623523369,2.0442561205273067,0.1016949152542373,2.7131141138795596,0.2711864406779661,1.8652659532921971,0.3728813559322034,1984680.0,match_error_rate,0.0,60.0,420.0,420.0,,,,
SWEEP_match_error_rate_0.0,11,random,L3c_SplitNN_形态A双向,splitnn,7236.0,2171.0,0.6228011042629688,0.21043592706728298,1.3628374136848713,0.06779661016949153,1.5261266890572522,0.15254237288135594,1.8652659532921971,0.3728813559322034,466944.0,match_error_rate,0.0,228.0,,,1.0,,,
SWEEP_match_error_rate_0.0,11,random,L3c_SplitNN_形态B自监督,splitnn,7236.0,2171.0,0.6758314072932717,0.2884004237288136,2.7256748273697426,0.13559322033898305,1.8652659532921971,0.1864406779661017,2.289190033585878,0.4576271186440678,233472.0,match_error_rate,0.0,228.0,,,0.0,,,
SWEEP_match_error_rate_0.0,11,random,L3c_SplitNN_形态B随机,splitnn,7236.0,2171.0,0.6466679506933745,0.28497367745249097,2.3849654739485247,0.11864406779661017,2.3739748496446142,0.23728813559322035,1.6956963211747247,0.3389830508474576,233472.0,match_error_rate,0.0,228.0,,,0.0,,,
SWEEP_match_error_rate_0.0,11,random,L0_内地单方_UPLIFT,t_learner,7236.0,2171.0,,,,,,,,,,match_error_rate,0.0,,,,,0.0037417168820200763,-0.006998975759644935,
SWEEP_match_error_rate_0.0,11,random,L1_加k匿名统计_UPLIFT,t_learner,7236.0,2171.0,,,,,,,,,,match_error_rate,0.0,,,,,0.0035832950266480373,-0.004166666666666666,
SWEEP_match_error_rate_0.0,11,random,L2_加粗粒度标记_UPLIFT,t_learner,7236.0,2171.0,,,,,,,,,,match_error_rate,0.0,,,,,0.004901469396811398,0.06720475785896346,
SWEEP_match_error_rate_0.0,11,random,L4_集中式_UPLIFT,t_learner,7236.0,2171.0,,,,,,,,,,match_error_rate,0.0,,,,,0.006508145887099911,0.07468419255718675,
SWEEP_match_error_rate_0.0,11,random,OVERLAP_L1_vs_L3a_联邦LR,top_k_overlap,,,,,,,,,,,,match_error_rate,0.0,,,,,,,0.4423963133640553
SWEEP_match_error_rate_0.0,11,random,OVERLAP_L1_vs_L3b_纵向GBDT,top_k_overlap,,,,,,,,,,,,match_error_rate,0.0,,,,,,,0.23963133640552994
SWEEP_match_error_rate_0.0,11,random,OVERLAP_L1_vs_L3c_SplitNN_形态A双向,top_k_overlap,,,,,,,,,,,,match_error_rate,0.0,,,,,,,0.37327188940092165
SWEEP_match_error_rate_0.0,22,random,L0_内地单方_LR,logistic,7169.0,2151.0,0.7509458144813848,0.4156410691950154,5.187820319565872,0.25806451612903225,4.195498874718679,0.41935483870967744,2.985258814703676,0.5967741935483871,0.0,match_error_rate,0.0,,,,,,,
SWEEP_match_error_rate_0.0,22,random,L1_加k匿名统计_LR,logistic,7169.0,2151.0,0.7505443258852051,0.4023842245865439,4.863581549593005,0.24193548387096775,3.711402850712678,0.3709677419354839,2.8238934733683423,0.5645161290322581,384.0,match_error_rate,0.0,,,,,,,
SWEEP_match_error_rate_0.0,22,random,L2_加粗粒度标记_LR,logistic,7169.0,2151.0,0.752876048116864,0.40345743448787047,5.512059089538739,0.27419354838709675,4.195498874718679,0.41935483870967744,2.904576144036009,0.5806451612903226,0.0,match_error_rate,0.0,,,,,,,
SWEEP_match_error_rate_0.0,22,random,L4_集中式_LR,logistic,7169.0,2151.0,0.8334980466035609,0.5349912753439676,6.48477539945734,0.3225806451612903,5.163690922730682,0.5161290322580645,3.4693548387096773,0.6935483870967742,0.0,match_error_rate,0.0,,,,,,,
SWEEP_match_error_rate_0.0,22,random,L0_内地单方_GBDT,gbdt,7169.0,2151.0,0.7323769669080745,0.3450871693509782,4.863581549593005,0.24193548387096775,3.872768192048012,0.3870967741935484,2.6625281320330085,0.532258064516129,0.0,match_error_rate,0.0,60.0,0.0,0.0,,,,
SWEEP_match_error_rate_0.0,22,random,L4_集中式_GBDT,gbdt,7169.0,2151.0,0.7983523525687549,0.5026251177442518,5.187820319565872,0.25806451612903225,4.195498874718679,0.41935483870967744,3.38867216804201,0.6774193548387096,1967760.0,match_error_rate,0.0,60.0,420.0,420.0,,,,
SWEEP_match_error_rate_0.0,22,random,L3a_联邦LR,federated_logistic,7169.0,2151.0,0.8334671628653931,0.5388208588767585,6.48477539945734,0.3225806451612903,5.163690922730682,0.5161290322580645,3.4693548387096773,0.6935483870967742,4014400.0,match_error_rate,0.0,400.0,,,,,,
SWEEP_match_error_rate_0.0,22,random,L3b_纵向GBDT,vertical_gbdt,7169.0,2151.0,0.7983523525687549,0.5026251177442518,5.187820319565872,0.25806451612903225,4.195498874718679,0.41935483870967744,3.38867216804201,0.6774193548387096,1967760.0,match_error_rate,0.0,60.0,420.0,420.0,,,,
SWEEP_match_error_rate_0.0,22,random,L3c_SplitNN_形态A双向,splitnn,7169.0,2151.0,0.8268657638320542,0.5221436402662178,6.160536629484473,0.3064516129032258,5.647786946736685,0.5645161290322581,3.38867216804201,0.6774193548387096,466944.0,match_error_rate,0.0,228.0,,,1.0,,,
SWEEP_match_error_rate_0.0,22,random,L3c_SplitNN_形态B自监督,splitnn,7169.0,2151.0,0.7933646288546765,0.46031439645454686,7.457491709375942,0.3709677419354839,4.679594898724681,0.46774193548387094,3.0659414853713427,0.6129032258064516,233472.0,match_error_rate,0.0,228.0,,,0.0,,,
SWEEP_match_error_rate_0.0,22,random,L3c_SplitNN_形态B随机,splitnn,7169.0,2151.0,0.7798298306026961,0.4624839790608255,4.539342779620138,0.22580645161290322,4.195498874718679,0.41935483870967744,3.14662415603901,0.6290322580645161,233472.0,match_error_rate,0.0,228.0,,,0.0,,,
SWEEP_match_error_rate_0.0,22,random,L0_内地单方_UPLIFT,t_learner,7169.0,2151.0,,,,,,,,,,match_error_rate,0.0,,,,,0.0067822098549899235,0.04351595006934813,
SWEEP_match_error_rate_0.0,22,random,L1_加k匿名统计_UPLIFT,t_learner,7169.0,2151.0,,,,,,,,,,match_error_rate,0.0,,,,,0.007656236201044112,0.0365178262374524,
SWEEP_match_error_rate_0.0,22,random,L2_加粗粒度标记_UPLIFT,t_learner,7169.0,2151.0,,,,,,,,,,match_error_rate,0.0,,,,,0.0063911025042245485,0.03996185852981969,
SWEEP_match_error_rate_0.0,22,random,L4_集中式_UPLIFT,t_learner,7169.0,2151.0,,,,,,,,,,match_error_rate,0.0,,,,,0.009762622365920848,0.1352951572993991,
SWEEP_match_error_rate_0.0,22,random,OVERLAP_L1_vs_L3a_联邦LR,top_k_overlap,,,,,,,,,,,,match_error_rate,0.0,,,,,,,0.44651162790697674
SWEEP_match_error_rate_0.0,22,random,OVERLAP_L1_vs_L3b_纵向GBDT,top_k_overlap,,,,,,,,,,,,match_error_rate,0.0,,,,,,,0.3581395348837209
SWEEP_match_error_rate_0.0,22,random,OVERLAP_L1_vs_L3c_SplitNN_形态A双向,top_k_overlap,,,,,,,,,,,,match_error_rate,0.0,,,,,,,0.4372093023255814
SWEEP_match_error_rate_0.0,33,random,L0_内地单方_LR,logistic,7289.0,2187.0,0.6904291905062998,0.3005567293308452,1.6446082117611671,0.08196721311475409,2.1379906752895175,0.21311475409836064,2.2151404884270547,0.4426229508196721,0.0,match_error_rate,0.0,,,,,,,
SWEEP_match_error_rate_0.0,33,random,L1_加k匿名统计_LR,logistic,7289.0,2187.0,0.6920330644788182,0.33508628533534845,2.6313731388178674,0.13114754098360656,2.466912317641751,0.2459016393442623,2.297182728739168,0.45901639344262296,384.0,match_error_rate,0.0,,,,,,,
SWEEP_match_error_rate_0.0,33,random,L2_加粗粒度标记_LR,logistic,7289.0,2187.0,0.709899295220764,0.3591983714510433,2.6313731388178674,0.13114754098360656,2.7958339599939843,0.2786885245901639,2.379224969051281,0.47540983606557374,0.0,match_error_rate,0.0,,,,,,,
SWEEP_match_error_rate_0.0,33,random,L4_集中式_LR,logistic,7289.0,2187.0,0.7945807565967028,0.4398393041654457,5.591667919987969,0.2786885245901639,4.604902992931268,0.45901639344262296,3.0355628915481865,0.6065573770491803,0.0,match_error_rate,0.0,,,,,,,
SWEEP_match_error_rate_0.0,33,random,L0_内地单方_GBDT,gbdt,7289.0,2187.0,0.6452585475687429,0.25181592461792335,1.9735298541134005,0.09836065573770492,1.8090690329372838,0.18032786885245902,1.6408448062422627,0.32786885245901637,0.0,match_error_rate,0.0,60.0,0.0,0.0,,,,
SWEEP_match_error_rate_0.0,33,random,L4_集中式_GBDT,gbdt,7289.0,2187.0,0.787247659731968,0.43383248770106253,6.2495112046924355,0.3114754098360656,3.947059708226801,0.39344262295081966,2.87147841092396,0.5737704918032787,1998000.0,match_error_rate,0.0,60.0,420.0,420.0,,,,
SWEEP_match_error_rate_0.0,33,random,L3a_联邦LR,federated_logistic,7289.0,2187.0,0.794711842450226,0.4388985703931033,5.591667919987969,0.2786885245901639,4.604902992931268,0.45901639344262296,3.0355628915481865,0.6065573770491803,4081600.0,match_error_rate,0.0,400.0,,,,,,
SWEEP_match_error_rate_0.0,33,random,L3b_纵向GBDT,vertical_gbdt,7289.0,2187.0,0.787247659731968,0.43383248770106253,6.2495112046924355,0.3114754098360656,3.947059708226801,0.39344262295081966,2.87147841092396,0.5737704918032787,1998000.0,match_error_rate,0.0,60.0,420.0,420.0,,,,
SWEEP_match_error_rate_0.0,33,random,L3c_SplitNN_形态A双向,splitnn,7289.0,2187.0,0.7835849667658807,0.4496476103819996,4.933824635283502,0.2459016393442623,4.111520529402918,0.4098360655737705,2.9535206512360728,0.5901639344262295,466944.0,match_error_rate,0.0,228.0,,,1.0,,,
SWEEP_match_error_rate_0.0,33,random,L3c_SplitNN_形态B自监督,splitnn,7289.0,2187.0,0.7095908579183567,0.31566244621624534,4.604902992931268,0.22950819672131148,3.7825988870506846,0.3770491803278688,2.379224969051281,0.47540983606557374,233472.0,match_error_rate,0.0,228.0,,,0.0,,,
SWEEP_match_error_rate_0.0,33,random,L3c_SplitNN_形态B随机,splitnn,7289.0,2187.0,0.7054577980660981,0.35134093117221593,3.947059708226801,0.19672131147540983,3.2892164235223342,0.32786885245901637,2.461267209363394,0.4918032786885246,233472.0,match_error_rate,0.0,228.0,,,0.0,,,
SWEEP_match_error_rate_0.0,33,random,L0_内地单方_UPLIFT,t_learner,7289.0,2187.0,,,,,,,,,,match_error_rate,0.0,,,,,0.008785655775768933,0.06247361756015196,
SWEEP_match_error_rate_0.0,33,random,L1_加k匿名统计_UPLIFT,t_learner,7289.0,2187.0,,,,,,,,,,match_error_rate,0.0,,,,,0.009232347411628872,0.06642759562841528,
SWEEP_match_error_rate_0.0,33,random,L2_加粗粒度标记_UPLIFT,t_learner,7289.0,2187.0,,,,,,,,,,match_error_rate,0.0,,,,,0.006379561506941746,0.025016903313049357,
SWEEP_match_error_rate_0.0,33,random,L4_集中式_UPLIFT,t_learner,7289.0,2187.0,,,,,,,,,,match_error_rate,0.0,,,,,0.009262731976140493,0.16342182890855456,
SWEEP_match_error_rate_0.0,33,random,OVERLAP_L1_vs_L3a_联邦LR,top_k_overlap,,,,,,,,,,,,match_error_rate,0.0,,,,,,,0.481651376146789
SWEEP_match_error_rate_0.0,33,random,OVERLAP_L1_vs_L3b_纵向GBDT,top_k_overlap,,,,,,,,,,,,match_error_rate,0.0,,,,,,,0.3761467889908257
SWEEP_match_error_rate_0.0,33,random,OVERLAP_L1_vs_L3c_SplitNN_形态A双向,top_k_overlap,,,,,,,,,,,,match_error_rate,0.0,,,,,,,0.46788990825688076
SWEEP_match_error_rate_0.0,44,random,L0_内地单方_LR,logistic,7289.0,2187.0,0.7007073329837172,0.30190199664880213,4.338209769402431,0.21621621621621623,2.711381105876519,0.2702702702702703,2.1641412579627683,0.43243243243243246,0.0,match_error_rate,0.0,,,,,,,
SWEEP_match_error_rate_0.0,44,random,L1_加k匿名统计_LR,logistic,7289.0,2187.0,0.7002148859697369,0.3132538596334147,4.338209769402431,0.21621621621621623,2.711381105876519,0.2702702702702703,2.1641412579627683,0.43243243243243246,384.0,match_error_rate,0.0,,,,,,,
SWEEP_match_error_rate_0.0,44,random,L2_加粗粒度标记_LR,logistic,7289.0,2187.0,0.7052288919302644,0.32098591729448334,4.338209769402431,0.21621621621621623,2.575812050582693,0.25675675675675674,2.231770672274105,0.44594594594594594,0.0,match_error_rate,0.0,,,,,,,
SWEEP_match_error_rate_0.0,44,random,L4_集中式_LR,logistic,7289.0,2187.0,0.8144945702920147,0.5180222816285287,6.2361765435159935,0.3108108108108108,4.609347879990082,0.4594594594594595,3.110953058321479,0.6216216216216216,0.0,match_error_rate,0.0,,,,,,,
SWEEP_match_error_rate_0.0,44,random,L0_内地单方_GBDT,gbdt,7289.0,2187.0,0.6636299100804544,0.29207863803225853,4.067071658814778,0.20270270270270271,2.982519216464171,0.2972972972972973,2.1641412579627683,0.43243243243243246,0.0,match_error_rate,0.0,60.0,0.0,0.0,,,,
SWEEP_match_error_rate_0.0,44,random,L4_集中式_GBDT,gbdt,7289.0,2187.0,0.7892902367582917,0.45702920146838744,5.965038432928342,0.2972972972972973,4.067071658814778,0.40540540540540543,3.110953058321479,0.6216216216216216,1998000.0,match_error_rate,0.0,60.0,420.0,420.0,,,,
SWEEP_match_error_rate_0.0,44,random,L3a_联邦LR,federated_logistic,7289.0,2187.0,0.814680037349228,0.5168135480487587,6.507314654103645,0.32432432432432434,4.609347879990082,0.4594594594594595,3.110953058321479,0.6216216216216216,4081600.0,match_error_rate,0.0,400.0,,,,,,
SWEEP_match_error_rate_0.0,44,random,L3b_纵向GBDT,vertical_gbdt,7289.0,2187.0,0.7892902367582917,0.45702920146838744,5.965038432928342,0.2972972972972973,4.067071658814778,0.40540540540540543,3.110953058321479,0.6216216216216216,1998000.0,match_error_rate,0.0,60.0,420.0,420.0,,,,
SWEEP_match_error_rate_0.0,44,random,L3c_SplitNN_形态A双向,splitnn,7289.0,2187.0,0.7947327355751397,0.47642649748660154,5.151624101165386,0.25675675675675674,3.9315026035209524,0.3918918918918919,2.9756942296988065,0.5945945945945946,466944.0,match_error_rate,0.0,228.0,,,1.0,,,
SWEEP_match_error_rate_0.0,44,random,L3c_SplitNN_形态B自监督,splitnn,7289.0,2187.0,0.7535654442895332,0.4044908609508704,5.422762211753038,0.2702702702702703,3.2536573270518225,0.32432432432432434,2.5699177438307874,0.5135135135135135,233472.0,match_error_rate,0.0,228.0,,,0.0,,,
SWEEP_match_error_rate_0.0,44,random,L3c_SplitNN_形态B随机,splitnn,7289.0,2187.0,0.7160627262378327,0.3575804863074148,4.338209769402431,0.21621621621621623,2.711381105876519,0.2702702702702703,2.0288824293400953,0.40540540540540543,233472.0,match_error_rate,0.0,228.0,,,0.0,,,
SWEEP_match_error_rate_0.0,44,random,L0_内地单方_UPLIFT,t_learner,7289.0,2187.0,,,,,,,,,,match_error_rate,0.0,,,,,0.005473479960041761,0.0506862002189105,
SWEEP_match_error_rate_0.0,44,random,L1_加k匿名统计_UPLIFT,t_learner,7289.0,2187.0,,,,,,,,,,match_error_rate,0.0,,,,,0.00583029819364879,0.02108843537414966,
SWEEP_match_error_rate_0.0,44,random,L2_加粗粒度标记_UPLIFT,t_learner,7289.0,2187.0,,,,,,,,,,match_error_rate,0.0,,,,,0.006164717195109094,0.08524258760107818,
SWEEP_match_error_rate_0.0,44,random,L4_集中式_UPLIFT,t_learner,7289.0,2187.0,,,,,,,,,,match_error_rate,0.0,,,,,0.008225707811703436,0.19618758434547912,
SWEEP_match_error_rate_0.0,44,random,OVERLAP_L1_vs_L3a_联邦LR,top_k_overlap,,,,,,,,,,,,match_error_rate,0.0,,,,,,,0.48623853211009177
SWEEP_match_error_rate_0.0,44,random,OVERLAP_L1_vs_L3b_纵向GBDT,top_k_overlap,,,,,,,,,,,,match_error_rate,0.0,,,,,,,0.42660550458715596
SWEEP_match_error_rate_0.0,44,random,OVERLAP_L1_vs_L3c_SplitNN_形态A双向,top_k_overlap,,,,,,,,,,,,match_error_rate,0.0,,,,,,,0.42660550458715596
SWEEP_match_error_rate_0.0,55,random,L0_内地单方_LR,logistic,7121.0,2137.0,0.746092972708209,0.4572561264943135,4.480083857442348,0.2222222222222222,3.344287949921753,0.3333333333333333,2.700940485483811,0.5396825396825397,0.0,match_error_rate,0.0,,,,,,,
SWEEP_match_error_rate_0.0,55,random,L1_加k匿名统计_LR,logistic,7121.0,2137.0,0.7443709724326889,0.4539575392998729,4.480083857442348,0.2222222222222222,3.344287949921753,0.3333333333333333,2.542061633396528,0.5079365079365079,384.0,match_error_rate,0.0,,,,,,,
SWEEP_match_error_rate_0.0,55,random,L2_加粗粒度标记_LR,logistic,7121.0,2137.0,0.7574964411994305,0.453842739281505,4.800089847259659,0.23809523809523808,4.140546985617409,0.4126984126984127,2.9392587636147356,0.5873015873015873,0.0,match_error_rate,0.0,,,,,,,
SWEEP_match_error_rate_0.0,55,random,L4_集中式_LR,logistic,7121.0,2137.0,0.8041741286678605,0.5049134407861504,6.400119796346212,0.31746031746031744,4.936806021313063,0.49206349206349204,3.4158953198765847,0.6825396825396826,0.0,match_error_rate,0.0,,,,,,,
SWEEP_match_error_rate_0.0,55,random,L0_内地单方_GBDT,gbdt,7121.0,2137.0,0.7379727847423122,0.3884985688264377,3.840071877807727,0.19047619047619047,3.1850361427826215,0.31746031746031744,2.700940485483811,0.5396825396825397,0.0,match_error_rate,0.0,60.0,0.0,0.0,,,,
SWEEP_match_error_rate_0.0,55,random,L4_集中式_GBDT,gbdt,7121.0,2137.0,0.7879720194088564,0.504140453995806,4.800089847259659,0.23809523809523808,4.777554214173933,0.47619047619047616,3.4158953198765847,0.6825396825396826,1945800.0,match_error_rate,0.0,60.0,402.0,402.0,,,,
SWEEP_match_error_rate_0.0,55,random,L3a_联邦LR,federated_logistic,7121.0,2137.0,0.803860341950988,0.5015765869189206,6.400119796346212,0.31746031746031744,4.936806021313063,0.49206349206349204,3.4158953198765847,0.6825396825396826,3987200.0,match_error_rate,0.0,400.0,,,,,,
SWEEP_match_error_rate_0.0,55,random,L3b_纵向GBDT,vertical_gbdt,7121.0,2137.0,0.7879720194088564,0.504140453995806,4.800089847259659,0.23809523809523808,4.777554214173933,0.47619047619047616,3.4158953198765847,0.6825396825396826,1945800.0,match_error_rate,0.0,60.0,402.0,402.0,,,,
SWEEP_match_error_rate_0.0,55,random,L3c_SplitNN_形态A双向,splitnn,7121.0,2137.0,0.8168403973611301,0.535695152377891,5.7601078167115904,0.2857142857142857,4.2997987927565395,0.42857142857142855,3.4158953198765847,0.6825396825396826,466944.0,match_error_rate,0.0,228.0,,,1.0,,,
SWEEP_match_error_rate_0.0,55,random,L3c_SplitNN_形态B自监督,splitnn,7121.0,2137.0,0.7684789762899695,0.4658967412101453,4.480083857442348,0.2222222222222222,3.822043371339146,0.38095238095238093,3.0981376157020186,0.6190476190476191,233472.0,match_error_rate,0.0,228.0,,,0.0,,,
SWEEP_match_error_rate_0.0,55,random,L3c_SplitNN_形态B随机,splitnn,7121.0,2137.0,0.7852474323062559,0.49112213191287446,5.120095837076969,0.25396825396825395,4.140546985617409,0.4126984126984127,3.336455893832943,0.6666666666666666,233472.0,match_error_rate,0.0,228.0,,,0.0,,,
SWEEP_match_error_rate_0.0,55,random,L0_内地单方_UPLIFT,t_learner,7121.0,2137.0,,,,,,,,,,match_error_rate,0.0,,,,,0.00822364309507656,0.10952380952380952,
SWEEP_match_error_rate_0.0,55,random,L1_加k匿名统计_UPLIFT,t_learner,7121.0,2137.0,,,,,,,,,,match_error_rate,0.0,,,,,0.006815140726976809,0.1401952085181899,
SWEEP_match_error_rate_0.0,55,random,L2_加粗粒度标记_UPLIFT,t_learner,7121.0,2137.0,,,,,,,,,,match_error_rate,0.0,,,,,0.008722344236575757,0.1166196189131969,
SWEEP_match_error_rate_0.0,55,random,L4_集中式_UPLIFT,t_learner,7121.0,2137.0,,,,,,,,,,match_error_rate,0.0,,,,,0.009286829707476026,0.1533758639021797,
SWEEP_match_error_rate_0.0,55,random,OVERLAP_L1_vs_L3a_联邦LR,top_k_overlap,,,,,,,,,,,,match_error_rate,0.0,,,,,,,0.5352112676056338
SWEEP_match_error_rate_0.0,55,random,OVERLAP_L1_vs_L3b_纵向GBDT,top_k_overlap,,,,,,,,,,,,match_error_rate,0.0,,,,,,,0.47417840375586856
SWEEP_match_error_rate_0.0,55,random,OVERLAP_L1_vs_L3c_SplitNN_形态A双向,top_k_overlap,,,,,,,,,,,,match_error_rate,0.0,,,,,,,0.4460093896713615
SWEEP_match_error_rate_0.01,11,random,L0_内地单方_LR,logistic,7236.0,2171.0,0.6562259244992295,0.2446070878274268,2.3849654739485247,0.11864406779661017,2.5435444817620874,0.2542372881355932,1.8652659532921971,0.3728813559322034,0.0,match_error_rate,0.01,,,,,,,
SWEEP_match_error_rate_0.01,11,random,L1_加k匿名统计_LR,logistic,7236.0,2171.0,0.6488186954288649,0.24651707755521313,3.06638418079096,0.15254237288135594,2.204405217527142,0.22033898305084745,1.5261266890572522,0.3050847457627119,384.0,match_error_rate,0.01,,,,,,,
SWEEP_match_error_rate_0.01,11,random,L2_加粗粒度标记_LR,logistic,7236.0,2171.0,0.6493242809450437,0.21870184899845913,3.06638418079096,0.15254237288135594,2.03483558540967,0.2033898305084746,1.7804811372334608,0.3559322033898305,0.0,match_error_rate,0.01,,,,,,,
SWEEP_match_error_rate_0.01,11,random,L4_集中式_LR,logistic,7236.0,2171.0,0.6742424242424242,0.3328839239856189,1.703546767106089,0.0847457627118644,2.204405217527142,0.22033898305084745,1.7804811372334608,0.3559322033898305,0.0,match_error_rate,0.01,,,,,,,
SWEEP_match_error_rate_0.01,11,random,L0_内地单方_GBDT,gbdt,7236.0,2171.0,0.5997046738572162,0.18472329224447867,2.7256748273697426,0.13559322033898305,1.8652659532921971,0.1864406779661017,1.6109115051159884,0.3220338983050847,0.0,match_error_rate,0.01,60.0,0.0,0.0,,,,
SWEEP_match_error_rate_0.01,11,random,L4_集中式_GBDT,gbdt,7236.0,2171.0,0.6445212185413456,0.26678062403698,2.3849654739485247,0.11864406779661017,2.3739748496446142,0.23728813559322035,1.8652659532921971,0.3728813559322034,1984680.0,match_error_rate,0.01,60.0,420.0,420.0,,,,
SWEEP_match_error_rate_0.01,11,random,L3a_联邦LR,federated_logistic,7236.0,2171.0,0.6742745249101182,0.3309899845916795,1.703546767106089,0.0847457627118644,2.204405217527142,0.22033898305084745,1.7804811372334608,0.3559322033898305,4052000.0,match_error_rate,0.01,400.0,,,,,,
SWEEP_match_error_rate_0.01,11,random,L3b_纵向GBDT,vertical_gbdt,7236.0,2171.0,0.6445212185413456,0.26678062403698,2.3849654739485247,0.11864406779661017,2.3739748496446142,0.23728813559322035,1.8652659532921971,0.3728813559322034,1984680.0,match_error_rate,0.01,60.0,420.0,420.0,,,,
SWEEP_match_error_rate_0.01,11,random,L3c_SplitNN_形态A双向,splitnn,7236.0,2171.0,0.6158914355418593,0.19834200051361067,1.3628374136848713,0.06779661016949153,1.5261266890572522,0.15254237288135594,1.8652659532921971,0.3728813559322034,466944.0,match_error_rate,0.01,228.0,,,1.0,,,
SWEEP_match_error_rate_0.01,11,random,L3c_SplitNN_形态B自监督,splitnn,7236.0,2171.0,0.6786402157164869,0.27798375706214695,2.7256748273697426,0.13559322033898305,1.6956963211747247,0.1694915254237288,2.119620401468406,0.423728813559322,233472.0,match_error_rate,0.01,228.0,,,0.0,,,
SWEEP_match_error_rate_0.01,11,random,L3c_SplitNN_形态B随机,splitnn,7236.0,2171.0,0.641218862352337,0.2647101309707242,2.3849654739485247,0.11864406779661017,2.3739748496446142,0.23728813559322035,1.6956963211747247,0.3389830508474576,233472.0,match_error_rate,0.01,228.0,,,0.0,,,
SWEEP_match_error_rate_0.01,11,random,L0_内地单方_UPLIFT,t_learner,7236.0,2171.0,,,,,,,,,,match_error_rate,0.01,,,,,0.0037417168820200763,-0.006998975759644935,
SWEEP_match_error_rate_0.01,11,random,L1_加k匿名统计_UPLIFT,t_learner,7236.0,2171.0,,,,,,,,,,match_error_rate,0.01,,,,,0.0035873241828911213,-0.0012774655084312747,
SWEEP_match_error_rate_0.01,11,random,L2_加粗粒度标记_UPLIFT,t_learner,7236.0,2171.0,,,,,,,,,,match_error_rate,0.01,,,,,0.004786122668640305,0.06362555215766226,
SWEEP_match_error_rate_0.01,11,random,L4_集中式_UPLIFT,t_learner,7236.0,2171.0,,,,,,,,,,match_error_rate,0.01,,,,,0.006552581408748703,0.062393162393162394,
SWEEP_match_error_rate_0.01,11,random,OVERLAP_L1_vs_L3a_联邦LR,top_k_overlap,,,,,,,,,,,,match_error_rate,0.01,,,,,,,0.45161290322580644
SWEEP_match_error_rate_0.01,11,random,OVERLAP_L1_vs_L3b_纵向GBDT,top_k_overlap,,,,,,,,,,,,match_error_rate,0.01,,,,,,,0.24423963133640553
SWEEP_match_error_rate_0.01,11,random,OVERLAP_L1_vs_L3c_SplitNN_形态A双向,top_k_overlap,,,,,,,,,,,,match_error_rate,0.01,,,,,,,0.35023041474654376
SWEEP_match_error_rate_0.01,22,random,L0_内地单方_LR,logistic,7169.0,2151.0,0.7509458144813848,0.4156410691950154,5.187820319565872,0.25806451612903225,4.195498874718679,0.41935483870967744,2.985258814703676,0.5967741935483871,0.0,match_error_rate,0.01,,,,,,,
SWEEP_match_error_rate_0.01,22,random,L1_加k匿名统计_LR,logistic,7169.0,2151.0,0.7506601399033339,0.405256412236137,4.863581549593005,0.24193548387096775,3.872768192048012,0.3870967741935484,2.8238934733683423,0.5645161290322581,384.0,match_error_rate,0.01,,,,,,,
SWEEP_match_error_rate_0.01,22,random,L2_加粗粒度标记_LR,logistic,7169.0,2151.0,0.7513781868157322,0.39697184947266023,5.187820319565872,0.25806451612903225,4.195498874718679,0.41935483870967744,2.904576144036009,0.5806451612903226,0.0,match_error_rate,0.01,,,,,,,
SWEEP_match_error_rate_0.01,22,random,L4_集中式_LR,logistic,7169.0,2151.0,0.8321468830587254,0.5354699732855664,6.48477539945734,0.3225806451612903,5.002325581395349,0.5,3.4693548387096773,0.6935483870967742,0.0,match_error_rate,0.01,,,,,,,
SWEEP_match_error_rate_0.01,22,random,L0_内地单方_GBDT,gbdt,7169.0,2151.0,0.7323769669080745,0.3450871693509782,4.863581549593005,0.24193548387096775,3.872768192048012,0.3870967741935484,2.6625281320330085,0.532258064516129,0.0,match_error_rate,0.01,60.0,0.0,0.0,,,,
SWEEP_match_error_rate_0.01,22,random,L4_集中式_GBDT,gbdt,7169.0,2151.0,0.8032088203956206,0.5037292113837459,5.187820319565872,0.25806451612903225,3.2273068267066765,0.3225806451612903,3.2273068267066765,0.6451612903225806,1967760.0,match_error_rate,0.01,60.0,420.0,420.0,,,,
SWEEP_match_error_rate_0.01,22,random,L3a_联邦LR,federated_logistic,7169.0,2151.0,0.831899813153384,0.5364273691687642,6.48477539945734,0.3225806451612903,5.002325581395349,0.5,3.4693548387096773,0.6935483870967742,4014400.0,match_error_rate,0.01,400.0,,,,,,
SWEEP_match_error_rate_0.01,22,random,L3b_纵向GBDT,vertical_gbdt,7169.0,2151.0,0.8032088203956206,0.5037292113837459,5.187820319565872,0.25806451612903225,3.2273068267066765,0.3225806451612903,3.2273068267066765,0.6451612903225806,1967760.0,match_error_rate,0.01,60.0,420.0,420.0,,,,
SWEEP_match_error_rate_0.01,22,random,L3c_SplitNN_形态A双向,splitnn,7169.0,2151.0,0.8265028799085841,0.5173566608502294,6.160536629484473,0.3064516129032258,5.647786946736685,0.5645161290322581,3.3079894973743436,0.6612903225806451,466944.0,match_error_rate,0.01,228.0,,,1.0,,,
SWEEP_match_error_rate_0.01,22,random,L3c_SplitNN_形态B自监督,splitnn,7169.0,2151.0,0.7927932796985748,0.4553807192822619,7.133252939403075,0.3548387096774194,4.679594898724681,0.46774193548387094,3.14662415603901,0.6290322580645161,233472.0,match_error_rate,0.01,228.0,,,0.0,,,
SWEEP_match_error_rate_0.01,22,random,L3c_SplitNN_形态B随机,splitnn,7169.0,2151.0,0.7802853657406692,0.4624839790608255,4.539342779620138,0.22580645161290322,4.195498874718679,0.41935483870967744,3.14662415603901,0.6290322580645161,233472.0,match_error_rate,0.01,228.0,,,0.0,,,
SWEEP_match_error_rate_0.01,22,random,L0_内地单方_UPLIFT,t_learner,7169.0,2151.0,,,,,,,,,,match_error_rate,0.01,,,,,0.0067822098549899235,0.04351595006934813,
SWEEP_match_error_rate_0.01,22,random,L1_加k匿名统计_UPLIFT,t_learner,7169.0,2151.0,,,,,,,,,,match_error_rate,0.01,,,,,0.0075648497622097756,0.025965033754543884,
SWEEP_match_error_rate_0.01,22,random,L2_加粗粒度标记_UPLIFT,t_learner,7169.0,2151.0,,,,,,,,,,match_error_rate,0.01,,,,,0.005980767341187684,0.043290043290043295,
SWEEP_match_error_rate_0.01,22,random,L4_集中式_UPLIFT,t_learner,7169.0,2151.0,,,,,,,,,,match_error_rate,0.01,,,,,0.009360587976331538,0.11069980609906574,
SWEEP_match_error_rate_0.01,22,random,OVERLAP_L1_vs_L3a_联邦LR,top_k_overlap,,,,,,,,,,,,match_error_rate,0.01,,,,,,,0.4511627906976744
SWEEP_match_error_rate_0.01,22,random,OVERLAP_L1_vs_L3b_纵向GBDT,top_k_overlap,,,,,,,,,,,,match_error_rate,0.01,,,,,,,0.3488372093023256
SWEEP_match_error_rate_0.01,22,random,OVERLAP_L1_vs_L3c_SplitNN_形态A双向,top_k_overlap,,,,,,,,,,,,match_error_rate,0.01,,,,,,,0.4372093023255814
SWEEP_match_error_rate_0.01,33,random,L0_内地单方_LR,logistic,7289.0,2187.0,0.6904291905062998,0.3005567293308452,1.6446082117611671,0.08196721311475409,2.1379906752895175,0.21311475409836064,2.2151404884270547,0.4426229508196721,0.0,match_error_rate,0.01,,,,,,,
SWEEP_match_error_rate_0.01,33,random,L1_加k匿名统计_LR,logistic,7289.0,2187.0,0.6926422281510727,0.3374381197662045,2.6313731388178674,0.13114754098360656,2.466912317641751,0.2459016393442623,2.297182728739168,0.45901639344262296,384.0,match_error_rate,0.01,,,,,,,
SWEEP_match_error_rate_0.01,33,random,L2_加粗粒度标记_LR,logistic,7289.0,2187.0,0.7089045849205002,0.3568465370201872,2.6313731388178674,0.13114754098360656,2.7958339599939843,0.2786885245901639,2.461267209363394,0.4918032786885246,0.0,match_error_rate,0.01,,,,,,,
SWEEP_match_error_rate_0.01,33,random,L4_集中式_LR,logistic,7289.0,2187.0,0.7941566553058926,0.44037906944465866,5.920589562340202,0.29508196721311475,4.604902992931268,0.45901639344262296,3.0355628915481865,0.6065573770491803,0.0,match_error_rate,0.01,,,,,,,
SWEEP_match_error_rate_0.01,33,random,L0_内地单方_GBDT,gbdt,7289.0,2187.0,0.6452585475687429,0.25181592461792335,1.9735298541134005,0.09836065573770492,1.8090690329372838,0.18032786885245902,1.6408448062422627,0.32786885245901637,0.0,match_error_rate,0.01,60.0,0.0,0.0,,,,
SWEEP_match_error_rate_0.01,33,random,L4_集中式_GBDT,gbdt,7289.0,2187.0,0.7745785975355859,0.4396311089863208,5.920589562340202,0.29508196721311475,3.7825988870506846,0.3770491803278688,2.87147841092396,0.5737704918032787,1998000.0,match_error_rate,0.01,60.0,420.0,420.0,,,,
SWEEP_match_error_rate_0.01,33,random,L3a_联邦LR,federated_logistic,7289.0,2187.0,0.7945113582036611,0.4389679687861451,5.920589562340202,0.29508196721311475,4.604902992931268,0.45901639344262296,3.0355628915481865,0.6065573770491803,4081600.0,match_error_rate,0.01,400.0,,,,,,
SWEEP_match_error_rate_0.01,33,random,L3b_纵向GBDT,vertical_gbdt,7289.0,2187.0,0.7745785975355859,0.4396311089863208,5.920589562340202,0.29508196721311475,3.7825988870506846,0.3770491803278688,2.87147841092396,0.5737704918032787,1998000.0,match_error_rate,0.01,60.0,420.0,420.0,,,,
SWEEP_match_error_rate_0.01,33,random,L3c_SplitNN_形态A双向,splitnn,7289.0,2187.0,0.7830143577564271,0.45226161651990193,4.933824635283502,0.2459016393442623,4.111520529402918,0.4098360655737705,2.9535206512360728,0.5901639344262295,466944.0,match_error_rate,0.01,228.0,,,1.0,,,
SWEEP_match_error_rate_0.01,33,random,L3c_SplitNN_形态B自监督,splitnn,7289.0,2187.0,0.7104390604999768,0.31189951112687564,4.933824635283502,0.2459016393442623,3.947059708226801,0.39344262295081966,2.297182728739168,0.45901639344262296,233472.0,match_error_rate,0.01,228.0,,,0.0,,,
SWEEP_match_error_rate_0.01,33,random,L3c_SplitNN_形态B随机,splitnn,7289.0,2187.0,0.7042548925867095,0.35604460003392807,4.275981350579035,0.21311475409836064,3.2892164235223342,0.32786885245901637,2.461267209363394,0.4918032786885246,233472.0,match_error_rate,0.01,228.0,,,0.0,,,
SWEEP_match_error_rate_0.01,33,random,L0_内地单方_UPLIFT,t_learner,7289.0,2187.0,,,,,,,,,,match_error_rate,0.01,,,,,0.008785655775768933,0.06247361756015196,
SWEEP_match_error_rate_0.01,33,random,L1_加k匿名统计_UPLIFT,t_learner,7289.0,2187.0,,,,,,,,,,match_error_rate,0.01,,,,,0.0092369977724854,0.07210884353741497,
SWEEP_match_error_rate_0.01,33,random,L2_加粗粒度标记_UPLIFT,t_learner,7289.0,2187.0,,,,,,,,,,match_error_rate,0.01,,,,,0.00634465291374607,0.03795546558704453,
SWEEP_match_error_rate_0.01,33,random,L4_集中式_UPLIFT,t_learner,7289.0,2187.0,,,,,,,,,,match_error_rate,0.01,,,,,0.00949512597936934,0.17815946787909404,
SWEEP_match_error_rate_0.01,33,random,OVERLAP_L1_vs_L3a_联邦LR,top_k_overlap,,,,,,,,,,,,match_error_rate,0.01,,,,,,,0.47706422018348627
SWEEP_match_error_rate_0.01,33,random,OVERLAP_L1_vs_L3b_纵向GBDT,top_k_overlap,,,,,,,,,,,,match_error_rate,0.01,,,,,,,0.38990825688073394
SWEEP_match_error_rate_0.01,33,random,OVERLAP_L1_vs_L3c_SplitNN_形态A双向,top_k_overlap,,,,,,,,,,,,match_error_rate,0.01,,,,,,,0.4724770642201835
SWEEP_match_error_rate_0.01,44,random,L0_内地单方_LR,logistic,7289.0,2187.0,0.7007073329837172,0.30190199664880213,4.338209769402431,0.21621621621621623,2.711381105876519,0.2702702702702703,2.1641412579627683,0.43243243243243246,0.0,match_error_rate,0.01,,,,,,,
SWEEP_match_error_rate_0.01,44,random,L1_加k匿名统计_LR,logistic,7289.0,2187.0,0.7005346567580357,0.30847008864046255,4.338209769402431,0.21621621621621623,2.711381105876519,0.2702702702702703,2.0965118436514314,0.4189189189189189,384.0,match_error_rate,0.01,,,,,,,
SWEEP_match_error_rate_0.01,44,random,L2_加粗粒度标记_LR,logistic,7289.0,2187.0,0.7049410982207954,0.32082603190033376,4.338209769402431,0.21621621621621623,2.575812050582693,0.25675675675675674,2.231770672274105,0.44594594594594594,0.0,match_error_rate,0.01,,,,,,,
SWEEP_match_error_rate_0.01,44,random,L4_集中式_LR,logistic,7289.0,2187.0,0.8135800258374796,0.5158670265153938,6.507314654103645,0.32432432432432434,4.609347879990082,0.4594594594594595,3.110953058321479,0.6216216216216216,0.0,match_error_rate,0.01,,,,,,,
SWEEP_match_error_rate_0.01,44,random,L0_内地单方_GBDT,gbdt,7289.0,2187.0,0.6636299100804544,0.29207863803225853,4.067071658814778,0.20270270270270271,2.982519216464171,0.2972972972972973,2.1641412579627683,0.43243243243243246,0.0,match_error_rate,0.01,60.0,0.0,0.0,,,,
SWEEP_match_error_rate_0.01,44,random,L4_集中式_GBDT,gbdt,7289.0,2187.0,0.7852483339941929,0.4464064158810964,5.693900322340689,0.28378378378378377,4.202640714108604,0.4189189189189189,3.043323644010143,0.6081081081081081,1996594.0,match_error_rate,0.01,60.0,418.0,418.0,,,,
SWEEP_match_error_rate_0.01,44,random,L3a_联邦LR,federated_logistic,7289.0,2187.0,0.8138870057942466,0.5191798518821709,6.507314654103645,0.32432432432432434,4.473778824696256,0.44594594594594594,3.110953058321479,0.6216216216216216,4081600.0,match_error_rate,0.01,400.0,,,,,,
SWEEP_match_error_rate_0.01,44,random,L3b_纵向GBDT,vertical_gbdt,7289.0,2187.0,0.7852483339941929,0.4464064158810964,5.693900322340689,0.28378378378378377,4.202640714108604,0.4189189189189189,3.043323644010143,0.6081081081081081,1996594.0,match_error_rate,0.01,60.0,418.0,418.0,,,,
SWEEP_match_error_rate_0.01,44,random,L3c_SplitNN_形态A双向,splitnn,7289.0,2187.0,0.7923728271574935,0.46506823908622297,5.151624101165386,0.25675675675675674,3.7959335482271266,0.3783783783783784,2.9756942296988065,0.5945945945945946,466944.0,match_error_rate,0.01,228.0,,,1.0,,,
SWEEP_match_error_rate_0.01,44,random,L3c_SplitNN_形态B自监督,splitnn,7289.0,2187.0,0.7520689170002942,0.40638390401760016,5.422762211753038,0.2702702702702703,3.2536573270518225,0.32432432432432434,2.502288329519451,0.5,233472.0,match_error_rate,0.01,228.0,,,0.0,,,
SWEEP_match_error_rate_0.01,44,random,L3c_SplitNN_形态B随机,splitnn,7289.0,2187.0,0.7143679410598482,0.35405661222036044,4.338209769402431,0.21621621621621623,2.711381105876519,0.2702702702702703,2.0288824293400953,0.40540540540540543,233472.0,match_error_rate,0.01,228.0,,,0.0,,,
SWEEP_match_error_rate_0.01,44,random,L0_内地单方_UPLIFT,t_learner,7289.0,2187.0,,,,,,,,,,match_error_rate,0.01,,,,,0.005473479960041761,0.0506862002189105,
SWEEP_match_error_rate_0.01,44,random,L1_加k匿名统计_UPLIFT,t_learner,7289.0,2187.0,,,,,,,,,,match_error_rate,0.01,,,,,0.005937221821839226,0.03775510204081632,
SWEEP_match_error_rate_0.01,44,random,L2_加粗粒度标记_UPLIFT,t_learner,7289.0,2187.0,,,,,,,,,,match_error_rate,0.01,,,,,0.006203550682676564,0.08739580702197526,
SWEEP_match_error_rate_0.01,44,random,L4_集中式_UPLIFT,t_learner,7289.0,2187.0,,,,,,,,,,match_error_rate,0.01,,,,,0.007994155262496985,0.19197973828619672,
SWEEP_match_error_rate_0.01,44,random,OVERLAP_L1_vs_L3a_联邦LR,top_k_overlap,,,,,,,,,,,,match_error_rate,0.01,,,,,,,0.4908256880733945
SWEEP_match_error_rate_0.01,44,random,OVERLAP_L1_vs_L3b_纵向GBDT,top_k_overlap,,,,,,,,,,,,match_error_rate,0.01,,,,,,,0.42660550458715596
SWEEP_match_error_rate_0.01,44,random,OVERLAP_L1_vs_L3c_SplitNN_形态A双向,top_k_overlap,,,,,,,,,,,,match_error_rate,0.01,,,,,,,0.43119266055045874
SWEEP_match_error_rate_0.01,55,random,L0_内地单方_LR,logistic,7121.0,2137.0,0.746092972708209,0.4572561264943135,4.480083857442348,0.2222222222222222,3.344287949921753,0.3333333333333333,2.700940485483811,0.5396825396825397,0.0,match_error_rate,0.01,,,,,,,
SWEEP_match_error_rate_0.01,55,random,L1_加k匿名统计_LR,logistic,7121.0,2137.0,0.7448760925135082,0.4419035373712326,4.480083857442348,0.2222222222222222,3.1850361427826215,0.31746031746031744,2.6215010594401695,0.5238095238095238,384.0,match_error_rate,0.01,,,,,,,
SWEEP_match_error_rate_0.01,55,random,L2_加粗粒度标记_LR,logistic,7121.0,2137.0,0.7576724678942615,0.4557713795900874,4.800089847259659,0.23809523809523808,4.140546985617409,0.4126984126984127,2.9392587636147356,0.5873015873015873,0.0,match_error_rate,0.01,,,,,,,
SWEEP_match_error_rate_0.01,55,random,L4_集中式_LR,logistic,7121.0,2137.0,0.8036996219252728,0.5087707214033154,6.400119796346212,0.31746031746031744,4.936806021313063,0.49206349206349204,3.4158953198765847,0.6825396825396826,0.0,match_error_rate,0.01,,,,,,,
SWEEP_match_error_rate_0.01,55,random,L0_内地单方_GBDT,gbdt,7121.0,2137.0,0.7379727847423122,0.3884985688264377,3.840071877807727,0.19047619047619047,3.1850361427826215,0.31746031746031744,2.700940485483811,0.5396825396825397,0.0,match_error_rate,0.01,60.0,0.0,0.0,,,,
SWEEP_match_error_rate_0.01,55,random,L4_集中式_GBDT,gbdt,7121.0,2137.0,0.7921583934120097,0.5007270667829973,4.800089847259659,0.23809523809523808,4.45905059989567,0.4444444444444444,3.2570164677893017,0.6507936507936508,1947960.0,match_error_rate,0.01,60.0,406.0,406.0,,,,
SWEEP_match_error_rate_0.01,55,random,L3a_联邦LR,federated_logistic,7121.0,2137.0,0.8034470618848631,0.507362507844668,6.400119796346212,0.31746031746031744,4.936806021313063,0.49206349206349204,3.4158953198765847,0.6825396825396826,3987200.0,match_error_rate,0.01,400.0,,,,,,
SWEEP_match_error_rate_0.01,55,random,L3b_纵向GBDT,vertical_gbdt,7121.0,2137.0,0.7921583934120097,0.5007270667829973,4.800089847259659,0.23809523809523808,4.45905059989567,0.4444444444444444,3.2570164677893017,0.6507936507936508,1947960.0,match_error_rate,0.01,60.0,406.0,406.0,,,,
SWEEP_match_error_rate_0.01,55,random,L3c_SplitNN_形态A双向,splitnn,7121.0,2137.0,0.8165954906552785,0.5305061915476573,5.44010182689428,0.2698412698412698,4.2997987927565395,0.42857142857142855,3.495334745920226,0.6984126984126984,466944.0,match_error_rate,0.01,228.0,,,1.0,,,
SWEEP_match_error_rate_0.01,55,random,L3c_SplitNN_形态B自监督,splitnn,7121.0,2137.0,0.7672008694188057,0.47116223538595764,4.480083857442348,0.2222222222222222,3.9812951784782773,0.3968253968253968,3.018698189658377,0.6031746031746031,233472.0,match_error_rate,0.01,228.0,,,0.0,,,
SWEEP_match_error_rate_0.01,55,random,L3c_SplitNN_形态B随机,splitnn,7121.0,2137.0,0.7852474323062558,0.49546157260718493,5.44010182689428,0.2698412698412698,4.140546985617409,0.4126984126984127,3.336455893832943,0.6666666666666666,233472.0,match_error_rate,0.01,228.0,,,0.0,,,
SWEEP_match_error_rate_0.01,55,random,L0_内地单方_UPLIFT,t_learner,7121.0,2137.0,,,,,,,,,,match_error_rate,0.01,,,,,0.00822364309507656,0.10952380952380952,
SWEEP_match_error_rate_0.01,55,random,L1_加k匿名统计_UPLIFT,t_learner,7121.0,2137.0,,,,,,,,,,match_error_rate,0.01,,,,,0.00702860737466347,0.13434829059829062,
SWEEP_match_error_rate_0.01,55,random,L2_加粗粒度标记_UPLIFT,t_learner,7121.0,2137.0,,,,,,,,,,match_error_rate,0.01,,,,,0.008703525174510304,0.1303121142655616,
SWEEP_match_error_rate_0.01,55,random,L4_集中式_UPLIFT,t_learner,7121.0,2137.0,,,,,,,,,,match_error_rate,0.01,,,,,0.008945537612090718,0.15492457852706298,
SWEEP_match_error_rate_0.01,55,random,OVERLAP_L1_vs_L3a_联邦LR,top_k_overlap,,,,,,,,,,,,match_error_rate,0.01,,,,,,,0.5305164319248826
SWEEP_match_error_rate_0.01,55,random,OVERLAP_L1_vs_L3b_纵向GBDT,top_k_overlap,,,,,,,,,,,,match_error_rate,0.01,,,,,,,0.4835680751173709
SWEEP_match_error_rate_0.01,55,random,OVERLAP_L1_vs_L3c_SplitNN_形态A双向,top_k_overlap,,,,,,,,,,,,match_error_rate,0.01,,,,,,,0.41784037558685444
SWEEP_match_error_rate_0.03,11,random,L0_内地单方_LR,logistic,7236.0,2171.0,0.6562259244992295,0.2446070878274268,2.3849654739485247,0.11864406779661017,2.5435444817620874,0.2542372881355932,1.8652659532921971,0.3728813559322034,0.0,match_error_rate,0.03,,,,,,,
SWEEP_match_error_rate_0.03,11,random,L1_加k匿名统计_LR,logistic,7236.0,2171.0,0.6482328582434514,0.24405335130970718,3.06638418079096,0.15254237288135594,2.204405217527142,0.22033898305084745,1.5261266890572522,0.3050847457627119,384.0,match_error_rate,0.03,,,,,,,
SWEEP_match_error_rate_0.03,11,random,L2_加粗粒度标记_LR,logistic,7236.0,2171.0,0.6497415896250641,0.221045197740113,3.06638418079096,0.15254237288135594,2.03483558540967,0.2033898305084746,1.7804811372334608,0.3559322033898305,0.0,match_error_rate,0.03,,,,,,,
SWEEP_match_error_rate_0.03,11,random,L4_集中式_LR,logistic,7236.0,2171.0,0.675020865434001,0.33525134822804314,1.703546767106089,0.0847457627118644,2.03483558540967,0.2033898305084746,1.7804811372334608,0.3559322033898305,0.0,match_error_rate,0.03,,,,,,,
SWEEP_match_error_rate_0.03,11,random,L0_内地单方_GBDT,gbdt,7236.0,2171.0,0.5997046738572162,0.18472329224447867,2.7256748273697426,0.13559322033898305,1.8652659532921971,0.1864406779661017,1.6109115051159884,0.3220338983050847,0.0,match_error_rate,0.03,60.0,0.0,0.0,,,,
SWEEP_match_error_rate_0.03,11,random,L4_集中式_GBDT,gbdt,7236.0,2171.0,0.6368772470467385,0.2721815613764766,1.703546767106089,0.0847457627118644,2.3739748496446142,0.23728813559322035,1.6956963211747247,0.3389830508474576,1984680.0,match_error_rate,0.03,60.0,420.0,420.0,,,,
SWEEP_match_error_rate_0.03,11,random,L3a_联邦LR,federated_logistic,7236.0,2171.0,0.6752295197740112,0.33525134822804314,1.703546767106089,0.0847457627118644,2.03483558540967,0.2033898305084746,1.7804811372334608,0.3559322033898305,4052000.0,match_error_rate,0.03,400.0,,,,,,
SWEEP_match_error_rate_0.03,11,random,L3b_纵向GBDT,vertical_gbdt,7236.0,2171.0,0.6368772470467385,0.2721815613764766,1.703546767106089,0.0847457627118644,2.3739748496446142,0.23728813559322035,1.6956963211747247,0.3389830508474576,1984680.0,match_error_rate,0.03,60.0,420.0,420.0,,,,
SWEEP_match_error_rate_0.03,11,random,L3c_SplitNN_形态A双向,splitnn,7236.0,2171.0,0.6154420261941448,0.19310959167950692,1.3628374136848713,0.06779661016949153,1.5261266890572522,0.15254237288135594,1.8652659532921971,0.3728813559322034,466944.0,match_error_rate,0.03,228.0,,,1.0,,,
SWEEP_match_error_rate_0.03,11,random,L3c_SplitNN_形态B自监督,splitnn,7236.0,2171.0,0.68035760143811,0.2789307267591166,2.7256748273697426,0.13559322033898305,1.6956963211747247,0.1694915254237288,2.289190033585878,0.4576271186440678,233472.0,match_error_rate,0.03,228.0,,,0.0,,,
SWEEP_match_error_rate_0.03,11,random,L3c_SplitNN_形态B随机,splitnn,7236.0,2171.0,0.6418689008731382,0.2666040703646636,2.3849654739485247,0.11864406779661017,2.3739748496446142,0.23728813559322035,1.6956963211747247,0.3389830508474576,233472.0,match_error_rate,0.03,228.0,,,0.0,,,
SWEEP_match_error_rate_0.03,11,random,L0_内地单方_UPLIFT,t_learner,7236.0,2171.0,,,,,,,,,,match_error_rate,0.03,,,,,0.0037417168820200763,-0.006998975759644935,
SWEEP_match_error_rate_0.03,11,random,L1_加k匿名统计_UPLIFT,t_learner,7236.0,2171.0,,,,,,,,,,match_error_rate,0.03,,,,,0.003573950260085813,-0.0012774655084312747,
SWEEP_match_error_rate_0.03,11,random,L2_加粗粒度标记_UPLIFT,t_learner,7236.0,2171.0,,,,,,,,,,match_error_rate,0.03,,,,,0.004846311828368668,0.07083333333333333,
SWEEP_match_error_rate_0.03,11,random,L4_集中式_UPLIFT,t_learner,7236.0,2171.0,,,,,,,,,,match_error_rate,0.03,,,,,0.007017692469288424,0.06782713085234092,
SWEEP_match_error_rate_0.03,11,random,OVERLAP_L1_vs_L3a_联邦LR,top_k_overlap,,,,,,,,,,,,match_error_rate,0.03,,,,,,,0.46543778801843316
SWEEP_match_error_rate_0.03,11,random,OVERLAP_L1_vs_L3b_纵向GBDT,top_k_overlap,,,,,,,,,,,,match_error_rate,0.03,,,,,,,0.2764976958525346
SWEEP_match_error_rate_0.03,11,random,OVERLAP_L1_vs_L3c_SplitNN_形态A双向,top_k_overlap,,,,,,,,,,,,match_error_rate,0.03,,,,,,,0.35944700460829493
SWEEP_match_error_rate_0.03,22,random,L0_内地单方_LR,logistic,7169.0,2151.0,0.7509458144813848,0.4156410691950154,5.187820319565872,0.25806451612903225,4.195498874718679,0.41935483870967744,2.985258814703676,0.5967741935483871,0.0,match_error_rate,0.03,,,,,,,
SWEEP_match_error_rate_0.03,22,random,L1_加k匿名统计_LR,logistic,7169.0,2151.0,0.7504825584088698,0.4071712040025324,4.863581549593005,0.24193548387096775,3.872768192048012,0.3870967741935484,2.8238934733683423,0.5645161290322581,384.0,match_error_rate,0.03,,,,,,,
SWEEP_match_error_rate_0.03,22,random,L2_加粗粒度标记_LR,logistic,7169.0,2151.0,0.7501196744853996,0.39314226593986945,5.512059089538739,0.27419354838709675,4.195498874718679,0.41935483870967744,2.8238934733683423,0.5645161290322581,0.0,match_error_rate,0.03,,,,,,,
SWEEP_match_error_rate_0.03,22,random,L4_集中式_LR,logistic,7169.0,2151.0,0.8310891150264829,0.5287682021031825,6.48477539945734,0.3225806451612903,4.8409602400600145,0.4838709677419355,3.3079894973743436,0.6612903225806451,0.0,match_error_rate,0.03,,,,,,,
SWEEP_match_error_rate_0.03,22,random,L0_内地单方_GBDT,gbdt,7169.0,2151.0,0.7323769669080745,0.3450871693509782,4.863581549593005,0.24193548387096775,3.872768192048012,0.3870967741935484,2.6625281320330085,0.532258064516129,0.0,match_error_rate,0.03,60.0,0.0,0.0,,,,
SWEEP_match_error_rate_0.03,22,random,L4_集中式_GBDT,gbdt,7169.0,2151.0,0.798344631634213,0.5043160024089316,4.215104009647272,0.20967741935483872,3.711402850712678,0.3709677419354839,3.38867216804201,0.6774193548387096,1967760.0,match_error_rate,0.03,60.0,420.0,420.0,,,,
SWEEP_match_error_rate_0.03,22,random,L3a_联邦LR,federated_logistic,7169.0,2151.0,0.8307493939066385,0.5287682021031825,6.48477539945734,0.3225806451612903,4.8409602400600145,0.4838709677419355,3.3079894973743436,0.6612903225806451,4014400.0,match_error_rate,0.03,400.0,,,,,,
SWEEP_match_error_rate_0.03,22,random,L3b_纵向GBDT,vertical_gbdt,7169.0,2151.0,0.798344631634213,0.5043160024089316,4.215104009647272,0.20967741935483872,3.711402850712678,0.3709677419354839,3.38867216804201,0.6774193548387096,1967760.0,match_error_rate,0.03,60.0,420.0,420.0,,,,
SWEEP_match_error_rate_0.03,22,random,L3c_SplitNN_形态A双向,splitnn,7169.0,2151.0,0.8223721799286586,0.516731265152334,6.809014169430207,0.3387096774193548,5.163690922730682,0.5161290322580645,3.3079894973743436,0.6612903225806451,466944.0,match_error_rate,0.03,228.0,,,1.0,,,
SWEEP_match_error_rate_0.03,22,random,L3c_SplitNN_形态B自监督,splitnn,7169.0,2151.0,0.817399898083664,0.5018839080282277,6.48477539945734,0.3225806451612903,4.8409602400600145,0.4838709677419355,3.3079894973743436,0.6612903225806451,233472.0,match_error_rate,0.03,228.0,,,0.0,,,
SWEEP_match_error_rate_0.03,22,random,L3c_SplitNN_形态B随机,splitnn,7169.0,2151.0,0.7780076900508037,0.4664602603499127,4.539342779620138,0.22580645161290322,4.034133533383345,0.4032258064516129,3.14662415603901,0.6290322580645161,233472.0,match_error_rate,0.03,228.0,,,0.0,,,
SWEEP_match_error_rate_0.03,22,random,L0_内地单方_UPLIFT,t_learner,7169.0,2151.0,,,,,,,,,,match_error_rate,0.03,,,,,0.0067822098549899235,0.04351595006934813,
SWEEP_match_error_rate_0.03,22,random,L1_加k匿名统计_UPLIFT,t_learner,7169.0,2151.0,,,,,,,,,,match_error_rate,0.03,,,,,0.007783644641396977,0.025705383416998448,
SWEEP_match_error_rate_0.03,22,random,L2_加粗粒度标记_UPLIFT,t_learner,7169.0,2151.0,,,,,,,,,,match_error_rate,0.03,,,,,0.006074936470966238,0.04074202496532594,
SWEEP_match_error_rate_0.03,22,random,L4_集中式_UPLIFT,t_learner,7169.0,2151.0,,,,,,,,,,match_error_rate,0.03,,,,,0.008957892319090133,0.11611043159182247,
SWEEP_match_error_rate_0.03,22,random,OVERLAP_L1_vs_L3a_联邦LR,top_k_overlap,,,,,,,,,,,,match_error_rate,0.03,,,,,,,0.44651162790697674
SWEEP_match_error_rate_0.03,22,random,OVERLAP_L1_vs_L3b_纵向GBDT,top_k_overlap,,,,,,,,,,,,match_error_rate,0.03,,,,,,,0.3581395348837209
SWEEP_match_error_rate_0.03,22,random,OVERLAP_L1_vs_L3c_SplitNN_形态A双向,top_k_overlap,,,,,,,,,,,,match_error_rate,0.03,,,,,,,0.413953488372093
SWEEP_match_error_rate_0.03,33,random,L0_内地单方_LR,logistic,7289.0,2187.0,0.6904291905062998,0.3005567293308452,1.6446082117611671,0.08196721311475409,2.1379906752895175,0.21311475409836064,2.2151404884270547,0.4426229508196721,0.0,match_error_rate,0.03,,,,,,,
SWEEP_match_error_rate_0.03,33,random,L1_加k匿名统计_LR,logistic,7289.0,2187.0,0.6933439230140493,0.32756041515660905,2.6313731388178674,0.13114754098360656,1.9735298541134005,0.19672131147540983,2.2151404884270547,0.4426229508196721,384.0,match_error_rate,0.03,,,,,,,
SWEEP_match_error_rate_0.03,33,random,L2_加粗粒度标记_LR,logistic,7289.0,2187.0,0.7054346652684176,0.3432752957142637,2.6313731388178674,0.13114754098360656,2.6313731388178674,0.26229508196721313,2.461267209363394,0.4918032786885246,0.0,match_error_rate,0.03,,,,,,,
SWEEP_match_error_rate_0.03,33,random,L4_集中式_LR,logistic,7289.0,2187.0,0.7918510864703978,0.43856700029301543,5.920589562340202,0.29508196721311475,4.604902992931268,0.45901639344262296,3.1176051318602993,0.6229508196721312,0.0,match_error_rate,0.03,,,,,,,
SWEEP_match_error_rate_0.03,33,random,L0_内地单方_GBDT,gbdt,7289.0,2187.0,0.6452585475687429,0.25181592461792335,1.9735298541134005,0.09836065573770492,1.8090690329372838,0.18032786885245902,1.6408448062422627,0.32786885245901637,0.0,match_error_rate,0.03,60.0,0.0,0.0,,,,
SWEEP_match_error_rate_0.03,33,random,L4_集中式_GBDT,gbdt,7289.0,2187.0,0.7866076523294727,0.4876085313757846,5.262746277635735,0.26229508196721313,3.6181380658745677,0.36065573770491804,3.1176051318602993,0.6229508196721312,1998000.0,match_error_rate,0.03,60.0,420.0,420.0,,,,
SWEEP_match_error_rate_0.03,33,random,L3a_联邦LR,federated_logistic,7289.0,2187.0,0.7921518128402449,0.4395771324583995,5.920589562340202,0.29508196721311475,4.604902992931268,0.45901639344262296,3.1176051318602993,0.6229508196721312,4081600.0,match_error_rate,0.03,400.0,,,,,,
SWEEP_match_error_rate_0.03,33,random,L3b_纵向GBDT,vertical_gbdt,7289.0,2187.0,0.7866076523294727,0.4876085313757846,5.262746277635735,0.26229508196721313,3.6181380658745677,0.36065573770491804,3.1176051318602993,0.6229508196721312,1998000.0,match_error_rate,0.03,60.0,420.0,420.0,,,,
SWEEP_match_error_rate_0.03,33,random,L3c_SplitNN_形态A双向,splitnn,7289.0,2187.0,0.7769458538315624,0.45656431688848453,4.604902992931268,0.22950819672131148,3.947059708226801,0.39344262295081966,2.87147841092396,0.5737704918032787,466944.0,match_error_rate,0.03,228.0,,,1.0,,,
SWEEP_match_error_rate_0.03,33,random,L3c_SplitNN_形态B自监督,splitnn,7289.0,2187.0,0.7051956263590519,0.3207670835710871,4.933824635283502,0.2459016393442623,3.7825988870506846,0.3770491803278688,2.2151404884270547,0.4426229508196721,233472.0,match_error_rate,0.03,228.0,,,0.0,,,
SWEEP_match_error_rate_0.03,33,random,L3c_SplitNN_形态B随机,splitnn,7289.0,2187.0,0.7011550976975155,0.3461668954243326,4.275981350579035,0.21311475409836064,3.1247556023462177,0.3114754098360656,2.461267209363394,0.4918032786885246,233472.0,match_error_rate,0.03,228.0,,,0.0,,,
SWEEP_match_error_rate_0.03,33,random,L0_内地单方_UPLIFT,t_learner,7289.0,2187.0,,,,,,,,,,match_error_rate,0.03,,,,,0.008785655775768933,0.06247361756015196,
SWEEP_match_error_rate_0.03,33,random,L1_加k匿名统计_UPLIFT,t_learner,7289.0,2187.0,,,,,,,,,,match_error_rate,0.03,,,,,0.009172296403647981,0.08726092896174861,
SWEEP_match_error_rate_0.03,33,random,L2_加粗粒度标记_UPLIFT,t_learner,7289.0,2187.0,,,,,,,,,,match_error_rate,0.03,,,,,0.006531779013890987,0.058644067796610175,
SWEEP_match_error_rate_0.03,33,random,L4_集中式_UPLIFT,t_learner,7289.0,2187.0,,,,,,,,,,match_error_rate,0.03,,,,,0.009628476882460178,0.15549191374663074,
SWEEP_match_error_rate_0.03,33,random,OVERLAP_L1_vs_L3a_联邦LR,top_k_overlap,,,,,,,,,,,,match_error_rate,0.03,,,,,,,0.47706422018348627
SWEEP_match_error_rate_0.03,33,random,OVERLAP_L1_vs_L3b_纵向GBDT,top_k_overlap,,,,,,,,,,,,match_error_rate,0.03,,,,,,,0.3853211009174312
SWEEP_match_error_rate_0.03,33,random,OVERLAP_L1_vs_L3c_SplitNN_形态A双向,top_k_overlap,,,,,,,,,,,,match_error_rate,0.03,,,,,,,0.47706422018348627
SWEEP_match_error_rate_0.03,44,random,L0_内地单方_LR,logistic,7289.0,2187.0,0.7007073329837172,0.30190199664880213,4.338209769402431,0.21621621621621623,2.711381105876519,0.2702702702702703,2.1641412579627683,0.43243243243243246,0.0,match_error_rate,0.03,,,,,,,
SWEEP_match_error_rate_0.03,44,random,L1_加k匿名统计_LR,logistic,7289.0,2187.0,0.700777682557143,0.31751320653355675,4.609347879990082,0.22972972972972974,2.711381105876519,0.2702702702702703,2.0965118436514314,0.4189189189189189,384.0,match_error_rate,0.03,,,,,,,
SWEEP_match_error_rate_0.03,44,random,L2_加粗粒度标记_LR,logistic,7289.0,2187.0,0.7056190122919891,0.32761156802803754,4.338209769402431,0.21621621621621623,2.575812050582693,0.25675675675675674,2.231770672274105,0.44594594594594594,0.0,match_error_rate,0.03,,,,,,,
SWEEP_match_error_rate_0.03,44,random,L4_集中式_LR,logistic,7289.0,2187.0,0.8154986505672734,0.5205996341822182,6.507314654103645,0.32432432432432434,4.609347879990082,0.4594594594594595,3.110953058321479,0.6216216216216216,0.0,match_error_rate,0.03,,,,,,,
SWEEP_match_error_rate_0.03,44,random,L0_内地单方_GBDT,gbdt,7289.0,2187.0,0.6636299100804544,0.29207863803225853,4.067071658814778,0.20270270270270271,2.982519216464171,0.2972972972972973,2.1641412579627683,0.43243243243243246,0.0,match_error_rate,0.03,60.0,0.0,0.0,,,,
SWEEP_match_error_rate_0.03,44,random,L4_集中式_GBDT,gbdt,7289.0,2187.0,0.7948414576431615,0.47075376370217825,5.422762211753038,0.2702702702702703,4.473778824696256,0.44594594594594594,3.110953058321479,0.6216216216216216,1998000.0,match_error_rate,0.03,60.0,420.0,420.0,,,,
SWEEP_match_error_rate_0.03,44,random,L3a_联邦LR,federated_logistic,7289.0,2187.0,0.815620163466827,0.5220194164822656,6.507314654103645,0.32432432432432434,4.609347879990082,0.4594594594594595,3.110953058321479,0.6216216216216216,4081600.0,match_error_rate,0.03,400.0,,,,,,
SWEEP_match_error_rate_0.03,44,random,L3b_纵向GBDT,vertical_gbdt,7289.0,2187.0,0.7948414576431615,0.47075376370217825,5.422762211753038,0.2702702702702703,4.473778824696256,0.44594594594594594,3.110953058321479,0.6216216216216216,1998000.0,match_error_rate,0.03,60.0,420.0,420.0,,,,
SWEEP_match_error_rate_0.03,44,random,L3c_SplitNN_形态A双向,splitnn,7289.0,2187.0,0.7934536524219439,0.46265077192668297,5.151624101165386,0.25675675675675674,3.9315026035209524,0.3918918918918919,2.9756942296988065,0.5945945945945946,466944.0,match_error_rate,0.03,228.0,,,1.0,,,
SWEEP_match_error_rate_0.03,44,random,L3c_SplitNN_形态B自监督,splitnn,7289.0,2187.0,0.7523503152939972,0.40670367480589914,5.422762211753038,0.2702702702702703,3.2536573270518225,0.32432432432432434,2.5699177438307874,0.5135135135135135,233472.0,match_error_rate,0.03,228.0,,,0.0,,,
SWEEP_match_error_rate_0.03,44,random,L3c_SplitNN_形态B随机,splitnn,7289.0,2187.0,0.7175272764482421,0.35784269835382,4.338209769402431,0.21621621621621623,2.8469501611703447,0.28378378378378377,2.0288824293400953,0.40540540540540543,233472.0,match_error_rate,0.03,228.0,,,0.0,,,
SWEEP_match_error_rate_0.03,44,random,L0_内地单方_UPLIFT,t_learner,7289.0,2187.0,,,,,,,,,,match_error_rate,0.03,,,,,0.005473479960041761,0.0506862002189105,
SWEEP_match_error_rate_0.03,44,random,L1_加k匿名统计_UPLIFT,t_learner,7289.0,2187.0,,,,,,,,,,match_error_rate,0.03,,,,,0.005780453167225861,0.03775510204081632,
SWEEP_match_error_rate_0.03,44,random,L2_加粗粒度标记_UPLIFT,t_learner,7289.0,2187.0,,,,,,,,,,match_error_rate,0.03,,,,,0.005862830995506644,0.06904100362044287,
SWEEP_match_error_rate_0.03,44,random,L4_集中式_UPLIFT,t_learner,7289.0,2187.0,,,,,,,,,,match_error_rate,0.03,,,,,0.008321039957723169,0.2233468286099865,
SWEEP_match_error_rate_0.03,44,random,OVERLAP_L1_vs_L3a_联邦LR,top_k_overlap,,,,,,,,,,,,match_error_rate,0.03,,,,,,,0.4908256880733945
SWEEP_match_error_rate_0.03,44,random,OVERLAP_L1_vs_L3b_纵向GBDT,top_k_overlap,,,,,,,,,,,,match_error_rate,0.03,,,,,,,0.41284403669724773
SWEEP_match_error_rate_0.03,44,random,OVERLAP_L1_vs_L3c_SplitNN_形态A双向,top_k_overlap,,,,,,,,,,,,match_error_rate,0.03,,,,,,,0.41743119266055045
SWEEP_match_error_rate_0.03,55,random,L0_内地单方_LR,logistic,7121.0,2137.0,0.746092972708209,0.4572561264943135,4.480083857442348,0.2222222222222222,3.344287949921753,0.3333333333333333,2.700940485483811,0.5396825396825397,0.0,match_error_rate,0.03,,,,,,,
SWEEP_match_error_rate_0.03,55,random,L1_加k匿名统计_LR,logistic,7121.0,2137.0,0.7443556657635733,0.4351915629639834,4.480083857442348,0.2222222222222222,3.344287949921753,0.3333333333333333,2.6215010594401695,0.5238095238095238,384.0,match_error_rate,0.03,,,,,,,
SWEEP_match_error_rate_0.03,55,random,L2_加粗粒度标记_LR,logistic,7121.0,2137.0,0.7577949212471873,0.4470924982014664,4.800089847259659,0.23809523809523808,4.140546985617409,0.4126984126984127,2.9392587636147356,0.5873015873015873,0.0,match_error_rate,0.03,,,,,,,
SWEEP_match_error_rate_0.03,55,random,L4_集中式_LR,logistic,7121.0,2137.0,0.8037378885980622,0.5070334144586797,6.400119796346212,0.31746031746031744,5.096057828452195,0.5079365079365079,3.4158953198765847,0.6825396825396826,0.0,match_error_rate,0.03,,,,,,,
SWEEP_match_error_rate_0.03,55,random,L0_内地单方_GBDT,gbdt,7121.0,2137.0,0.7379727847423122,0.3884985688264377,3.840071877807727,0.19047619047619047,3.1850361427826215,0.31746031746031744,2.700940485483811,0.5396825396825397,0.0,match_error_rate,0.03,60.0,0.0,0.0,,,,
SWEEP_match_error_rate_0.03,55,random,L4_集中式_GBDT,gbdt,7121.0,2137.0,0.7824845785308658,0.5295801380661553,4.480083857442348,0.2222222222222222,3.9812951784782773,0.3968253968253968,3.4158953198765847,0.6825396825396826,1945800.0,match_error_rate,0.03,60.0,402.0,402.0,,,,
SWEEP_match_error_rate_0.03,55,random,L3a_联邦LR,federated_logistic,7121.0,2137.0,0.8035618619032312,0.5060690943043884,6.400119796346212,0.31746031746031744,5.096057828452195,0.5079365079365079,3.4158953198765847,0.6825396825396826,3987200.0,match_error_rate,0.03,400.0,,,,,,
SWEEP_match_error_rate_0.03,55,random,L3b_纵向GBDT,vertical_gbdt,7121.0,2137.0,0.7824845785308658,0.5295801380661553,4.480083857442348,0.2222222222222222,3.9812951784782773,0.3968253968253968,3.4158953198765847,0.6825396825396826,1945800.0,match_error_rate,0.03,60.0,402.0,402.0,,,,
SWEEP_match_error_rate_0.03,55,random,L3c_SplitNN_形态A双向,splitnn,7121.0,2137.0,0.8175062374676646,0.5540555019822136,5.7601078167115904,0.2857142857142857,4.45905059989567,0.4444444444444444,3.4158953198765847,0.6825396825396826,466944.0,match_error_rate,0.03,228.0,,,1.0,,,
SWEEP_match_error_rate_0.03,55,random,L3c_SplitNN_形态B自监督,splitnn,7121.0,2137.0,0.7613843351548268,0.4518758323001331,4.480083857442348,0.2222222222222222,3.344287949921753,0.3333333333333333,2.9392587636147356,0.5873015873015873,233472.0,match_error_rate,0.03,228.0,,,0.0,,,
SWEEP_match_error_rate_0.03,55,random,L3c_SplitNN_形态B随机,splitnn,7121.0,2137.0,0.7850714056114249,0.49787237299291304,5.44010182689428,0.2698412698412698,3.822043371339146,0.38095238095238093,3.4158953198765847,0.6825396825396826,233472.0,match_error_rate,0.03,228.0,,,0.0,,,
SWEEP_match_error_rate_0.03,55,random,L0_内地单方_UPLIFT,t_learner,7121.0,2137.0,,,,,,,,,,match_error_rate,0.03,,,,,0.00822364309507656,0.10952380952380952,
SWEEP_match_error_rate_0.03,55,random,L1_加k匿名统计_UPLIFT,t_learner,7121.0,2137.0,,,,,,,,,,match_error_rate,0.03,,,,,0.007218706877583984,0.1321542836829008,
SWEEP_match_error_rate_0.03,55,random,L2_加粗粒度标记_UPLIFT,t_learner,7121.0,2137.0,,,,,,,,,,match_error_rate,0.03,,,,,0.008750453084675078,0.1253968253968254,
SWEEP_match_error_rate_0.03,55,random,L4_集中式_UPLIFT,t_learner,7121.0,2137.0,,,,,,,,,,match_error_rate,0.03,,,,,0.008296887464337432,0.14683318465655665,
SWEEP_match_error_rate_0.03,55,random,OVERLAP_L1_vs_L3a_联邦LR,top_k_overlap,,,,,,,,,,,,match_error_rate,0.03,,,,,,,0.5539906103286385
SWEEP_match_error_rate_0.03,55,random,OVERLAP_L1_vs_L3b_纵向GBDT,top_k_overlap,,,,,,,,,,,,match_error_rate,0.03,,,,,,,0.5117370892018779
SWEEP_match_error_rate_0.03,55,random,OVERLAP_L1_vs_L3c_SplitNN_形态A双向,top_k_overlap,,,,,,,,,,,,match_error_rate,0.03,,,,,,,0.4460093896713615
SWEEP_match_error_rate_0.05,11,random,L0_内地单方_LR,logistic,7236.0,2171.0,0.6562259244992295,0.2446070878274268,2.3849654739485247,0.11864406779661017,2.5435444817620874,0.2542372881355932,1.8652659532921971,0.3728813559322034,0.0,match_error_rate,0.05,,,,,,,
SWEEP_match_error_rate_0.05,11,random,L1_加k匿名统计_LR,logistic,7236.0,2171.0,0.6491958782742682,0.23306689779147416,2.7256748273697426,0.13559322033898305,2.204405217527142,0.22033898305084745,1.6109115051159884,0.3220338983050847,384.0,match_error_rate,0.05,,,,,,,
SWEEP_match_error_rate_0.05,11,random,L2_加粗粒度标记_LR,logistic,7236.0,2171.0,0.6501909989727788,0.23675044940934775,2.7256748273697426,0.13559322033898305,2.03483558540967,0.2033898305084746,1.7804811372334608,0.3559322033898305,0.0,match_error_rate,0.05,,,,,,,
SWEEP_match_error_rate_0.05,11,random,L4_集中式_LR,logistic,7236.0,2171.0,0.6730306240369799,0.33619831792501287,1.703546767106089,0.0847457627118644,2.204405217527142,0.22033898305084745,1.8652659532921971,0.3728813559322034,0.0,match_error_rate,0.05,,,,,,,
SWEEP_match_error_rate_0.05,11,random,L0_内地单方_GBDT,gbdt,7236.0,2171.0,0.5997046738572162,0.18472329224447867,2.7256748273697426,0.13559322033898305,1.8652659532921971,0.1864406779661017,1.6109115051159884,0.3220338983050847,0.0,match_error_rate,0.05,60.0,0.0,0.0,,,,
SWEEP_match_error_rate_0.05,11,random,L4_集中式_GBDT,gbdt,7236.0,2171.0,0.6348468798151001,0.26243900873138154,2.3849654739485247,0.11864406779661017,2.03483558540967,0.2033898305084746,1.7804811372334608,0.3559322033898305,1984680.0,match_error_rate,0.05,60.0,420.0,420.0,,,,
SWEEP_match_error_rate_0.05,11,random,L3a_联邦LR,federated_logistic,7236.0,2171.0,0.6731750770416025,0.33335740883410375,1.703546767106089,0.0847457627118644,2.03483558540967,0.2033898305084746,1.8652659532921971,0.3728813559322034,4052000.0,match_error_rate,0.05,400.0,,,,,,
SWEEP_match_error_rate_0.05,11,random,L3b_纵向GBDT,vertical_gbdt,7236.0,2171.0,0.6348468798151001,0.26243900873138154,2.3849654739485247,0.11864406779661017,2.03483558540967,0.2033898305084746,1.7804811372334608,0.3559322033898305,1984680.0,match_error_rate,0.05,60.0,420.0,420.0,,,,
SWEEP_match_error_rate_0.05,11,random,L3c_SplitNN_形态A双向,splitnn,7236.0,2171.0,0.6154019003595275,0.19376765536723173,1.703546767106089,0.0847457627118644,1.5261266890572522,0.15254237288135594,1.8652659532921971,0.3728813559322034,466944.0,match_error_rate,0.05,228.0,,,1.0,,,
SWEEP_match_error_rate_0.05,11,random,L3c_SplitNN_形态B自监督,splitnn,7236.0,2171.0,0.6733676810477658,0.27313655624036975,3.06638418079096,0.15254237288135594,1.6956963211747247,0.1694915254237288,2.119620401468406,0.423728813559322,233472.0,match_error_rate,0.05,228.0,,,0.0,,,
SWEEP_match_error_rate_0.05,11,random,L3c_SplitNN_形态B随机,splitnn,7236.0,2171.0,0.6440677966101696,0.2632896764252697,2.3849654739485247,0.11864406779661017,2.3739748496446142,0.23728813559322035,1.6109115051159884,0.3220338983050847,233472.0,match_error_rate,0.05,228.0,,,0.0,,,
SWEEP_match_error_rate_0.05,11,random,L0_内地单方_UPLIFT,t_learner,7236.0,2171.0,,,,,,,,,,match_error_rate,0.05,,,,,0.0037417168820200763,-0.006998975759644935,
SWEEP_match_error_rate_0.05,11,random,L1_加k匿名统计_UPLIFT,t_learner,7236.0,2171.0,,,,,,,,,,match_error_rate,0.05,,,,,0.0036517249093804146,-0.01157249829816201,
SWEEP_match_error_rate_0.05,11,random,L2_加粗粒度标记_UPLIFT,t_learner,7236.0,2171.0,,,,,,,,,,match_error_rate,0.05,,,,,0.005011827280189092,0.07083333333333333,
SWEEP_match_error_rate_0.05,11,random,L4_集中式_UPLIFT,t_learner,7236.0,2171.0,,,,,,,,,,match_error_rate,0.05,,,,,0.0070371358242359025,0.05762304921968786,
SWEEP_match_error_rate_0.05,11,random,OVERLAP_L1_vs_L3a_联邦LR,top_k_overlap,,,,,,,,,,,,match_error_rate,0.05,,,,,,,0.47465437788018433
SWEEP_match_error_rate_0.05,11,random,OVERLAP_L1_vs_L3b_纵向GBDT,top_k_overlap,,,,,,,,,,,,match_error_rate,0.05,,,,,,,0.2903225806451613
SWEEP_match_error_rate_0.05,11,random,OVERLAP_L1_vs_L3c_SplitNN_形态A双向,top_k_overlap,,,,,,,,,,,,match_error_rate,0.05,,,,,,,0.391705069124424
SWEEP_match_error_rate_0.05,22,random,L0_内地单方_LR,logistic,7169.0,2151.0,0.7509458144813848,0.4156410691950154,5.187820319565872,0.25806451612903225,4.195498874718679,0.41935483870967744,2.985258814703676,0.5967741935483871,0.0,match_error_rate,0.05,,,,,,,
SWEEP_match_error_rate_0.05,22,random,L1_加k匿名统计_LR,logistic,7169.0,2151.0,0.7509689772850106,0.4087539955836254,5.187820319565872,0.25806451612903225,3.872768192048012,0.3870967741935484,2.8238934733683423,0.5645161290322581,384.0,match_error_rate,0.05,,,,,,,
SWEEP_match_error_rate_0.05,22,random,L2_加粗粒度标记_LR,logistic,7169.0,2151.0,0.7499189301873098,0.39266356799827057,5.512059089538739,0.27419354838709675,4.195498874718679,0.41935483870967744,2.8238934733683423,0.5645161290322581,0.0,match_error_rate,0.05,,,,,,,
SWEEP_match_error_rate_0.05,22,random,L4_集中式_LR,logistic,7169.0,2151.0,0.8290585092419587,0.5230624314767058,6.48477539945734,0.3225806451612903,4.8409602400600145,0.4838709677419355,3.3079894973743436,0.6612903225806451,0.0,match_error_rate,0.05,,,,,,,
SWEEP_match_error_rate_0.05,22,random,L0_内地单方_GBDT,gbdt,7169.0,2151.0,0.7323769669080745,0.3450871693509782,4.863581549593005,0.24193548387096775,3.872768192048012,0.3870967741935484,2.6625281320330085,0.532258064516129,0.0,match_error_rate,0.05,60.0,0.0,0.0,,,,
SWEEP_match_error_rate_0.05,22,random,L4_集中式_GBDT,gbdt,7169.0,2151.0,0.7918050000772093,0.5016291171883445,4.863581549593005,0.24193548387096775,3.2273068267066765,0.3225806451612903,2.985258814703676,0.5967741935483871,1967760.0,match_error_rate,0.05,60.0,420.0,420.0,,,,
SWEEP_match_error_rate_0.05,22,random,L3a_联邦LR,federated_logistic,7169.0,2151.0,0.828757392794824,0.5225837335351071,6.48477539945734,0.3225806451612903,4.8409602400600145,0.4838709677419355,3.3079894973743436,0.6612903225806451,4014400.0,match_error_rate,0.05,400.0,,,,,,
SWEEP_match_error_rate_0.05,22,random,L3b_纵向GBDT,vertical_gbdt,7169.0,2151.0,0.7918050000772093,0.5016291171883445,4.863581549593005,0.24193548387096775,3.2273068267066765,0.3225806451612903,2.985258814703676,0.5967741935483871,1967760.0,match_error_rate,0.05,60.0,420.0,420.0,,,,
SWEEP_match_error_rate_0.05,22,random,L3c_SplitNN_形态A双向,splitnn,7169.0,2151.0,0.822796831328464,0.520082150743526,6.160536629484473,0.3064516129032258,5.325056264066017,0.532258064516129,3.2273068267066765,0.6451612903225806,466944.0,match_error_rate,0.05,228.0,,,1.0,,,
SWEEP_match_error_rate_0.05,22,random,L3c_SplitNN_形态B自监督,splitnn,7169.0,2151.0,0.8182569218178168,0.49996911626183227,6.809014169430207,0.3387096774193548,4.8409602400600145,0.4838709677419355,3.3079894973743436,0.6612903225806451,233472.0,match_error_rate,0.05,228.0,,,0.0,,,
SWEEP_match_error_rate_0.05,22,random,L3c_SplitNN_形态B随机,splitnn,7169.0,2151.0,0.7762087123025371,0.4663135625936163,4.215104009647272,0.20967741935483872,4.034133533383345,0.4032258064516129,3.14662415603901,0.6290322580645161,233472.0,match_error_rate,0.05,228.0,,,0.0,,,
SWEEP_match_error_rate_0.05,22,random,L0_内地单方_UPLIFT,t_learner,7169.0,2151.0,,,,,,,,,,match_error_rate,0.05,,,,,0.0067822098549899235,0.04351595006934813,
SWEEP_match_error_rate_0.05,22,random,L1_加k匿名统计_UPLIFT,t_learner,7169.0,2151.0,,,,,,,,,,match_error_rate,0.05,,,,,0.007621431099706143,0.024242424242424246,
SWEEP_match_error_rate_0.05,22,random,L2_加粗粒度标记_UPLIFT,t_learner,7169.0,2151.0,,,,,,,,,,match_error_rate,0.05,,,,,0.00618356924979086,0.03376623376623377,
SWEEP_match_error_rate_0.05,22,random,L4_集中式_UPLIFT,t_learner,7169.0,2151.0,,,,,,,,,,match_error_rate,0.05,,,,,0.00848507652577671,0.11032741205154999,
SWEEP_match_error_rate_0.05,22,random,OVERLAP_L1_vs_L3a_联邦LR,top_k_overlap,,,,,,,,,,,,match_error_rate,0.05,,,,,,,0.4418604651162791
SWEEP_match_error_rate_0.05,22,random,OVERLAP_L1_vs_L3b_纵向GBDT,top_k_overlap,,,,,,,,,,,,match_error_rate,0.05,,,,,,,0.3674418604651163
SWEEP_match_error_rate_0.05,22,random,OVERLAP_L1_vs_L3c_SplitNN_形态A双向,top_k_overlap,,,,,,,,,,,,match_error_rate,0.05,,,,,,,0.4232558139534884
SWEEP_match_error_rate_0.05,33,random,L0_内地单方_LR,logistic,7289.0,2187.0,0.6904291905062998,0.3005567293308452,1.6446082117611671,0.08196721311475409,2.1379906752895175,0.21311475409836064,2.2151404884270547,0.4426229508196721,0.0,match_error_rate,0.05,,,,,,,
SWEEP_match_error_rate_0.05,33,random,L1_加k匿名统计_LR,logistic,7289.0,2187.0,0.6929815091837207,0.32003454497786965,2.302451496465634,0.11475409836065574,1.9735298541134005,0.19672131147540983,2.297182728739168,0.45901639344262296,384.0,match_error_rate,0.05,,,,,,,
SWEEP_match_error_rate_0.05,33,random,L2_加粗粒度标记_LR,logistic,7289.0,2187.0,0.7050028530450473,0.33527905864935303,2.6313731388178674,0.13114754098360656,2.6313731388178674,0.26229508196721313,2.461267209363394,0.4918032786885246,0.0,match_error_rate,0.05,,,,,,,
SWEEP_match_error_rate_0.05,33,random,L4_集中式_LR,logistic,7289.0,2187.0,0.7924679610752126,0.45159847631972605,5.920589562340202,0.29508196721311475,4.275981350579035,0.4262295081967213,3.0355628915481865,0.6065573770491803,0.0,match_error_rate,0.05,,,,,,,
SWEEP_match_error_rate_0.05,33,random,L0_内地单方_GBDT,gbdt,7289.0,2187.0,0.6452585475687429,0.25181592461792335,1.9735298541134005,0.09836065573770492,1.8090690329372838,0.18032786885245902,1.6408448062422627,0.32786885245901637,0.0,match_error_rate,0.05,60.0,0.0,0.0,,,,
SWEEP_match_error_rate_0.05,33,random,L4_集中式_GBDT,gbdt,7289.0,2187.0,0.7622025507764909,0.4299307558256095,5.920589562340202,0.29508196721311475,3.453677244698451,0.3442622950819672,2.461267209363394,0.4918032786885246,1998000.0,match_error_rate,0.05,60.0,420.0,420.0,,,,
SWEEP_match_error_rate_0.05,33,random,L3a_联邦LR,federated_logistic,7289.0,2187.0,0.7927686874450596,0.4487762750026988,5.920589562340202,0.29508196721311475,4.275981350579035,0.4262295081967213,3.0355628915481865,0.6065573770491803,4081600.0,match_error_rate,0.05,400.0,,,,,,
SWEEP_match_error_rate_0.05,33,random,L3b_纵向GBDT,vertical_gbdt,7289.0,2187.0,0.7622025507764909,0.4299307558256095,5.920589562340202,0.29508196721311475,3.453677244698451,0.3442622950819672,2.461267209363394,0.4918032786885246,1998000.0,match_error_rate,0.05,60.0,420.0,420.0,,,,
SWEEP_match_error_rate_0.05,33,random,L3c_SplitNN_形态A双向,splitnn,7289.0,2187.0,0.7736764184260444,0.45320235029224437,4.604902992931268,0.22950819672131148,3.947059708226801,0.39344262295081966,2.7894361706118467,0.5573770491803278,466944.0,match_error_rate,0.05,228.0,,,1.0,,,
SWEEP_match_error_rate_0.05,33,random,L3c_SplitNN_形态B自监督,splitnn,7289.0,2187.0,0.6980861465385624,0.30752741236525144,4.933824635283502,0.2459016393442623,3.7825988870506846,0.3770491803278688,2.2151404884270547,0.4426229508196721,233472.0,match_error_rate,0.05,228.0,,,0.0,,,
SWEEP_match_error_rate_0.05,33,random,L3c_SplitNN_形态B随机,splitnn,7289.0,2187.0,0.6972919204848634,0.32876332063599767,4.275981350579035,0.21311475409836064,3.1247556023462177,0.3114754098360656,2.379224969051281,0.47540983606557374,233472.0,match_error_rate,0.05,228.0,,,0.0,,,
SWEEP_match_error_rate_0.05,33,random,L0_内地单方_UPLIFT,t_learner,7289.0,2187.0,,,,,,,,,,match_error_rate,0.05,,,,,0.008785655775768933,0.06247361756015196,
SWEEP_match_error_rate_0.05,33,random,L1_加k匿名统计_UPLIFT,t_learner,7289.0,2187.0,,,,,,,,,,match_error_rate,0.05,,,,,0.008849508264628115,0.10183996576807874,
SWEEP_match_error_rate_0.05,33,random,L2_加粗粒度标记_UPLIFT,t_learner,7289.0,2187.0,,,,,,,,,,match_error_rate,0.05,,,,,0.0066609694662033495,0.07048681541582151,
SWEEP_match_error_rate_0.05,33,random,L4_集中式_UPLIFT,t_learner,7289.0,2187.0,,,,,,,,,,match_error_rate,0.05,,,,,0.00928774152976389,0.139401601348504,
SWEEP_match_error_rate_0.05,33,random,OVERLAP_L1_vs_L3a_联邦LR,top_k_overlap,,,,,,,,,,,,match_error_rate,0.05,,,,,,,0.48623853211009177
SWEEP_match_error_rate_0.05,33,random,OVERLAP_L1_vs_L3b_纵向GBDT,top_k_overlap,,,,,,,,,,,,match_error_rate,0.05,,,,,,,0.40825688073394495
SWEEP_match_error_rate_0.05,33,random,OVERLAP_L1_vs_L3c_SplitNN_形态A双向,top_k_overlap,,,,,,,,,,,,match_error_rate,0.05,,,,,,,0.5045871559633027
SWEEP_match_error_rate_0.05,44,random,L0_内地单方_LR,logistic,7289.0,2187.0,0.7007073329837172,0.30190199664880213,4.338209769402431,0.21621621621621623,2.711381105876519,0.2702702702702703,2.1641412579627683,0.43243243243243246,0.0,match_error_rate,0.05,,,,,,,
SWEEP_match_error_rate_0.05,44,random,L1_加k匿名统计_LR,logistic,7289.0,2187.0,0.7013404791445492,0.3104142950333201,4.609347879990082,0.22972972972972974,2.711381105876519,0.2702702702702703,2.231770672274105,0.44594594594594594,384.0,match_error_rate,0.05,,,,,,,
SWEEP_match_error_rate_0.05,44,random,L2_加粗粒度标记_LR,logistic,7289.0,2187.0,0.7046021411851984,0.3171486678348959,4.338209769402431,0.21621621621621623,2.575812050582693,0.25675675675675674,2.0965118436514314,0.4189189189189189,0.0,match_error_rate,0.05,,,,,,,
SWEEP_match_error_rate_0.05,44,random,L4_集中式_LR,logistic,7289.0,2187.0,0.8151724843632085,0.522492677248948,6.2361765435159935,0.3108108108108108,4.609347879990082,0.4594594594594595,3.110953058321479,0.6216216216216216,0.0,match_error_rate,0.05,,,,,,,
SWEEP_match_error_rate_0.05,44,random,L0_内地单方_GBDT,gbdt,7289.0,2187.0,0.6636299100804544,0.29207863803225853,4.067071658814778,0.20270270270270271,2.982519216464171,0.2972972972972973,2.1641412579627683,0.43243243243243246,0.0,match_error_rate,0.05,60.0,0.0,0.0,,,,
SWEEP_match_error_rate_0.05,44,random,L4_集中式_GBDT,gbdt,7289.0,2187.0,0.7907356007214029,0.48968419436947597,5.422762211753038,0.2702702702702703,4.473778824696256,0.44594594594594594,3.313841301255489,0.6621621621621622,1998000.0,match_error_rate,0.05,60.0,420.0,420.0,,,,
SWEEP_match_error_rate_0.05,44,random,L3a_联邦LR,federated_logistic,7289.0,2187.0,0.81534516058889,0.5229659380156304,6.2361765435159935,0.3108108108108108,4.609347879990082,0.4594594594594595,3.110953058321479,0.6216216216216216,4081600.0,match_error_rate,0.05,400.0,,,,,,
SWEEP_match_error_rate_0.05,44,random,L3b_纵向GBDT,vertical_gbdt,7289.0,2187.0,0.7907356007214029,0.48968419436947597,5.422762211753038,0.2702702702702703,4.473778824696256,0.44594594594594594,3.313841301255489,0.6621621621621622,1998000.0,match_error_rate,0.05,60.0,420.0,420.0,,,,
SWEEP_match_error_rate_0.05,44,random,L3c_SplitNN_形态A双向,splitnn,7289.0,2187.0,0.7927309704403884,0.4735357695603791,5.151624101165386,0.25675675675675674,3.7959335482271266,0.3783783783783784,2.90806481538747,0.581081081081081,466944.0,match_error_rate,0.05,228.0,,,1.0,,,
SWEEP_match_error_rate_0.05,44,random,L3c_SplitNN_形态B自监督,splitnn,7289.0,2187.0,0.7543328941814509,0.4024443279057572,5.422762211753038,0.2702702702702703,3.2536573270518225,0.32432432432432434,2.4346589152081144,0.4864864864864865,233472.0,match_error_rate,0.05,228.0,,,0.0,,,
SWEEP_match_error_rate_0.05,44,random,L3c_SplitNN_形态B随机,splitnn,7289.0,2187.0,0.7151993451094256,0.3554763945204077,4.338209769402431,0.21621621621621623,2.8469501611703447,0.28378378378378377,2.0288824293400953,0.40540540540540543,233472.0,match_error_rate,0.05,228.0,,,0.0,,,
SWEEP_match_error_rate_0.05,44,random,L0_内地单方_UPLIFT,t_learner,7289.0,2187.0,,,,,,,,,,match_error_rate,0.05,,,,,0.005473479960041761,0.0506862002189105,
SWEEP_match_error_rate_0.05,44,random,L1_加k匿名统计_UPLIFT,t_learner,7289.0,2187.0,,,,,,,,,,match_error_rate,0.05,,,,,0.005544648950240592,0.030048382989559447,
SWEEP_match_error_rate_0.05,44,random,L2_加粗粒度标记_UPLIFT,t_learner,7289.0,2187.0,,,,,,,,,,match_error_rate,0.05,,,,,0.006048653065558081,0.07425200168563001,
SWEEP_match_error_rate_0.05,44,random,L4_集中式_UPLIFT,t_learner,7289.0,2187.0,,,,,,,,,,match_error_rate,0.05,,,,,0.008041474480089773,0.18086809945217028,
SWEEP_match_error_rate_0.05,44,random,OVERLAP_L1_vs_L3a_联邦LR,top_k_overlap,,,,,,,,,,,,match_error_rate,0.05,,,,,,,0.4724770642201835
SWEEP_match_error_rate_0.05,44,random,OVERLAP_L1_vs_L3b_纵向GBDT,top_k_overlap,,,,,,,,,,,,match_error_rate,0.05,,,,,,,0.3944954128440367
SWEEP_match_error_rate_0.05,44,random,OVERLAP_L1_vs_L3c_SplitNN_形态A双向,top_k_overlap,,,,,,,,,,,,match_error_rate,0.05,,,,,,,0.41743119266055045
SWEEP_match_error_rate_0.05,55,random,L0_内地单方_LR,logistic,7121.0,2137.0,0.746092972708209,0.4572561264943135,4.480083857442348,0.2222222222222222,3.344287949921753,0.3333333333333333,2.700940485483811,0.5396825396825397,0.0,match_error_rate,0.05,,,,,,,
SWEEP_match_error_rate_0.05,55,random,L1_加k匿名统计_LR,logistic,7121.0,2137.0,0.74465414581133,0.43226033582832035,4.480083857442348,0.2222222222222222,3.1850361427826215,0.31746031746031744,2.542061633396528,0.5079365079365079,384.0,match_error_rate,0.05,,,,,,,
SWEEP_match_error_rate_0.05,55,random,L2_加粗粒度标记_LR,logistic,7121.0,2137.0,0.7560805743062251,0.4355206563499717,5.120095837076969,0.25396825396825395,4.2997987927565395,0.42857142857142855,2.859819337571094,0.5714285714285714,0.0,match_error_rate,0.05,,,,,,,
SWEEP_match_error_rate_0.05,55,random,L4_集中式_LR,logistic,7121.0,2137.0,0.7955947406284919,0.4818080237559505,6.0801138065289,0.30158730158730157,4.936806021313063,0.49206349206349204,3.2570164677893017,0.6507936507936508,0.0,match_error_rate,0.05,,,,,,,
SWEEP_match_error_rate_0.05,55,random,L0_内地单方_GBDT,gbdt,7121.0,2137.0,0.7379727847423122,0.3884985688264377,3.840071877807727,0.19047619047619047,3.1850361427826215,0.31746031746031744,2.700940485483811,0.5396825396825397,0.0,match_error_rate,0.05,60.0,0.0,0.0,,,,
SWEEP_match_error_rate_0.05,55,random,L4_集中式_GBDT,gbdt,7121.0,2137.0,0.7920742067318731,0.4966784528018858,4.800089847259659,0.23809523809523808,4.777554214173933,0.47619047619047616,3.018698189658377,0.6031746031746031,1945800.0,match_error_rate,0.05,60.0,402.0,402.0,,,,
SWEEP_match_error_rate_0.05,55,random,L3a_联邦LR,federated_logistic,7121.0,2137.0,0.7954646339410081,0.48132586367880487,6.0801138065289,0.30158730158730157,4.777554214173933,0.47619047619047616,3.2570164677893017,0.6507936507936508,3987200.0,match_error_rate,0.05,400.0,,,,,,
SWEEP_match_error_rate_0.05,55,random,L3b_纵向GBDT,vertical_gbdt,7121.0,2137.0,0.7920742067318731,0.4966784528018858,4.800089847259659,0.23809523809523808,4.777554214173933,0.47619047619047616,3.018698189658377,0.6031746031746031,1945800.0,match_error_rate,0.05,60.0,402.0,402.0,,,,
SWEEP_match_error_rate_0.05,55,random,L3c_SplitNN_形态A双向,splitnn,7121.0,2137.0,0.8077099692335951,0.5146331756746414,5.7601078167115904,0.2857142857142857,4.618302407034801,0.4603174603174603,3.2570164677893017,0.6507936507936508,466944.0,match_error_rate,0.05,228.0,,,1.0,,,
SWEEP_match_error_rate_0.05,55,random,L3c_SplitNN_形态B自监督,splitnn,7121.0,2137.0,0.7582847346588909,0.4456077512972402,4.160077867625038,0.20634920634920634,3.1850361427826215,0.31746031746031744,2.859819337571094,0.5714285714285714,233472.0,match_error_rate,0.05,228.0,,,0.0,,,
SWEEP_match_error_rate_0.05,55,random,L3c_SplitNN_形态B随机,splitnn,7121.0,2137.0,0.7789410846305735,0.4728383156541305,5.44010182689428,0.2698412698412698,3.503539757060884,0.3492063492063492,3.2570164677893017,0.6507936507936508,233472.0,match_error_rate,0.05,228.0,,,0.0,,,
SWEEP_match_error_rate_0.05,55,random,L0_内地单方_UPLIFT,t_learner,7121.0,2137.0,,,,,,,,,,match_error_rate,0.05,,,,,0.00822364309507656,0.10952380952380952,
SWEEP_match_error_rate_0.05,55,random,L1_加k匿名统计_UPLIFT,t_learner,7121.0,2137.0,,,,,,,,,,match_error_rate,0.05,,,,,0.007397408273042542,0.1190855927698033,
SWEEP_match_error_rate_0.05,55,random,L2_加粗粒度标记_UPLIFT,t_learner,7121.0,2137.0,,,,,,,,,,match_error_rate,0.05,,,,,0.008584393146844425,0.12096631987303826,
SWEEP_match_error_rate_0.05,55,random,L4_集中式_UPLIFT,t_learner,7121.0,2137.0,,,,,,,,,,match_error_rate,0.05,,,,,0.00874083475667633,0.15224358974358973,
SWEEP_match_error_rate_0.05,55,random,OVERLAP_L1_vs_L3a_联邦LR,top_k_overlap,,,,,,,,,,,,match_error_rate,0.05,,,,,,,0.5446009389671361
SWEEP_match_error_rate_0.05,55,random,OVERLAP_L1_vs_L3b_纵向GBDT,top_k_overlap,,,,,,,,,,,,match_error_rate,0.05,,,,,,,0.4788732394366197
SWEEP_match_error_rate_0.05,55,random,OVERLAP_L1_vs_L3c_SplitNN_形态A双向,top_k_overlap,,,,,,,,,,,,match_error_rate,0.05,,,,,,,0.45539906103286387
SWEEP_match_error_rate_0.1,11,random,L0_内地单方_LR,logistic,7236.0,2171.0,0.6562259244992295,0.2446070878274268,2.3849654739485247,0.11864406779661017,2.5435444817620874,0.2542372881355932,1.8652659532921971,0.3728813559322034,0.0,match_error_rate,0.1,,,,,,,
SWEEP_match_error_rate_0.1,11,random,L1_加k匿名统计_LR,logistic,7236.0,2171.0,0.6487544940934771,0.2360843605546996,3.06638418079096,0.15254237288135594,2.5435444817620874,0.2542372881355932,1.6956963211747247,0.3389830508474576,384.0,match_error_rate,0.1,,,,,,,
SWEEP_match_error_rate_0.1,11,random,L2_加粗粒度标记_LR,logistic,7236.0,2171.0,0.6499020929635337,0.23021796353364155,3.06638418079096,0.15254237288135594,1.8652659532921971,0.1864406779661017,1.9500507693509332,0.3898305084745763,0.0,match_error_rate,0.1,,,,,,,
SWEEP_match_error_rate_0.1,11,random,L4_集中式_LR,logistic,7236.0,2171.0,0.6634164740626605,0.2922525038520801,1.3628374136848713,0.06779661016949153,1.8652659532921971,0.1864406779661017,1.9500507693509332,0.3898305084745763,0.0,match_error_rate,0.1,,,,,,,
SWEEP_match_error_rate_0.1,11,random,L0_内地单方_GBDT,gbdt,7236.0,2171.0,0.5997046738572162,0.18472329224447867,2.7256748273697426,0.13559322033898305,1.8652659532921971,0.1864406779661017,1.6109115051159884,0.3220338983050847,0.0,match_error_rate,0.1,60.0,0.0,0.0,,,,
SWEEP_match_error_rate_0.1,11,random,L4_集中式_GBDT,gbdt,7236.0,2171.0,0.6229295069337442,0.274075500770416,2.3849654739485247,0.11864406779661017,2.03483558540967,0.2033898305084746,1.5261266890572522,0.3050847457627119,1984680.0,match_error_rate,0.1,60.0,420.0,420.0,,,,
SWEEP_match_error_rate_0.1,11,random,L3a_联邦LR,federated_logistic,7236.0,2171.0,0.663408448895737,0.2933920775552132,1.3628374136848713,0.06779661016949153,1.8652659532921971,0.1864406779661017,1.8652659532921971,0.3728813559322034,4052000.0,match_error_rate,0.1,400.0,,,,,,
SWEEP_match_error_rate_0.1,11,random,L3b_纵向GBDT,vertical_gbdt,7236.0,2171.0,0.6229295069337442,0.274075500770416,2.3849654739485247,0.11864406779661017,2.03483558540967,0.2033898305084746,1.5261266890572522,0.3050847457627119,1984680.0,match_error_rate,0.1,60.0,420.0,420.0,,,,
SWEEP_match_error_rate_0.1,11,random,L3c_SplitNN_形态A双向,splitnn,7236.0,2171.0,0.6029949922958397,0.18660118130457115,1.0221280602636533,0.05084745762711865,1.8652659532921971,0.1864406779661017,1.5261266890572522,0.3050847457627119,466944.0,match_error_rate,0.1,228.0,,,1.0,,,
SWEEP_match_error_rate_0.1,11,random,L3c_SplitNN_形态B自监督,splitnn,7236.0,2171.0,0.6558728171545968,0.2530415382639959,2.7256748273697426,0.13559322033898305,1.5261266890572522,0.15254237288135594,1.9500507693509332,0.3898305084745763,233472.0,match_error_rate,0.1,228.0,,,0.0,,,
SWEEP_match_error_rate_0.1,11,random,L3c_SplitNN_形态B随机,splitnn,7236.0,2171.0,0.638329802259887,0.23696712891628147,2.3849654739485247,0.11864406779661017,2.03483558540967,0.2033898305084746,1.7804811372334608,0.3559322033898305,233472.0,match_error_rate,0.1,228.0,,,0.0,,,
SWEEP_match_error_rate_0.1,11,random,L0_内地单方_UPLIFT,t_learner,7236.0,2171.0,,,,,,,,,,match_error_rate,0.1,,,,,0.0037417168820200763,-0.006998975759644935,
SWEEP_match_error_rate_0.1,11,random,L1_加k匿名统计_UPLIFT,t_learner,7236.0,2171.0,,,,,,,,,,match_error_rate,0.1,,,,,0.00370563705511966,-0.012412258174970034,
SWEEP_match_error_rate_0.1,11,random,L2_加粗粒度标记_UPLIFT,t_learner,7236.0,2171.0,,,,,,,,,,match_error_rate,0.1,,,,,0.004900563085099025,0.09377664109121911,
SWEEP_match_error_rate_0.1,11,random,L4_集中式_UPLIFT,t_learner,7236.0,2171.0,,,,,,,,,,match_error_rate,0.1,,,,,0.00763975044755937,0.0785824345146379,
SWEEP_match_error_rate_0.1,11,random,OVERLAP_L1_vs_L3a_联邦LR,top_k_overlap,,,,,,,,,,,,match_error_rate,0.1,,,,,,,0.45161290322580644
SWEEP_match_error_rate_0.1,11,random,OVERLAP_L1_vs_L3b_纵向GBDT,top_k_overlap,,,,,,,,,,,,match_error_rate,0.1,,,,,,,0.3317972350230415
SWEEP_match_error_rate_0.1,11,random,OVERLAP_L1_vs_L3c_SplitNN_形态A双向,top_k_overlap,,,,,,,,,,,,match_error_rate,0.1,,,,,,,0.3824884792626728
SWEEP_match_error_rate_0.1,22,random,L0_内地单方_LR,logistic,7169.0,2151.0,0.7509458144813848,0.4156410691950154,5.187820319565872,0.25806451612903225,4.195498874718679,0.41935483870967744,2.985258814703676,0.5967741935483871,0.0,match_error_rate,0.1,,,,,,,
SWEEP_match_error_rate_0.1,22,random,L1_加k匿名统计_LR,logistic,7169.0,2151.0,0.7506292561651662,0.4140196729412128,5.187820319565872,0.25806451612903225,3.711402850712678,0.3709677419354839,2.8238934733683423,0.5645161290322581,384.0,match_error_rate,0.1,,,,,,,
SWEEP_match_error_rate_0.1,22,random,L2_加粗粒度标记_LR,logistic,7169.0,2151.0,0.7503590234561991,0.3974505474142591,5.187820319565872,0.25806451612903225,4.195498874718679,0.41935483870967744,2.904576144036009,0.5806451612903226,0.0,match_error_rate,0.1,,,,,,,
SWEEP_match_error_rate_0.1,22,random,L4_集中式_LR,logistic,7169.0,2151.0,0.8315678129680817,0.5300962028443923,6.48477539945734,0.3225806451612903,5.002325581395349,0.5,3.38867216804201,0.6774193548387096,0.0,match_error_rate,0.1,,,,,,,
SWEEP_match_error_rate_0.1,22,random,L0_内地单方_GBDT,gbdt,7169.0,2151.0,0.7323769669080745,0.3450871693509782,4.863581549593005,0.24193548387096775,3.872768192048012,0.3870967741935484,2.6625281320330085,0.532258064516129,0.0,match_error_rate,0.1,60.0,0.0,0.0,,,,
SWEEP_match_error_rate_0.1,22,random,L4_集中式_GBDT,gbdt,7169.0,2151.0,0.7983600735032969,0.49268055405426275,4.863581549593005,0.24193548387096775,4.034133533383345,0.4032258064516129,3.2273068267066765,0.6451612903225806,1965596.0,match_error_rate,0.1,60.0,416.0,416.0,,,,
SWEEP_match_error_rate_0.1,22,random,L3a_联邦LR,federated_logistic,7169.0,2151.0,0.8319924643678871,0.5324896925523865,6.48477539945734,0.3225806451612903,5.002325581395349,0.5,3.38867216804201,0.6774193548387096,4014400.0,match_error_rate,0.1,400.0,,,,,,
SWEEP_match_error_rate_0.1,22,random,L3b_纵向GBDT,vertical_gbdt,7169.0,2151.0,0.7983600735032969,0.49268055405426275,4.863581549593005,0.24193548387096775,4.034133533383345,0.4032258064516129,3.2273068267066765,0.6451612903225806,1965596.0,match_error_rate,0.1,60.0,416.0,416.0,,,,
SWEEP_match_error_rate_0.1,22,random,L3c_SplitNN_形态A双向,splitnn,7169.0,2151.0,0.8267267870102998,0.5225837335351071,6.809014169430207,0.3387096774193548,5.163690922730682,0.5161290322580645,3.38867216804201,0.6774193548387096,466944.0,match_error_rate,0.1,228.0,,,1.0,,,
SWEEP_match_error_rate_0.1,22,random,L3c_SplitNN_形态B自监督,splitnn,7169.0,2151.0,0.790531045877793,0.4667227721243379,6.809014169430207,0.3387096774193548,4.679594898724681,0.46774193548387094,3.14662415603901,0.6290322580645161,233472.0,match_error_rate,0.1,228.0,,,0.0,,,
SWEEP_match_error_rate_0.1,22,random,L3c_SplitNN_形态B随机,splitnn,7169.0,2151.0,0.775289921092049,0.4720579378928025,4.215104009647272,0.20967741935483872,4.034133533383345,0.4032258064516129,3.14662415603901,0.6290322580645161,233472.0,match_error_rate,0.1,228.0,,,0.0,,,
SWEEP_match_error_rate_0.1,22,random,L0_内地单方_UPLIFT,t_learner,7169.0,2151.0,,,,,,,,,,match_error_rate,0.1,,,,,0.0067822098549899235,0.04351595006934813,
SWEEP_match_error_rate_0.1,22,random,L1_加k匿名统计_UPLIFT,t_learner,7169.0,2151.0,,,,,,,,,,match_error_rate,0.1,,,,,0.007584957715637193,0.012395977808599176,
SWEEP_match_error_rate_0.1,22,random,L2_加粗粒度标记_UPLIFT,t_learner,7169.0,2151.0,,,,,,,,,,match_error_rate,0.1,,,,,0.0065897374579928615,0.03434782608695651,
SWEEP_match_error_rate_0.1,22,random,L4_集中式_UPLIFT,t_learner,7169.0,2151.0,,,,,,,,,,match_error_rate,0.1,,,,,0.00829388820466922,0.08930751787894646,
SWEEP_match_error_rate_0.1,22,random,OVERLAP_L1_vs_L3a_联邦LR,top_k_overlap,,,,,,,,,,,,match_error_rate,0.1,,,,,,,0.4604651162790698
SWEEP_match_error_rate_0.1,22,random,OVERLAP_L1_vs_L3b_纵向GBDT,top_k_overlap,,,,,,,,,,,,match_error_rate,0.1,,,,,,,0.3953488372093023
SWEEP_match_error_rate_0.1,22,random,OVERLAP_L1_vs_L3c_SplitNN_形态A双向,top_k_overlap,,,,,,,,,,,,match_error_rate,0.1,,,,,,,0.44651162790697674
SWEEP_match_error_rate_0.1,33,random,L0_内地单方_LR,logistic,7289.0,2187.0,0.6904291905062998,0.3005567293308452,1.6446082117611671,0.08196721311475409,2.1379906752895175,0.21311475409836064,2.2151404884270547,0.4426229508196721,0.0,match_error_rate,0.1,,,,,,,
SWEEP_match_error_rate_0.1,33,random,L1_加k匿名统计_LR,logistic,7289.0,2187.0,0.692410900174267,0.29933840198633627,1.9735298541134005,0.09836065573770492,1.9735298541134005,0.19672131147540983,2.297182728739168,0.45901639344262296,384.0,match_error_rate,0.1,,,,,,,
SWEEP_match_error_rate_0.1,33,random,L2_加粗粒度标记_LR,logistic,7289.0,2187.0,0.7045941736193575,0.3305214132597196,2.6313731388178674,0.13114754098360656,2.7958339599939843,0.2786885245901639,2.461267209363394,0.4918032786885246,0.0,match_error_rate,0.1,,,,,,,
SWEEP_match_error_rate_0.1,33,random,L4_集中式_LR,logistic,7289.0,2187.0,0.7813565072559876,0.4221966904677452,5.591667919987969,0.2786885245901639,4.111520529402918,0.4098360655737705,2.9535206512360728,0.5901639344262295,0.0,match_error_rate,0.1,,,,,,,
SWEEP_match_error_rate_0.1,33,random,L0_内地单方_GBDT,gbdt,7289.0,2187.0,0.6452585475687429,0.25181592461792335,1.9735298541134005,0.09836065573770492,1.8090690329372838,0.18032786885245902,1.6408448062422627,0.32786885245901637,0.0,match_error_rate,0.1,60.0,0.0,0.0,,,,
SWEEP_match_error_rate_0.1,33,random,L4_集中式_GBDT,gbdt,7289.0,2187.0,0.74539271779529,0.40857147263390037,4.933824635283502,0.2459016393442623,3.6181380658745677,0.36065573770491804,2.0510560078028286,0.4098360655737705,1998000.0,match_error_rate,0.1,60.0,420.0,420.0,,,,
SWEEP_match_error_rate_0.1,33,random,L3a_联邦LR,federated_logistic,7289.0,2187.0,0.7815569915025523,0.42078558980923153,5.591667919987969,0.2786885245901639,4.111520529402918,0.4098360655737705,2.9535206512360728,0.5901639344262295,4081600.0,match_error_rate,0.1,400.0,,,,,,
SWEEP_match_error_rate_0.1,33,random,L3b_纵向GBDT,vertical_gbdt,7289.0,2187.0,0.74539271779529,0.40857147263390037,4.933824635283502,0.2459016393442623,3.6181380658745677,0.36065573770491804,2.0510560078028286,0.4098360655737705,1998000.0,match_error_rate,0.1,60.0,420.0,420.0,,,,
SWEEP_match_error_rate_0.1,33,random,L3c_SplitNN_形态A双向,splitnn,7289.0,2187.0,0.7552087349444042,0.4099979951575344,4.933824635283502,0.2459016393442623,3.7825988870506846,0.3770491803278688,2.707393930299734,0.5409836065573771,466944.0,match_error_rate,0.1,228.0,,,1.0,,,
SWEEP_match_error_rate_0.1,33,random,L3c_SplitNN_形态B自监督,splitnn,7289.0,2187.0,0.6939068210909427,0.30362568048979843,4.604902992931268,0.22950819672131148,3.7825988870506846,0.3770491803278688,2.2151404884270547,0.4426229508196721,233472.0,match_error_rate,0.1,228.0,,,0.0,,,
SWEEP_match_error_rate_0.1,33,random,L3c_SplitNN_形态B随机,splitnn,7289.0,2187.0,0.6885400120290548,0.316148234967537,3.947059708226801,0.19672131147540983,2.960294781170101,0.29508196721311475,2.297182728739168,0.45901639344262296,233472.0,match_error_rate,0.1,228.0,,,0.0,,,
SWEEP_match_error_rate_0.1,33,random,L0_内地单方_UPLIFT,t_learner,7289.0,2187.0,,,,,,,,,,match_error_rate,0.1,,,,,0.008785655775768933,0.06247361756015196,
SWEEP_match_error_rate_0.1,33,random,L1_加k匿名统计_UPLIFT,t_learner,7289.0,2187.0,,,,,,,,,,match_error_rate,0.1,,,,,0.009077573957199854,0.09101775956284151,
SWEEP_match_error_rate_0.1,33,random,L2_加粗粒度标记_UPLIFT,t_learner,7289.0,2187.0,,,,,,,,,,match_error_rate,0.1,,,,,0.006817594018606865,0.07986492190797806,
SWEEP_match_error_rate_0.1,33,random,L4_集中式_UPLIFT,t_learner,7289.0,2187.0,,,,,,,,,,match_error_rate,0.1,,,,,0.009190608069249324,0.14757690686894226,
SWEEP_match_error_rate_0.1,33,random,OVERLAP_L1_vs_L3a_联邦LR,top_k_overlap,,,,,,,,,,,,match_error_rate,0.1,,,,,,,0.555045871559633
SWEEP_match_error_rate_0.1,33,random,OVERLAP_L1_vs_L3b_纵向GBDT,top_k_overlap,,,,,,,,,,,,match_error_rate,0.1,,,,,,,0.44954128440366975
SWEEP_match_error_rate_0.1,33,random,OVERLAP_L1_vs_L3c_SplitNN_形态A双向,top_k_overlap,,,,,,,,,,,,match_error_rate,0.1,,,,,,,0.5321100917431193
SWEEP_match_error_rate_0.1,44,random,L0_内地单方_LR,logistic,7289.0,2187.0,0.7007073329837172,0.30190199664880213,4.338209769402431,0.21621621621621623,2.711381105876519,0.2702702702702703,2.1641412579627683,0.43243243243243246,0.0,match_error_rate,0.1,,,,,,,
SWEEP_match_error_rate_0.1,44,random,L1_加k匿名统计_LR,logistic,7289.0,2187.0,0.702958519333342,0.3176219286015784,4.338209769402431,0.21621621621621623,2.8469501611703447,0.28378378378378377,2.0965118436514314,0.4189189189189189,384.0,match_error_rate,0.1,,,,,,,
SWEEP_match_error_rate_0.1,44,random,L2_加粗粒度标记_LR,logistic,7289.0,2187.0,0.7045062099487087,0.31835740141466595,4.338209769402431,0.21621621621621623,2.575812050582693,0.25675675675675674,2.1641412579627683,0.43243243243243246,0.0,match_error_rate,0.1,,,,,,,
SWEEP_match_error_rate_0.1,44,random,L4_集中式_LR,logistic,7289.0,2187.0,0.8102224325603408,0.5289072792622249,6.507314654103645,0.32432432432432434,4.744916935283908,0.47297297297297297,3.043323644010143,0.6081081081081081,0.0,match_error_rate,0.1,,,,,,,
SWEEP_match_error_rate_0.1,44,random,L0_内地单方_GBDT,gbdt,7289.0,2187.0,0.6636299100804544,0.29207863803225853,4.067071658814778,0.20270270270270271,2.982519216464171,0.2972972972972973,2.1641412579627683,0.43243243243243246,0.0,match_error_rate,0.1,60.0,0.0,0.0,,,,
SWEEP_match_error_rate_0.1,44,random,L4_集中式_GBDT,gbdt,7289.0,2187.0,0.7876274286591372,0.47296018214144103,5.422762211753038,0.2702702702702703,4.338209769402431,0.43243243243243246,3.110953058321479,0.6216216216216216,1989564.0,match_error_rate,0.1,60.0,408.0,408.0,,,,
SWEEP_match_error_rate_0.1,44,random,L3a_联邦LR,federated_logistic,7289.0,2187.0,0.8105869712590014,0.5322201046290019,6.507314654103645,0.32432432432432434,4.744916935283908,0.47297297297297297,2.9756942296988065,0.5945945945945946,4081600.0,match_error_rate,0.1,400.0,,,,,,
SWEEP_match_error_rate_0.1,44,random,L3b_纵向GBDT,vertical_gbdt,7289.0,2187.0,0.7876274286591372,0.47296018214144103,5.422762211753038,0.2702702702702703,4.338209769402431,0.43243243243243246,3.110953058321479,0.6216216216216216,1989564.0,match_error_rate,0.1,60.0,408.0,408.0,,,,
SWEEP_match_error_rate_0.1,44,random,L3c_SplitNN_形态A双向,splitnn,7289.0,2187.0,0.782229697752651,0.459600158606311,5.422762211753038,0.2702702702702703,3.7959335482271266,0.3783783783783784,2.8404354010761335,0.5675675675675675,466944.0,match_error_rate,0.1,228.0,,,1.0,,,
SWEEP_match_error_rate_0.1,44,random,L3c_SplitNN_形态B自监督,splitnn,7289.0,2187.0,0.7498561031452655,0.41285606477277087,5.151624101165386,0.25675675675675674,3.3892263823456488,0.33783783783783783,2.4346589152081144,0.4864864864864865,233472.0,match_error_rate,0.1,228.0,,,0.0,,,
SWEEP_match_error_rate_0.1,44,random,L3c_SplitNN_形态B随机,splitnn,7289.0,2187.0,0.7121359409575216,0.35048157480717823,4.609347879990082,0.22972972972972974,2.8469501611703447,0.28378378378378377,2.0288824293400953,0.40540540540540543,233472.0,match_error_rate,0.1,228.0,,,0.0,,,
SWEEP_match_error_rate_0.1,44,random,L0_内地单方_UPLIFT,t_learner,7289.0,2187.0,,,,,,,,,,match_error_rate,0.1,,,,,0.005473479960041761,0.0506862002189105,
SWEEP_match_error_rate_0.1,44,random,L1_加k匿名统计_UPLIFT,t_learner,7289.0,2187.0,,,,,,,,,,match_error_rate,0.1,,,,,0.005700475724265136,0.03132104066683508,
SWEEP_match_error_rate_0.1,44,random,L2_加粗粒度标记_UPLIFT,t_learner,7289.0,2187.0,,,,,,,,,,match_error_rate,0.1,,,,,0.0058749903193521255,0.0596952092279195,
SWEEP_match_error_rate_0.1,44,random,L4_集中式_UPLIFT,t_learner,7289.0,2187.0,,,,,,,,,,match_error_rate,0.1,,,,,0.007870316223108152,0.1750021300161881,
SWEEP_match_error_rate_0.1,44,random,OVERLAP_L1_vs_L3a_联邦LR,top_k_overlap,,,,,,,,,,,,match_error_rate,0.1,,,,,,,0.5
SWEEP_match_error_rate_0.1,44,random,OVERLAP_L1_vs_L3b_纵向GBDT,top_k_overlap,,,,,,,,,,,,match_error_rate,0.1,,,,,,,0.44954128440366975
SWEEP_match_error_rate_0.1,44,random,OVERLAP_L1_vs_L3c_SplitNN_形态A双向,top_k_overlap,,,,,,,,,,,,match_error_rate,0.1,,,,,,,0.43577981651376146
SWEEP_match_error_rate_0.1,55,random,L0_内地单方_LR,logistic,7121.0,2137.0,0.746092972708209,0.4572561264943135,4.480083857442348,0.2222222222222222,3.344287949921753,0.3333333333333333,2.700940485483811,0.5396825396825397,0.0,match_error_rate,0.1,,,,,,,
SWEEP_match_error_rate_0.1,55,random,L1_加k匿名统计_LR,logistic,7121.0,2137.0,0.7450368125392234,0.42554836142107116,4.160077867625038,0.20634920634920634,3.344287949921753,0.3333333333333333,2.700940485483811,0.5396825396825397,384.0,match_error_rate,0.1,,,,,,,
SWEEP_match_error_rate_0.1,55,random,L2_加粗粒度标记_LR,logistic,7121.0,2137.0,0.7560346542988781,0.432742495905466,5.120095837076969,0.25396825396825395,3.9812951784782773,0.3968253968253968,2.859819337571094,0.5714285714285714,0.0,match_error_rate,0.1,,,,,,,
SWEEP_match_error_rate_0.1,55,random,L4_集中式_LR,logistic,7121.0,2137.0,0.7972861275657803,0.5017679202828672,6.0801138065289,0.30158730158730157,4.936806021313063,0.49206349206349204,3.336455893832943,0.6666666666666666,0.0,match_error_rate,0.1,,,,,,,
SWEEP_match_error_rate_0.1,55,random,L0_内地单方_GBDT,gbdt,7121.0,2137.0,0.7379727847423122,0.3884985688264377,3.840071877807727,0.19047619047619047,3.1850361427826215,0.31746031746031744,2.700940485483811,0.5396825396825397,0.0,match_error_rate,0.1,60.0,0.0,0.0,,,,
SWEEP_match_error_rate_0.1,55,random,L4_集中式_GBDT,gbdt,7121.0,2137.0,0.801617914925533,0.504546080727373,4.800089847259659,0.23809523809523808,4.2997987927565395,0.42857142857142855,3.4158953198765847,0.6825396825396826,1945800.0,match_error_rate,0.1,60.0,402.0,402.0,,,,
SWEEP_match_error_rate_0.1,55,random,L3a_联邦LR,federated_logistic,7121.0,2137.0,0.7973397009076855,0.5012857602057216,6.0801138065289,0.30158730158730157,4.936806021313063,0.49206349206349204,3.336455893832943,0.6666666666666666,3987200.0,match_error_rate,0.1,400.0,,,,,,
SWEEP_match_error_rate_0.1,55,random,L3b_纵向GBDT,vertical_gbdt,7121.0,2137.0,0.801617914925533,0.504546080727373,4.800089847259659,0.23809523809523808,4.2997987927565395,0.42857142857142855,3.4158953198765847,0.6825396825396826,1945800.0,match_error_rate,0.1,60.0,402.0,402.0,,,,
SWEEP_match_error_rate_0.1,55,random,L3c_SplitNN_形态A双向,splitnn,7121.0,2137.0,0.8092482894797263,0.5179700295418714,5.120095837076969,0.25396825396825395,4.618302407034801,0.4603174603174603,3.4158953198765847,0.6825396825396826,466944.0,match_error_rate,0.1,228.0,,,1.0,,,
SWEEP_match_error_rate_0.1,55,random,L3c_SplitNN_形态B自监督,splitnn,7121.0,2137.0,0.7544580673799575,0.45235799237727875,3.5200658879904165,0.1746031746031746,3.1850361427826215,0.31746031746031744,2.7803799115274526,0.5555555555555556,233472.0,match_error_rate,0.1,228.0,,,0.0,,,
SWEEP_match_error_rate_0.1,55,random,L3c_SplitNN_形态B随机,splitnn,7121.0,2137.0,0.7788109779430898,0.4829636772741883,5.120095837076969,0.25396825396825395,3.503539757060884,0.3492063492063492,3.336455893832943,0.6666666666666666,233472.0,match_error_rate,0.1,228.0,,,0.0,,,
SWEEP_match_error_rate_0.1,55,random,L0_内地单方_UPLIFT,t_learner,7121.0,2137.0,,,,,,,,,,match_error_rate,0.1,,,,,0.00822364309507656,0.10952380952380952,
SWEEP_match_error_rate_0.1,55,random,L1_加k匿名统计_UPLIFT,t_learner,7121.0,2137.0,,,,,,,,,,match_error_rate,0.1,,,,,0.007641506052764284,0.11474540311173975,
SWEEP_match_error_rate_0.1,55,random,L2_加粗粒度标记_UPLIFT,t_learner,7121.0,2137.0,,,,,,,,,,match_error_rate,0.1,,,,,0.008687672339513263,0.13962930273609886,
SWEEP_match_error_rate_0.1,55,random,L4_集中式_UPLIFT,t_learner,7121.0,2137.0,,,,,,,,,,match_error_rate,0.1,,,,,0.0087281401439516,0.13150442477876106,
SWEEP_match_error_rate_0.1,55,random,OVERLAP_L1_vs_L3a_联邦LR,top_k_overlap,,,,,,,,,,,,match_error_rate,0.1,,,,,,,0.5446009389671361
SWEEP_match_error_rate_0.1,55,random,OVERLAP_L1_vs_L3b_纵向GBDT,top_k_overlap,,,,,,,,,,,,match_error_rate,0.1,,,,,,,0.5117370892018779
SWEEP_match_error_rate_0.1,55,random,OVERLAP_L1_vs_L3c_SplitNN_形态A双向,top_k_overlap,,,,,,,,,,,,match_error_rate,0.1,,,,,,,0.4507042253521127
S1_基准,11,random,L0_内地单方_LR,logistic,7236.0,2171.0,0.6562259244992295,0.2446070878274268,2.3849654739485247,0.11864406779661017,2.5435444817620874,0.2542372881355932,1.8652659532921971,0.3728813559322034,0.0,k_anonymity_sweep,5.0,,,,,,,
S1_基准,11,random,L1_加k匿名统计_LR,logistic,7236.0,2171.0,0.6469729070364664,0.2555132896764253,3.06638418079096,0.15254237288135594,2.204405217527142,0.22033898305084745,1.6956963211747247,0.3389830508474576,384.0,k_anonymity_sweep,5.0,,,,,,,
S1_基准,11,random,L2_加粗粒度标记_LR,logistic,7236.0,2171.0,0.6528794298921418,0.23192732408834105,2.7256748273697426,0.13559322033898305,2.03483558540967,0.2033898305084746,1.6956963211747247,0.3389830508474576,0.0,k_anonymity_sweep,5.0,,,,,,,
S1_基准,11,random,L4_集中式_LR,logistic,7236.0,2171.0,0.6869221879815102,0.358355803800719,1.703546767106089,0.0847457627118644,2.204405217527142,0.22033898305084745,1.8652659532921971,0.3728813559322034,0.0,k_anonymity_sweep,5.0,,,,,,,
S1_基准,11,random,L0_内地单方_GBDT,gbdt,7236.0,2171.0,0.5997046738572162,0.18472329224447867,2.7256748273697426,0.13559322033898305,1.8652659532921971,0.1864406779661017,1.6109115051159884,0.3220338983050847,0.0,k_anonymity_sweep,5.0,60.0,0.0,0.0,,,,
S1_基准,11,random,L4_集中式_GBDT,gbdt,7236.0,2171.0,0.656675333846944,0.2974688623523369,2.0442561205273067,0.1016949152542373,2.7131141138795596,0.2711864406779661,1.8652659532921971,0.3728813559322034,1984680.0,k_anonymity_sweep,5.0,60.0,420.0,420.0,,,,
S1_基准,11,random,L3a_联邦LR,federated_logistic,7236.0,2171.0,0.6874598741653826,0.35930277349768874,1.703546767106089,0.0847457627118644,2.204405217527142,0.22033898305084745,1.8652659532921971,0.3728813559322034,4052000.0,k_anonymity_sweep,5.0,400.0,,,,,,
S1_基准,11,random,L3b_纵向GBDT,vertical_gbdt,7236.0,2171.0,0.656675333846944,0.2974688623523369,2.0442561205273067,0.1016949152542373,2.7131141138795596,0.2711864406779661,1.8652659532921971,0.3728813559322034,1984680.0,k_anonymity_sweep,5.0,60.0,420.0,420.0,,,,
S1_基准,11,random,L3c_SplitNN_形态A双向,splitnn,7236.0,2171.0,0.6228011042629688,0.21043592706728298,1.3628374136848713,0.06779661016949153,1.5261266890572522,0.15254237288135594,1.8652659532921971,0.3728813559322034,466944.0,k_anonymity_sweep,5.0,228.0,,,1.0,,,
S1_基准,11,random,L3c_SplitNN_形态B自监督,splitnn,7236.0,2171.0,0.6758314072932717,0.2884004237288136,2.7256748273697426,0.13559322033898305,1.8652659532921971,0.1864406779661017,2.289190033585878,0.4576271186440678,233472.0,k_anonymity_sweep,5.0,228.0,,,0.0,,,
S1_基准,11,random,L3c_SplitNN_形态B随机,splitnn,7236.0,2171.0,0.6466679506933745,0.28497367745249097,2.3849654739485247,0.11864406779661017,2.3739748496446142,0.23728813559322035,1.6956963211747247,0.3389830508474576,233472.0,k_anonymity_sweep,5.0,228.0,,,0.0,,,
S1_基准,11,random,L0_内地单方_UPLIFT,t_learner,7236.0,2171.0,,,,,,,,,,k_anonymity_sweep,5.0,,,,,0.0037417168820200763,-0.006998975759644935,
S1_基准,11,random,L1_加k匿名统计_UPLIFT,t_learner,7236.0,2171.0,,,,,,,,,,k_anonymity_sweep,5.0,,,,,0.0035832950266480373,-0.004166666666666666,
S1_基准,11,random,L2_加粗粒度标记_UPLIFT,t_learner,7236.0,2171.0,,,,,,,,,,k_anonymity_sweep,5.0,,,,,0.004901469396811398,0.06720475785896346,
S1_基准,11,random,L4_集中式_UPLIFT,t_learner,7236.0,2171.0,,,,,,,,,,k_anonymity_sweep,5.0,,,,,0.006508145887099911,0.07468419255718675,
S1_基准,11,random,OVERLAP_L1_vs_L3a_联邦LR,top_k_overlap,,,,,,,,,,,,k_anonymity_sweep,5.0,,,,,,,0.4423963133640553
S1_基准,11,random,OVERLAP_L1_vs_L3b_纵向GBDT,top_k_overlap,,,,,,,,,,,,k_anonymity_sweep,5.0,,,,,,,0.23963133640552994
S1_基准,11,random,OVERLAP_L1_vs_L3c_SplitNN_形态A双向,top_k_overlap,,,,,,,,,,,,k_anonymity_sweep,5.0,,,,,,,0.37327188940092165
S1_基准,22,random,L0_内地单方_LR,logistic,7169.0,2151.0,0.7509458144813848,0.4156410691950154,5.187820319565872,0.25806451612903225,4.195498874718679,0.41935483870967744,2.985258814703676,0.5967741935483871,0.0,k_anonymity_sweep,5.0,,,,,,,
S1_基准,22,random,L1_加k匿名统计_LR,logistic,7169.0,2151.0,0.7505443258852051,0.4023842245865439,4.863581549593005,0.24193548387096775,3.711402850712678,0.3709677419354839,2.8238934733683423,0.5645161290322581,384.0,k_anonymity_sweep,5.0,,,,,,,
S1_基准,22,random,L2_加粗粒度标记_LR,logistic,7169.0,2151.0,0.752876048116864,0.40345743448787047,5.512059089538739,0.27419354838709675,4.195498874718679,0.41935483870967744,2.904576144036009,0.5806451612903226,0.0,k_anonymity_sweep,5.0,,,,,,,
S1_基准,22,random,L4_集中式_LR,logistic,7169.0,2151.0,0.8334980466035609,0.5349912753439676,6.48477539945734,0.3225806451612903,5.163690922730682,0.5161290322580645,3.4693548387096773,0.6935483870967742,0.0,k_anonymity_sweep,5.0,,,,,,,
S1_基准,22,random,L0_内地单方_GBDT,gbdt,7169.0,2151.0,0.7323769669080745,0.3450871693509782,4.863581549593005,0.24193548387096775,3.872768192048012,0.3870967741935484,2.6625281320330085,0.532258064516129,0.0,k_anonymity_sweep,5.0,60.0,0.0,0.0,,,,
S1_基准,22,random,L4_集中式_GBDT,gbdt,7169.0,2151.0,0.7983523525687549,0.5026251177442518,5.187820319565872,0.25806451612903225,4.195498874718679,0.41935483870967744,3.38867216804201,0.6774193548387096,1967760.0,k_anonymity_sweep,5.0,60.0,420.0,420.0,,,,
S1_基准,22,random,L3a_联邦LR,federated_logistic,7169.0,2151.0,0.8334671628653931,0.5388208588767585,6.48477539945734,0.3225806451612903,5.163690922730682,0.5161290322580645,3.4693548387096773,0.6935483870967742,4014400.0,k_anonymity_sweep,5.0,400.0,,,,,,
S1_基准,22,random,L3b_纵向GBDT,vertical_gbdt,7169.0,2151.0,0.7983523525687549,0.5026251177442518,5.187820319565872,0.25806451612903225,4.195498874718679,0.41935483870967744,3.38867216804201,0.6774193548387096,1967760.0,k_anonymity_sweep,5.0,60.0,420.0,420.0,,,,
S1_基准,22,random,L3c_SplitNN_形态A双向,splitnn,7169.0,2151.0,0.8268657638320542,0.5221436402662178,6.160536629484473,0.3064516129032258,5.647786946736685,0.5645161290322581,3.38867216804201,0.6774193548387096,466944.0,k_anonymity_sweep,5.0,228.0,,,1.0,,,
S1_基准,22,random,L3c_SplitNN_形态B自监督,splitnn,7169.0,2151.0,0.7933646288546765,0.46031439645454686,7.457491709375942,0.3709677419354839,4.679594898724681,0.46774193548387094,3.0659414853713427,0.6129032258064516,233472.0,k_anonymity_sweep,5.0,228.0,,,0.0,,,
S1_基准,22,random,L3c_SplitNN_形态B随机,splitnn,7169.0,2151.0,0.7798298306026961,0.4624839790608255,4.539342779620138,0.22580645161290322,4.195498874718679,0.41935483870967744,3.14662415603901,0.6290322580645161,233472.0,k_anonymity_sweep,5.0,228.0,,,0.0,,,
S1_基准,22,random,L0_内地单方_UPLIFT,t_learner,7169.0,2151.0,,,,,,,,,,k_anonymity_sweep,5.0,,,,,0.0067822098549899235,0.04351595006934813,
S1_基准,22,random,L1_加k匿名统计_UPLIFT,t_learner,7169.0,2151.0,,,,,,,,,,k_anonymity_sweep,5.0,,,,,0.007656236201044112,0.0365178262374524,
S1_基准,22,random,L2_加粗粒度标记_UPLIFT,t_learner,7169.0,2151.0,,,,,,,,,,k_anonymity_sweep,5.0,,,,,0.0063911025042245485,0.03996185852981969,
S1_基准,22,random,L4_集中式_UPLIFT,t_learner,7169.0,2151.0,,,,,,,,,,k_anonymity_sweep,5.0,,,,,0.009762622365920848,0.1352951572993991,
S1_基准,22,random,OVERLAP_L1_vs_L3a_联邦LR,top_k_overlap,,,,,,,,,,,,k_anonymity_sweep,5.0,,,,,,,0.44651162790697674
S1_基准,22,random,OVERLAP_L1_vs_L3b_纵向GBDT,top_k_overlap,,,,,,,,,,,,k_anonymity_sweep,5.0,,,,,,,0.3581395348837209
S1_基准,22,random,OVERLAP_L1_vs_L3c_SplitNN_形态A双向,top_k_overlap,,,,,,,,,,,,k_anonymity_sweep,5.0,,,,,,,0.4372093023255814
S1_基准,33,random,L0_内地单方_LR,logistic,7289.0,2187.0,0.6904291905062998,0.3005567293308452,1.6446082117611671,0.08196721311475409,2.1379906752895175,0.21311475409836064,2.2151404884270547,0.4426229508196721,0.0,k_anonymity_sweep,5.0,,,,,,,
S1_基准,33,random,L1_加k匿名统计_LR,logistic,7289.0,2187.0,0.6920330644788182,0.33508628533534845,2.6313731388178674,0.13114754098360656,2.466912317641751,0.2459016393442623,2.297182728739168,0.45901639344262296,384.0,k_anonymity_sweep,5.0,,,,,,,
S1_基准,33,random,L2_加粗粒度标记_LR,logistic,7289.0,2187.0,0.709899295220764,0.3591983714510433,2.6313731388178674,0.13114754098360656,2.7958339599939843,0.2786885245901639,2.379224969051281,0.47540983606557374,0.0,k_anonymity_sweep,5.0,,,,,,,
S1_基准,33,random,L4_集中式_LR,logistic,7289.0,2187.0,0.7945807565967028,0.4398393041654457,5.591667919987969,0.2786885245901639,4.604902992931268,0.45901639344262296,3.0355628915481865,0.6065573770491803,0.0,k_anonymity_sweep,5.0,,,,,,,
S1_基准,33,random,L0_内地单方_GBDT,gbdt,7289.0,2187.0,0.6452585475687429,0.25181592461792335,1.9735298541134005,0.09836065573770492,1.8090690329372838,0.18032786885245902,1.6408448062422627,0.32786885245901637,0.0,k_anonymity_sweep,5.0,60.0,0.0,0.0,,,,
S1_基准,33,random,L4_集中式_GBDT,gbdt,7289.0,2187.0,0.787247659731968,0.43383248770106253,6.2495112046924355,0.3114754098360656,3.947059708226801,0.39344262295081966,2.87147841092396,0.5737704918032787,1998000.0,k_anonymity_sweep,5.0,60.0,420.0,420.0,,,,
S1_基准,33,random,L3a_联邦LR,federated_logistic,7289.0,2187.0,0.794711842450226,0.4388985703931033,5.591667919987969,0.2786885245901639,4.604902992931268,0.45901639344262296,3.0355628915481865,0.6065573770491803,4081600.0,k_anonymity_sweep,5.0,400.0,,,,,,
S1_基准,33,random,L3b_纵向GBDT,vertical_gbdt,7289.0,2187.0,0.787247659731968,0.43383248770106253,6.2495112046924355,0.3114754098360656,3.947059708226801,0.39344262295081966,2.87147841092396,0.5737704918032787,1998000.0,k_anonymity_sweep,5.0,60.0,420.0,420.0,,,,
S1_基准,33,random,L3c_SplitNN_形态A双向,splitnn,7289.0,2187.0,0.7835849667658807,0.4496476103819996,4.933824635283502,0.2459016393442623,4.111520529402918,0.4098360655737705,2.9535206512360728,0.5901639344262295,466944.0,k_anonymity_sweep,5.0,228.0,,,1.0,,,
S1_基准,33,random,L3c_SplitNN_形态B自监督,splitnn,7289.0,2187.0,0.7095908579183567,0.31566244621624534,4.604902992931268,0.22950819672131148,3.7825988870506846,0.3770491803278688,2.379224969051281,0.47540983606557374,233472.0,k_anonymity_sweep,5.0,228.0,,,0.0,,,
S1_基准,33,random,L3c_SplitNN_形态B随机,splitnn,7289.0,2187.0,0.7054577980660981,0.35134093117221593,3.947059708226801,0.19672131147540983,3.2892164235223342,0.32786885245901637,2.461267209363394,0.4918032786885246,233472.0,k_anonymity_sweep,5.0,228.0,,,0.0,,,
S1_基准,33,random,L0_内地单方_UPLIFT,t_learner,7289.0,2187.0,,,,,,,,,,k_anonymity_sweep,5.0,,,,,0.008785655775768933,0.06247361756015196,
S1_基准,33,random,L1_加k匿名统计_UPLIFT,t_learner,7289.0,2187.0,,,,,,,,,,k_anonymity_sweep,5.0,,,,,0.009232347411628872,0.06642759562841528,
S1_基准,33,random,L2_加粗粒度标记_UPLIFT,t_learner,7289.0,2187.0,,,,,,,,,,k_anonymity_sweep,5.0,,,,,0.006379561506941746,0.025016903313049357,
S1_基准,33,random,L4_集中式_UPLIFT,t_learner,7289.0,2187.0,,,,,,,,,,k_anonymity_sweep,5.0,,,,,0.009262731976140493,0.16342182890855456,
S1_基准,33,random,OVERLAP_L1_vs_L3a_联邦LR,top_k_overlap,,,,,,,,,,,,k_anonymity_sweep,5.0,,,,,,,0.481651376146789
S1_基准,33,random,OVERLAP_L1_vs_L3b_纵向GBDT,top_k_overlap,,,,,,,,,,,,k_anonymity_sweep,5.0,,,,,,,0.3761467889908257
S1_基准,33,random,OVERLAP_L1_vs_L3c_SplitNN_形态A双向,top_k_overlap,,,,,,,,,,,,k_anonymity_sweep,5.0,,,,,,,0.46788990825688076
S1_基准,44,random,L0_内地单方_LR,logistic,7289.0,2187.0,0.7007073329837172,0.30190199664880213,4.338209769402431,0.21621621621621623,2.711381105876519,0.2702702702702703,2.1641412579627683,0.43243243243243246,0.0,k_anonymity_sweep,5.0,,,,,,,
S1_基准,44,random,L1_加k匿名统计_LR,logistic,7289.0,2187.0,0.7002148859697369,0.3132538596334147,4.338209769402431,0.21621621621621623,2.711381105876519,0.2702702702702703,2.1641412579627683,0.43243243243243246,384.0,k_anonymity_sweep,5.0,,,,,,,
S1_基准,44,random,L2_加粗粒度标记_LR,logistic,7289.0,2187.0,0.7052288919302644,0.32098591729448334,4.338209769402431,0.21621621621621623,2.575812050582693,0.25675675675675674,2.231770672274105,0.44594594594594594,0.0,k_anonymity_sweep,5.0,,,,,,,
S1_基准,44,random,L4_集中式_LR,logistic,7289.0,2187.0,0.8144945702920147,0.5180222816285287,6.2361765435159935,0.3108108108108108,4.609347879990082,0.4594594594594595,3.110953058321479,0.6216216216216216,0.0,k_anonymity_sweep,5.0,,,,,,,
S1_基准,44,random,L0_内地单方_GBDT,gbdt,7289.0,2187.0,0.6636299100804544,0.29207863803225853,4.067071658814778,0.20270270270270271,2.982519216464171,0.2972972972972973,2.1641412579627683,0.43243243243243246,0.0,k_anonymity_sweep,5.0,60.0,0.0,0.0,,,,
S1_基准,44,random,L4_集中式_GBDT,gbdt,7289.0,2187.0,0.7892902367582917,0.45702920146838744,5.965038432928342,0.2972972972972973,4.067071658814778,0.40540540540540543,3.110953058321479,0.6216216216216216,1998000.0,k_anonymity_sweep,5.0,60.0,420.0,420.0,,,,
S1_基准,44,random,L3a_联邦LR,federated_logistic,7289.0,2187.0,0.814680037349228,0.5168135480487587,6.507314654103645,0.32432432432432434,4.609347879990082,0.4594594594594595,3.110953058321479,0.6216216216216216,4081600.0,k_anonymity_sweep,5.0,400.0,,,,,,
S1_基准,44,random,L3b_纵向GBDT,vertical_gbdt,7289.0,2187.0,0.7892902367582917,0.45702920146838744,5.965038432928342,0.2972972972972973,4.067071658814778,0.40540540540540543,3.110953058321479,0.6216216216216216,1998000.0,k_anonymity_sweep,5.0,60.0,420.0,420.0,,,,
S1_基准,44,random,L3c_SplitNN_形态A双向,splitnn,7289.0,2187.0,0.7947327355751397,0.47642649748660154,5.151624101165386,0.25675675675675674,3.9315026035209524,0.3918918918918919,2.9756942296988065,0.5945945945945946,466944.0,k_anonymity_sweep,5.0,228.0,,,1.0,,,
S1_基准,44,random,L3c_SplitNN_形态B自监督,splitnn,7289.0,2187.0,0.7535654442895332,0.4044908609508704,5.422762211753038,0.2702702702702703,3.2536573270518225,0.32432432432432434,2.5699177438307874,0.5135135135135135,233472.0,k_anonymity_sweep,5.0,228.0,,,0.0,,,
S1_基准,44,random,L3c_SplitNN_形态B随机,splitnn,7289.0,2187.0,0.7160627262378327,0.3575804863074148,4.338209769402431,0.21621621621621623,2.711381105876519,0.2702702702702703,2.0288824293400953,0.40540540540540543,233472.0,k_anonymity_sweep,5.0,228.0,,,0.0,,,
S1_基准,44,random,L0_内地单方_UPLIFT,t_learner,7289.0,2187.0,,,,,,,,,,k_anonymity_sweep,5.0,,,,,0.005473479960041761,0.0506862002189105,
S1_基准,44,random,L1_加k匿名统计_UPLIFT,t_learner,7289.0,2187.0,,,,,,,,,,k_anonymity_sweep,5.0,,,,,0.00583029819364879,0.02108843537414966,
S1_基准,44,random,L2_加粗粒度标记_UPLIFT,t_learner,7289.0,2187.0,,,,,,,,,,k_anonymity_sweep,5.0,,,,,0.006164717195109094,0.08524258760107818,
S1_基准,44,random,L4_集中式_UPLIFT,t_learner,7289.0,2187.0,,,,,,,,,,k_anonymity_sweep,5.0,,,,,0.008225707811703436,0.19618758434547912,
S1_基准,44,random,OVERLAP_L1_vs_L3a_联邦LR,top_k_overlap,,,,,,,,,,,,k_anonymity_sweep,5.0,,,,,,,0.48623853211009177
S1_基准,44,random,OVERLAP_L1_vs_L3b_纵向GBDT,top_k_overlap,,,,,,,,,,,,k_anonymity_sweep,5.0,,,,,,,0.42660550458715596
S1_基准,44,random,OVERLAP_L1_vs_L3c_SplitNN_形态A双向,top_k_overlap,,,,,,,,,,,,k_anonymity_sweep,5.0,,,,,,,0.42660550458715596
S1_基准,55,random,L0_内地单方_LR,logistic,7121.0,2137.0,0.746092972708209,0.4572561264943135,4.480083857442348,0.2222222222222222,3.344287949921753,0.3333333333333333,2.700940485483811,0.5396825396825397,0.0,k_anonymity_sweep,5.0,,,,,,,
S1_基准,55,random,L1_加k匿名统计_LR,logistic,7121.0,2137.0,0.7443709724326889,0.4539575392998729,4.480083857442348,0.2222222222222222,3.344287949921753,0.3333333333333333,2.542061633396528,0.5079365079365079,384.0,k_anonymity_sweep,5.0,,,,,,,
S1_基准,55,random,L2_加粗粒度标记_LR,logistic,7121.0,2137.0,0.7574964411994305,0.453842739281505,4.800089847259659,0.23809523809523808,4.140546985617409,0.4126984126984127,2.9392587636147356,0.5873015873015873,0.0,k_anonymity_sweep,5.0,,,,,,,
S1_基准,55,random,L4_集中式_LR,logistic,7121.0,2137.0,0.8041741286678605,0.5049134407861504,6.400119796346212,0.31746031746031744,4.936806021313063,0.49206349206349204,3.4158953198765847,0.6825396825396826,0.0,k_anonymity_sweep,5.0,,,,,,,
S1_基准,55,random,L0_内地单方_GBDT,gbdt,7121.0,2137.0,0.7379727847423122,0.3884985688264377,3.840071877807727,0.19047619047619047,3.1850361427826215,0.31746031746031744,2.700940485483811,0.5396825396825397,0.0,k_anonymity_sweep,5.0,60.0,0.0,0.0,,,,
S1_基准,55,random,L4_集中式_GBDT,gbdt,7121.0,2137.0,0.7879720194088564,0.504140453995806,4.800089847259659,0.23809523809523808,4.777554214173933,0.47619047619047616,3.4158953198765847,0.6825396825396826,1945800.0,k_anonymity_sweep,5.0,60.0,402.0,402.0,,,,
S1_基准,55,random,L3a_联邦LR,federated_logistic,7121.0,2137.0,0.803860341950988,0.5015765869189206,6.400119796346212,0.31746031746031744,4.936806021313063,0.49206349206349204,3.4158953198765847,0.6825396825396826,3987200.0,k_anonymity_sweep,5.0,400.0,,,,,,
S1_基准,55,random,L3b_纵向GBDT,vertical_gbdt,7121.0,2137.0,0.7879720194088564,0.504140453995806,4.800089847259659,0.23809523809523808,4.777554214173933,0.47619047619047616,3.4158953198765847,0.6825396825396826,1945800.0,k_anonymity_sweep,5.0,60.0,402.0,402.0,,,,
S1_基准,55,random,L3c_SplitNN_形态A双向,splitnn,7121.0,2137.0,0.8168403973611301,0.535695152377891,5.7601078167115904,0.2857142857142857,4.2997987927565395,0.42857142857142855,3.4158953198765847,0.6825396825396826,466944.0,k_anonymity_sweep,5.0,228.0,,,1.0,,,
S1_基准,55,random,L3c_SplitNN_形态B自监督,splitnn,7121.0,2137.0,0.7684789762899695,0.4658967412101453,4.480083857442348,0.2222222222222222,3.822043371339146,0.38095238095238093,3.0981376157020186,0.6190476190476191,233472.0,k_anonymity_sweep,5.0,228.0,,,0.0,,,
S1_基准,55,random,L3c_SplitNN_形态B随机,splitnn,7121.0,2137.0,0.7852474323062559,0.49112213191287446,5.120095837076969,0.25396825396825395,4.140546985617409,0.4126984126984127,3.336455893832943,0.6666666666666666,233472.0,k_anonymity_sweep,5.0,228.0,,,0.0,,,
S1_基准,55,random,L0_内地单方_UPLIFT,t_learner,7121.0,2137.0,,,,,,,,,,k_anonymity_sweep,5.0,,,,,0.00822364309507656,0.10952380952380952,
S1_基准,55,random,L1_加k匿名统计_UPLIFT,t_learner,7121.0,2137.0,,,,,,,,,,k_anonymity_sweep,5.0,,,,,0.006815140726976809,0.1401952085181899,
S1_基准,55,random,L2_加粗粒度标记_UPLIFT,t_learner,7121.0,2137.0,,,,,,,,,,k_anonymity_sweep,5.0,,,,,0.008722344236575757,0.1166196189131969,
S1_基准,55,random,L4_集中式_UPLIFT,t_learner,7121.0,2137.0,,,,,,,,,,k_anonymity_sweep,5.0,,,,,0.009286829707476026,0.1533758639021797,
S1_基准,55,random,OVERLAP_L1_vs_L3a_联邦LR,top_k_overlap,,,,,,,,,,,,k_anonymity_sweep,5.0,,,,,,,0.5352112676056338
S1_基准,55,random,OVERLAP_L1_vs_L3b_纵向GBDT,top_k_overlap,,,,,,,,,,,,k_anonymity_sweep,5.0,,,,,,,0.47417840375586856
S1_基准,55,random,OVERLAP_L1_vs_L3c_SplitNN_形态A双向,top_k_overlap,,,,,,,,,,,,k_anonymity_sweep,5.0,,,,,,,0.4460093896713615
S1_基准,11,random,L0_内地单方_LR,logistic,7236.0,2171.0,0.6562259244992295,0.2446070878274268,2.3849654739485247,0.11864406779661017,2.5435444817620874,0.2542372881355932,1.8652659532921971,0.3728813559322034,0.0,k_anonymity_sweep,10.0,,,,,,,
S1_基准,11,random,L1_加k匿名统计_LR,logistic,7236.0,2171.0,0.6469729070364664,0.2555132896764253,3.06638418079096,0.15254237288135594,2.204405217527142,0.22033898305084745,1.6956963211747247,0.3389830508474576,384.0,k_anonymity_sweep,10.0,,,,,,,
S1_基准,11,random,L2_加粗粒度标记_LR,logistic,7236.0,2171.0,0.6528794298921418,0.23192732408834105,2.7256748273697426,0.13559322033898305,2.03483558540967,0.2033898305084746,1.6956963211747247,0.3389830508474576,0.0,k_anonymity_sweep,10.0,,,,,,,
S1_基准,11,random,L4_集中式_LR,logistic,7236.0,2171.0,0.6869221879815102,0.358355803800719,1.703546767106089,0.0847457627118644,2.204405217527142,0.22033898305084745,1.8652659532921971,0.3728813559322034,0.0,k_anonymity_sweep,10.0,,,,,,,
S1_基准,11,random,L0_内地单方_GBDT,gbdt,7236.0,2171.0,0.5997046738572162,0.18472329224447867,2.7256748273697426,0.13559322033898305,1.8652659532921971,0.1864406779661017,1.6109115051159884,0.3220338983050847,0.0,k_anonymity_sweep,10.0,60.0,0.0,0.0,,,,
S1_基准,11,random,L4_集中式_GBDT,gbdt,7236.0,2171.0,0.656675333846944,0.2974688623523369,2.0442561205273067,0.1016949152542373,2.7131141138795596,0.2711864406779661,1.8652659532921971,0.3728813559322034,1984680.0,k_anonymity_sweep,10.0,60.0,420.0,420.0,,,,
S1_基准,11,random,L3a_联邦LR,federated_logistic,7236.0,2171.0,0.6874598741653826,0.35930277349768874,1.703546767106089,0.0847457627118644,2.204405217527142,0.22033898305084745,1.8652659532921971,0.3728813559322034,4052000.0,k_anonymity_sweep,10.0,400.0,,,,,,
S1_基准,11,random,L3b_纵向GBDT,vertical_gbdt,7236.0,2171.0,0.656675333846944,0.2974688623523369,2.0442561205273067,0.1016949152542373,2.7131141138795596,0.2711864406779661,1.8652659532921971,0.3728813559322034,1984680.0,k_anonymity_sweep,10.0,60.0,420.0,420.0,,,,
S1_基准,11,random,L3c_SplitNN_形态A双向,splitnn,7236.0,2171.0,0.6228011042629688,0.21043592706728298,1.3628374136848713,0.06779661016949153,1.5261266890572522,0.15254237288135594,1.8652659532921971,0.3728813559322034,466944.0,k_anonymity_sweep,10.0,228.0,,,1.0,,,
S1_基准,11,random,L3c_SplitNN_形态B自监督,splitnn,7236.0,2171.0,0.6758314072932717,0.2884004237288136,2.7256748273697426,0.13559322033898305,1.8652659532921971,0.1864406779661017,2.289190033585878,0.4576271186440678,233472.0,k_anonymity_sweep,10.0,228.0,,,0.0,,,
S1_基准,11,random,L3c_SplitNN_形态B随机,splitnn,7236.0,2171.0,0.6466679506933745,0.28497367745249097,2.3849654739485247,0.11864406779661017,2.3739748496446142,0.23728813559322035,1.6956963211747247,0.3389830508474576,233472.0,k_anonymity_sweep,10.0,228.0,,,0.0,,,
S1_基准,11,random,L0_内地单方_UPLIFT,t_learner,7236.0,2171.0,,,,,,,,,,k_anonymity_sweep,10.0,,,,,0.0037417168820200763,-0.006998975759644935,
S1_基准,11,random,L1_加k匿名统计_UPLIFT,t_learner,7236.0,2171.0,,,,,,,,,,k_anonymity_sweep,10.0,,,,,0.0035832950266480373,-0.004166666666666666,
S1_基准,11,random,L2_加粗粒度标记_UPLIFT,t_learner,7236.0,2171.0,,,,,,,,,,k_anonymity_sweep,10.0,,,,,0.004901469396811398,0.06720475785896346,
S1_基准,11,random,L4_集中式_UPLIFT,t_learner,7236.0,2171.0,,,,,,,,,,k_anonymity_sweep,10.0,,,,,0.006508145887099911,0.07468419255718675,
S1_基准,11,random,OVERLAP_L1_vs_L3a_联邦LR,top_k_overlap,,,,,,,,,,,,k_anonymity_sweep,10.0,,,,,,,0.4423963133640553
S1_基准,11,random,OVERLAP_L1_vs_L3b_纵向GBDT,top_k_overlap,,,,,,,,,,,,k_anonymity_sweep,10.0,,,,,,,0.23963133640552994
S1_基准,11,random,OVERLAP_L1_vs_L3c_SplitNN_形态A双向,top_k_overlap,,,,,,,,,,,,k_anonymity_sweep,10.0,,,,,,,0.37327188940092165
S1_基准,22,random,L0_内地单方_LR,logistic,7169.0,2151.0,0.7509458144813848,0.4156410691950154,5.187820319565872,0.25806451612903225,4.195498874718679,0.41935483870967744,2.985258814703676,0.5967741935483871,0.0,k_anonymity_sweep,10.0,,,,,,,
S1_基准,22,random,L1_加k匿名统计_LR,logistic,7169.0,2151.0,0.7505443258852051,0.4023842245865439,4.863581549593005,0.24193548387096775,3.711402850712678,0.3709677419354839,2.8238934733683423,0.5645161290322581,384.0,k_anonymity_sweep,10.0,,,,,,,
S1_基准,22,random,L2_加粗粒度标记_LR,logistic,7169.0,2151.0,0.752876048116864,0.40345743448787047,5.512059089538739,0.27419354838709675,4.195498874718679,0.41935483870967744,2.904576144036009,0.5806451612903226,0.0,k_anonymity_sweep,10.0,,,,,,,
S1_基准,22,random,L4_集中式_LR,logistic,7169.0,2151.0,0.8334980466035609,0.5349912753439676,6.48477539945734,0.3225806451612903,5.163690922730682,0.5161290322580645,3.4693548387096773,0.6935483870967742,0.0,k_anonymity_sweep,10.0,,,,,,,
S1_基准,22,random,L0_内地单方_GBDT,gbdt,7169.0,2151.0,0.7323769669080745,0.3450871693509782,4.863581549593005,0.24193548387096775,3.872768192048012,0.3870967741935484,2.6625281320330085,0.532258064516129,0.0,k_anonymity_sweep,10.0,60.0,0.0,0.0,,,,
S1_基准,22,random,L4_集中式_GBDT,gbdt,7169.0,2151.0,0.7983523525687549,0.5026251177442518,5.187820319565872,0.25806451612903225,4.195498874718679,0.41935483870967744,3.38867216804201,0.6774193548387096,1967760.0,k_anonymity_sweep,10.0,60.0,420.0,420.0,,,,
S1_基准,22,random,L3a_联邦LR,federated_logistic,7169.0,2151.0,0.8334671628653931,0.5388208588767585,6.48477539945734,0.3225806451612903,5.163690922730682,0.5161290322580645,3.4693548387096773,0.6935483870967742,4014400.0,k_anonymity_sweep,10.0,400.0,,,,,,
S1_基准,22,random,L3b_纵向GBDT,vertical_gbdt,7169.0,2151.0,0.7983523525687549,0.5026251177442518,5.187820319565872,0.25806451612903225,4.195498874718679,0.41935483870967744,3.38867216804201,0.6774193548387096,1967760.0,k_anonymity_sweep,10.0,60.0,420.0,420.0,,,,
S1_基准,22,random,L3c_SplitNN_形态A双向,splitnn,7169.0,2151.0,0.8268657638320542,0.5221436402662178,6.160536629484473,0.3064516129032258,5.647786946736685,0.5645161290322581,3.38867216804201,0.6774193548387096,466944.0,k_anonymity_sweep,10.0,228.0,,,1.0,,,
S1_基准,22,random,L3c_SplitNN_形态B自监督,splitnn,7169.0,2151.0,0.7933646288546765,0.46031439645454686,7.457491709375942,0.3709677419354839,4.679594898724681,0.46774193548387094,3.0659414853713427,0.6129032258064516,233472.0,k_anonymity_sweep,10.0,228.0,,,0.0,,,
S1_基准,22,random,L3c_SplitNN_形态B随机,splitnn,7169.0,2151.0,0.7798298306026961,0.4624839790608255,4.539342779620138,0.22580645161290322,4.195498874718679,0.41935483870967744,3.14662415603901,0.6290322580645161,233472.0,k_anonymity_sweep,10.0,228.0,,,0.0,,,
S1_基准,22,random,L0_内地单方_UPLIFT,t_learner,7169.0,2151.0,,,,,,,,,,k_anonymity_sweep,10.0,,,,,0.0067822098549899235,0.04351595006934813,
S1_基准,22,random,L1_加k匿名统计_UPLIFT,t_learner,7169.0,2151.0,,,,,,,,,,k_anonymity_sweep,10.0,,,,,0.007656236201044112,0.0365178262374524,
S1_基准,22,random,L2_加粗粒度标记_UPLIFT,t_learner,7169.0,2151.0,,,,,,,,,,k_anonymity_sweep,10.0,,,,,0.0063911025042245485,0.03996185852981969,
S1_基准,22,random,L4_集中式_UPLIFT,t_learner,7169.0,2151.0,,,,,,,,,,k_anonymity_sweep,10.0,,,,,0.009762622365920848,0.1352951572993991,
S1_基准,22,random,OVERLAP_L1_vs_L3a_联邦LR,top_k_overlap,,,,,,,,,,,,k_anonymity_sweep,10.0,,,,,,,0.44651162790697674
S1_基准,22,random,OVERLAP_L1_vs_L3b_纵向GBDT,top_k_overlap,,,,,,,,,,,,k_anonymity_sweep,10.0,,,,,,,0.3581395348837209
S1_基准,22,random,OVERLAP_L1_vs_L3c_SplitNN_形态A双向,top_k_overlap,,,,,,,,,,,,k_anonymity_sweep,10.0,,,,,,,0.4372093023255814
S1_基准,33,random,L0_内地单方_LR,logistic,7289.0,2187.0,0.6904291905062998,0.3005567293308452,1.6446082117611671,0.08196721311475409,2.1379906752895175,0.21311475409836064,2.2151404884270547,0.4426229508196721,0.0,k_anonymity_sweep,10.0,,,,,,,
S1_基准,33,random,L1_加k匿名统计_LR,logistic,7289.0,2187.0,0.6920330644788182,0.33508628533534845,2.6313731388178674,0.13114754098360656,2.466912317641751,0.2459016393442623,2.297182728739168,0.45901639344262296,384.0,k_anonymity_sweep,10.0,,,,,,,
S1_基准,33,random,L2_加粗粒度标记_LR,logistic,7289.0,2187.0,0.709899295220764,0.3591983714510433,2.6313731388178674,0.13114754098360656,2.7958339599939843,0.2786885245901639,2.379224969051281,0.47540983606557374,0.0,k_anonymity_sweep,10.0,,,,,,,
S1_基准,33,random,L4_集中式_LR,logistic,7289.0,2187.0,0.7945807565967028,0.4398393041654457,5.591667919987969,0.2786885245901639,4.604902992931268,0.45901639344262296,3.0355628915481865,0.6065573770491803,0.0,k_anonymity_sweep,10.0,,,,,,,
S1_基准,33,random,L0_内地单方_GBDT,gbdt,7289.0,2187.0,0.6452585475687429,0.25181592461792335,1.9735298541134005,0.09836065573770492,1.8090690329372838,0.18032786885245902,1.6408448062422627,0.32786885245901637,0.0,k_anonymity_sweep,10.0,60.0,0.0,0.0,,,,
S1_基准,33,random,L4_集中式_GBDT,gbdt,7289.0,2187.0,0.787247659731968,0.43383248770106253,6.2495112046924355,0.3114754098360656,3.947059708226801,0.39344262295081966,2.87147841092396,0.5737704918032787,1998000.0,k_anonymity_sweep,10.0,60.0,420.0,420.0,,,,
S1_基准,33,random,L3a_联邦LR,federated_logistic,7289.0,2187.0,0.794711842450226,0.4388985703931033,5.591667919987969,0.2786885245901639,4.604902992931268,0.45901639344262296,3.0355628915481865,0.6065573770491803,4081600.0,k_anonymity_sweep,10.0,400.0,,,,,,
S1_基准,33,random,L3b_纵向GBDT,vertical_gbdt,7289.0,2187.0,0.787247659731968,0.43383248770106253,6.2495112046924355,0.3114754098360656,3.947059708226801,0.39344262295081966,2.87147841092396,0.5737704918032787,1998000.0,k_anonymity_sweep,10.0,60.0,420.0,420.0,,,,
S1_基准,33,random,L3c_SplitNN_形态A双向,splitnn,7289.0,2187.0,0.7835849667658807,0.4496476103819996,4.933824635283502,0.2459016393442623,4.111520529402918,0.4098360655737705,2.9535206512360728,0.5901639344262295,466944.0,k_anonymity_sweep,10.0,228.0,,,1.0,,,
S1_基准,33,random,L3c_SplitNN_形态B自监督,splitnn,7289.0,2187.0,0.7095908579183567,0.31566244621624534,4.604902992931268,0.22950819672131148,3.7825988870506846,0.3770491803278688,2.379224969051281,0.47540983606557374,233472.0,k_anonymity_sweep,10.0,228.0,,,0.0,,,
S1_基准,33,random,L3c_SplitNN_形态B随机,splitnn,7289.0,2187.0,0.7054577980660981,0.35134093117221593,3.947059708226801,0.19672131147540983,3.2892164235223342,0.32786885245901637,2.461267209363394,0.4918032786885246,233472.0,k_anonymity_sweep,10.0,228.0,,,0.0,,,
S1_基准,33,random,L0_内地单方_UPLIFT,t_learner,7289.0,2187.0,,,,,,,,,,k_anonymity_sweep,10.0,,,,,0.008785655775768933,0.06247361756015196,
S1_基准,33,random,L1_加k匿名统计_UPLIFT,t_learner,7289.0,2187.0,,,,,,,,,,k_anonymity_sweep,10.0,,,,,0.009232347411628872,0.06642759562841528,
S1_基准,33,random,L2_加粗粒度标记_UPLIFT,t_learner,7289.0,2187.0,,,,,,,,,,k_anonymity_sweep,10.0,,,,,0.006379561506941746,0.025016903313049357,
S1_基准,33,random,L4_集中式_UPLIFT,t_learner,7289.0,2187.0,,,,,,,,,,k_anonymity_sweep,10.0,,,,,0.009262731976140493,0.16342182890855456,
S1_基准,33,random,OVERLAP_L1_vs_L3a_联邦LR,top_k_overlap,,,,,,,,,,,,k_anonymity_sweep,10.0,,,,,,,0.481651376146789
S1_基准,33,random,OVERLAP_L1_vs_L3b_纵向GBDT,top_k_overlap,,,,,,,,,,,,k_anonymity_sweep,10.0,,,,,,,0.3761467889908257
S1_基准,33,random,OVERLAP_L1_vs_L3c_SplitNN_形态A双向,top_k_overlap,,,,,,,,,,,,k_anonymity_sweep,10.0,,,,,,,0.46788990825688076
S1_基准,44,random,L0_内地单方_LR,logistic,7289.0,2187.0,0.7007073329837172,0.30190199664880213,4.338209769402431,0.21621621621621623,2.711381105876519,0.2702702702702703,2.1641412579627683,0.43243243243243246,0.0,k_anonymity_sweep,10.0,,,,,,,
S1_基准,44,random,L1_加k匿名统计_LR,logistic,7289.0,2187.0,0.7002148859697369,0.3132538596334147,4.338209769402431,0.21621621621621623,2.711381105876519,0.2702702702702703,2.1641412579627683,0.43243243243243246,384.0,k_anonymity_sweep,10.0,,,,,,,
S1_基准,44,random,L2_加粗粒度标记_LR,logistic,7289.0,2187.0,0.7052288919302644,0.32098591729448334,4.338209769402431,0.21621621621621623,2.575812050582693,0.25675675675675674,2.231770672274105,0.44594594594594594,0.0,k_anonymity_sweep,10.0,,,,,,,
S1_基准,44,random,L4_集中式_LR,logistic,7289.0,2187.0,0.8144945702920147,0.5180222816285287,6.2361765435159935,0.3108108108108108,4.609347879990082,0.4594594594594595,3.110953058321479,0.6216216216216216,0.0,k_anonymity_sweep,10.0,,,,,,,
S1_基准,44,random,L0_内地单方_GBDT,gbdt,7289.0,2187.0,0.6636299100804544,0.29207863803225853,4.067071658814778,0.20270270270270271,2.982519216464171,0.2972972972972973,2.1641412579627683,0.43243243243243246,0.0,k_anonymity_sweep,10.0,60.0,0.0,0.0,,,,
S1_基准,44,random,L4_集中式_GBDT,gbdt,7289.0,2187.0,0.7892902367582917,0.45702920146838744,5.965038432928342,0.2972972972972973,4.067071658814778,0.40540540540540543,3.110953058321479,0.6216216216216216,1998000.0,k_anonymity_sweep,10.0,60.0,420.0,420.0,,,,
S1_基准,44,random,L3a_联邦LR,federated_logistic,7289.0,2187.0,0.814680037349228,0.5168135480487587,6.507314654103645,0.32432432432432434,4.609347879990082,0.4594594594594595,3.110953058321479,0.6216216216216216,4081600.0,k_anonymity_sweep,10.0,400.0,,,,,,
S1_基准,44,random,L3b_纵向GBDT,vertical_gbdt,7289.0,2187.0,0.7892902367582917,0.45702920146838744,5.965038432928342,0.2972972972972973,4.067071658814778,0.40540540540540543,3.110953058321479,0.6216216216216216,1998000.0,k_anonymity_sweep,10.0,60.0,420.0,420.0,,,,
S1_基准,44,random,L3c_SplitNN_形态A双向,splitnn,7289.0,2187.0,0.7947327355751397,0.47642649748660154,5.151624101165386,0.25675675675675674,3.9315026035209524,0.3918918918918919,2.9756942296988065,0.5945945945945946,466944.0,k_anonymity_sweep,10.0,228.0,,,1.0,,,
S1_基准,44,random,L3c_SplitNN_形态B自监督,splitnn,7289.0,2187.0,0.7535654442895332,0.4044908609508704,5.422762211753038,0.2702702702702703,3.2536573270518225,0.32432432432432434,2.5699177438307874,0.5135135135135135,233472.0,k_anonymity_sweep,10.0,228.0,,,0.0,,,
S1_基准,44,random,L3c_SplitNN_形态B随机,splitnn,7289.0,2187.0,0.7160627262378327,0.3575804863074148,4.338209769402431,0.21621621621621623,2.711381105876519,0.2702702702702703,2.0288824293400953,0.40540540540540543,233472.0,k_anonymity_sweep,10.0,228.0,,,0.0,,,
S1_基准,44,random,L0_内地单方_UPLIFT,t_learner,7289.0,2187.0,,,,,,,,,,k_anonymity_sweep,10.0,,,,,0.005473479960041761,0.0506862002189105,
S1_基准,44,random,L1_加k匿名统计_UPLIFT,t_learner,7289.0,2187.0,,,,,,,,,,k_anonymity_sweep,10.0,,,,,0.00583029819364879,0.02108843537414966,
S1_基准,44,random,L2_加粗粒度标记_UPLIFT,t_learner,7289.0,2187.0,,,,,,,,,,k_anonymity_sweep,10.0,,,,,0.006164717195109094,0.08524258760107818,
S1_基准,44,random,L4_集中式_UPLIFT,t_learner,7289.0,2187.0,,,,,,,,,,k_anonymity_sweep,10.0,,,,,0.008225707811703436,0.19618758434547912,
S1_基准,44,random,OVERLAP_L1_vs_L3a_联邦LR,top_k_overlap,,,,,,,,,,,,k_anonymity_sweep,10.0,,,,,,,0.48623853211009177
S1_基准,44,random,OVERLAP_L1_vs_L3b_纵向GBDT,top_k_overlap,,,,,,,,,,,,k_anonymity_sweep,10.0,,,,,,,0.42660550458715596
S1_基准,44,random,OVERLAP_L1_vs_L3c_SplitNN_形态A双向,top_k_overlap,,,,,,,,,,,,k_anonymity_sweep,10.0,,,,,,,0.42660550458715596
S1_基准,55,random,L0_内地单方_LR,logistic,7121.0,2137.0,0.746092972708209,0.4572561264943135,4.480083857442348,0.2222222222222222,3.344287949921753,0.3333333333333333,2.700940485483811,0.5396825396825397,0.0,k_anonymity_sweep,10.0,,,,,,,
S1_基准,55,random,L1_加k匿名统计_LR,logistic,7121.0,2137.0,0.7443709724326889,0.4539575392998729,4.480083857442348,0.2222222222222222,3.344287949921753,0.3333333333333333,2.542061633396528,0.5079365079365079,384.0,k_anonymity_sweep,10.0,,,,,,,
S1_基准,55,random,L2_加粗粒度标记_LR,logistic,7121.0,2137.0,0.7574964411994305,0.453842739281505,4.800089847259659,0.23809523809523808,4.140546985617409,0.4126984126984127,2.9392587636147356,0.5873015873015873,0.0,k_anonymity_sweep,10.0,,,,,,,
S1_基准,55,random,L4_集中式_LR,logistic,7121.0,2137.0,0.8041741286678605,0.5049134407861504,6.400119796346212,0.31746031746031744,4.936806021313063,0.49206349206349204,3.4158953198765847,0.6825396825396826,0.0,k_anonymity_sweep,10.0,,,,,,,
S1_基准,55,random,L0_内地单方_GBDT,gbdt,7121.0,2137.0,0.7379727847423122,0.3884985688264377,3.840071877807727,0.19047619047619047,3.1850361427826215,0.31746031746031744,2.700940485483811,0.5396825396825397,0.0,k_anonymity_sweep,10.0,60.0,0.0,0.0,,,,
S1_基准,55,random,L4_集中式_GBDT,gbdt,7121.0,2137.0,0.7879720194088564,0.504140453995806,4.800089847259659,0.23809523809523808,4.777554214173933,0.47619047619047616,3.4158953198765847,0.6825396825396826,1945800.0,k_anonymity_sweep,10.0,60.0,402.0,402.0,,,,
S1_基准,55,random,L3a_联邦LR,federated_logistic,7121.0,2137.0,0.803860341950988,0.5015765869189206,6.400119796346212,0.31746031746031744,4.936806021313063,0.49206349206349204,3.4158953198765847,0.6825396825396826,3987200.0,k_anonymity_sweep,10.0,400.0,,,,,,
S1_基准,55,random,L3b_纵向GBDT,vertical_gbdt,7121.0,2137.0,0.7879720194088564,0.504140453995806,4.800089847259659,0.23809523809523808,4.777554214173933,0.47619047619047616,3.4158953198765847,0.6825396825396826,1945800.0,k_anonymity_sweep,10.0,60.0,402.0,402.0,,,,
S1_基准,55,random,L3c_SplitNN_形态A双向,splitnn,7121.0,2137.0,0.8168403973611301,0.535695152377891,5.7601078167115904,0.2857142857142857,4.2997987927565395,0.42857142857142855,3.4158953198765847,0.6825396825396826,466944.0,k_anonymity_sweep,10.0,228.0,,,1.0,,,
S1_基准,55,random,L3c_SplitNN_形态B自监督,splitnn,7121.0,2137.0,0.7684789762899695,0.4658967412101453,4.480083857442348,0.2222222222222222,3.822043371339146,0.38095238095238093,3.0981376157020186,0.6190476190476191,233472.0,k_anonymity_sweep,10.0,228.0,,,0.0,,,
S1_基准,55,random,L3c_SplitNN_形态B随机,splitnn,7121.0,2137.0,0.7852474323062559,0.49112213191287446,5.120095837076969,0.25396825396825395,4.140546985617409,0.4126984126984127,3.336455893832943,0.6666666666666666,233472.0,k_anonymity_sweep,10.0,228.0,,,0.0,,,
S1_基准,55,random,L0_内地单方_UPLIFT,t_learner,7121.0,2137.0,,,,,,,,,,k_anonymity_sweep,10.0,,,,,0.00822364309507656,0.10952380952380952,
S1_基准,55,random,L1_加k匿名统计_UPLIFT,t_learner,7121.0,2137.0,,,,,,,,,,k_anonymity_sweep,10.0,,,,,0.006815140726976809,0.1401952085181899,
S1_基准,55,random,L2_加粗粒度标记_UPLIFT,t_learner,7121.0,2137.0,,,,,,,,,,k_anonymity_sweep,10.0,,,,,0.008722344236575757,0.1166196189131969,
S1_基准,55,random,L4_集中式_UPLIFT,t_learner,7121.0,2137.0,,,,,,,,,,k_anonymity_sweep,10.0,,,,,0.009286829707476026,0.1533758639021797,
S1_基准,55,random,OVERLAP_L1_vs_L3a_联邦LR,top_k_overlap,,,,,,,,,,,,k_anonymity_sweep,10.0,,,,,,,0.5352112676056338
S1_基准,55,random,OVERLAP_L1_vs_L3b_纵向GBDT,top_k_overlap,,,,,,,,,,,,k_anonymity_sweep,10.0,,,,,,,0.47417840375586856
S1_基准,55,random,OVERLAP_L1_vs_L3c_SplitNN_形态A双向,top_k_overlap,,,,,,,,,,,,k_anonymity_sweep,10.0,,,,,,,0.4460093896713615
S1_基准,11,random,L0_内地单方_LR,logistic,7236.0,2171.0,0.6562259244992295,0.2446070878274268,2.3849654739485247,0.11864406779661017,2.5435444817620874,0.2542372881355932,1.8652659532921971,0.3728813559322034,0.0,k_anonymity_sweep,20.0,,,,,,,
S1_基准,11,random,L1_加k匿名统计_LR,logistic,7236.0,2171.0,0.6469729070364664,0.2555132896764253,3.06638418079096,0.15254237288135594,2.204405217527142,0.22033898305084745,1.6956963211747247,0.3389830508474576,384.0,k_anonymity_sweep,20.0,,,,,,,
S1_基准,11,random,L2_加粗粒度标记_LR,logistic,7236.0,2171.0,0.6528794298921418,0.23192732408834105,2.7256748273697426,0.13559322033898305,2.03483558540967,0.2033898305084746,1.6956963211747247,0.3389830508474576,0.0,k_anonymity_sweep,20.0,,,,,,,
S1_基准,11,random,L4_集中式_LR,logistic,7236.0,2171.0,0.6869221879815102,0.358355803800719,1.703546767106089,0.0847457627118644,2.204405217527142,0.22033898305084745,1.8652659532921971,0.3728813559322034,0.0,k_anonymity_sweep,20.0,,,,,,,
S1_基准,11,random,L0_内地单方_GBDT,gbdt,7236.0,2171.0,0.5997046738572162,0.18472329224447867,2.7256748273697426,0.13559322033898305,1.8652659532921971,0.1864406779661017,1.6109115051159884,0.3220338983050847,0.0,k_anonymity_sweep,20.0,60.0,0.0,0.0,,,,
S1_基准,11,random,L4_集中式_GBDT,gbdt,7236.0,2171.0,0.656675333846944,0.2974688623523369,2.0442561205273067,0.1016949152542373,2.7131141138795596,0.2711864406779661,1.8652659532921971,0.3728813559322034,1984680.0,k_anonymity_sweep,20.0,60.0,420.0,420.0,,,,
S1_基准,11,random,L3a_联邦LR,federated_logistic,7236.0,2171.0,0.6874598741653826,0.35930277349768874,1.703546767106089,0.0847457627118644,2.204405217527142,0.22033898305084745,1.8652659532921971,0.3728813559322034,4052000.0,k_anonymity_sweep,20.0,400.0,,,,,,
S1_基准,11,random,L3b_纵向GBDT,vertical_gbdt,7236.0,2171.0,0.656675333846944,0.2974688623523369,2.0442561205273067,0.1016949152542373,2.7131141138795596,0.2711864406779661,1.8652659532921971,0.3728813559322034,1984680.0,k_anonymity_sweep,20.0,60.0,420.0,420.0,,,,
S1_基准,11,random,L3c_SplitNN_形态A双向,splitnn,7236.0,2171.0,0.6228011042629688,0.21043592706728298,1.3628374136848713,0.06779661016949153,1.5261266890572522,0.15254237288135594,1.8652659532921971,0.3728813559322034,466944.0,k_anonymity_sweep,20.0,228.0,,,1.0,,,
S1_基准,11,random,L3c_SplitNN_形态B自监督,splitnn,7236.0,2171.0,0.6758314072932717,0.2884004237288136,2.7256748273697426,0.13559322033898305,1.8652659532921971,0.1864406779661017,2.289190033585878,0.4576271186440678,233472.0,k_anonymity_sweep,20.0,228.0,,,0.0,,,
S1_基准,11,random,L3c_SplitNN_形态B随机,splitnn,7236.0,2171.0,0.6466679506933745,0.28497367745249097,2.3849654739485247,0.11864406779661017,2.3739748496446142,0.23728813559322035,1.6956963211747247,0.3389830508474576,233472.0,k_anonymity_sweep,20.0,228.0,,,0.0,,,
S1_基准,11,random,L0_内地单方_UPLIFT,t_learner,7236.0,2171.0,,,,,,,,,,k_anonymity_sweep,20.0,,,,,0.0037417168820200763,-0.006998975759644935,
S1_基准,11,random,L1_加k匿名统计_UPLIFT,t_learner,7236.0,2171.0,,,,,,,,,,k_anonymity_sweep,20.0,,,,,0.0035832950266480373,-0.004166666666666666,
S1_基准,11,random,L2_加粗粒度标记_UPLIFT,t_learner,7236.0,2171.0,,,,,,,,,,k_anonymity_sweep,20.0,,,,,0.004901469396811398,0.06720475785896346,
S1_基准,11,random,L4_集中式_UPLIFT,t_learner,7236.0,2171.0,,,,,,,,,,k_anonymity_sweep,20.0,,,,,0.006508145887099911,0.07468419255718675,
S1_基准,11,random,OVERLAP_L1_vs_L3a_联邦LR,top_k_overlap,,,,,,,,,,,,k_anonymity_sweep,20.0,,,,,,,0.4423963133640553
S1_基准,11,random,OVERLAP_L1_vs_L3b_纵向GBDT,top_k_overlap,,,,,,,,,,,,k_anonymity_sweep,20.0,,,,,,,0.23963133640552994
S1_基准,11,random,OVERLAP_L1_vs_L3c_SplitNN_形态A双向,top_k_overlap,,,,,,,,,,,,k_anonymity_sweep,20.0,,,,,,,0.37327188940092165
S1_基准,22,random,L0_内地单方_LR,logistic,7169.0,2151.0,0.7509458144813848,0.4156410691950154,5.187820319565872,0.25806451612903225,4.195498874718679,0.41935483870967744,2.985258814703676,0.5967741935483871,0.0,k_anonymity_sweep,20.0,,,,,,,
S1_基准,22,random,L1_加k匿名统计_LR,logistic,7169.0,2151.0,0.7505443258852051,0.4023842245865439,4.863581549593005,0.24193548387096775,3.711402850712678,0.3709677419354839,2.8238934733683423,0.5645161290322581,384.0,k_anonymity_sweep,20.0,,,,,,,
S1_基准,22,random,L2_加粗粒度标记_LR,logistic,7169.0,2151.0,0.752876048116864,0.40345743448787047,5.512059089538739,0.27419354838709675,4.195498874718679,0.41935483870967744,2.904576144036009,0.5806451612903226,0.0,k_anonymity_sweep,20.0,,,,,,,
S1_基准,22,random,L4_集中式_LR,logistic,7169.0,2151.0,0.8334980466035609,0.5349912753439676,6.48477539945734,0.3225806451612903,5.163690922730682,0.5161290322580645,3.4693548387096773,0.6935483870967742,0.0,k_anonymity_sweep,20.0,,,,,,,
S1_基准,22,random,L0_内地单方_GBDT,gbdt,7169.0,2151.0,0.7323769669080745,0.3450871693509782,4.863581549593005,0.24193548387096775,3.872768192048012,0.3870967741935484,2.6625281320330085,0.532258064516129,0.0,k_anonymity_sweep,20.0,60.0,0.0,0.0,,,,
S1_基准,22,random,L4_集中式_GBDT,gbdt,7169.0,2151.0,0.7983523525687549,0.5026251177442518,5.187820319565872,0.25806451612903225,4.195498874718679,0.41935483870967744,3.38867216804201,0.6774193548387096,1967760.0,k_anonymity_sweep,20.0,60.0,420.0,420.0,,,,
S1_基准,22,random,L3a_联邦LR,federated_logistic,7169.0,2151.0,0.8334671628653931,0.5388208588767585,6.48477539945734,0.3225806451612903,5.163690922730682,0.5161290322580645,3.4693548387096773,0.6935483870967742,4014400.0,k_anonymity_sweep,20.0,400.0,,,,,,
S1_基准,22,random,L3b_纵向GBDT,vertical_gbdt,7169.0,2151.0,0.7983523525687549,0.5026251177442518,5.187820319565872,0.25806451612903225,4.195498874718679,0.41935483870967744,3.38867216804201,0.6774193548387096,1967760.0,k_anonymity_sweep,20.0,60.0,420.0,420.0,,,,
S1_基准,22,random,L3c_SplitNN_形态A双向,splitnn,7169.0,2151.0,0.8268657638320542,0.5221436402662178,6.160536629484473,0.3064516129032258,5.647786946736685,0.5645161290322581,3.38867216804201,0.6774193548387096,466944.0,k_anonymity_sweep,20.0,228.0,,,1.0,,,
S1_基准,22,random,L3c_SplitNN_形态B自监督,splitnn,7169.0,2151.0,0.7933646288546765,0.46031439645454686,7.457491709375942,0.3709677419354839,4.679594898724681,0.46774193548387094,3.0659414853713427,0.6129032258064516,233472.0,k_anonymity_sweep,20.0,228.0,,,0.0,,,
S1_基准,22,random,L3c_SplitNN_形态B随机,splitnn,7169.0,2151.0,0.7798298306026961,0.4624839790608255,4.539342779620138,0.22580645161290322,4.195498874718679,0.41935483870967744,3.14662415603901,0.6290322580645161,233472.0,k_anonymity_sweep,20.0,228.0,,,0.0,,,
S1_基准,22,random,L0_内地单方_UPLIFT,t_learner,7169.0,2151.0,,,,,,,,,,k_anonymity_sweep,20.0,,,,,0.0067822098549899235,0.04351595006934813,
S1_基准,22,random,L1_加k匿名统计_UPLIFT,t_learner,7169.0,2151.0,,,,,,,,,,k_anonymity_sweep,20.0,,,,,0.007656236201044112,0.0365178262374524,
S1_基准,22,random,L2_加粗粒度标记_UPLIFT,t_learner,7169.0,2151.0,,,,,,,,,,k_anonymity_sweep,20.0,,,,,0.0063911025042245485,0.03996185852981969,
S1_基准,22,random,L4_集中式_UPLIFT,t_learner,7169.0,2151.0,,,,,,,,,,k_anonymity_sweep,20.0,,,,,0.009762622365920848,0.1352951572993991,
S1_基准,22,random,OVERLAP_L1_vs_L3a_联邦LR,top_k_overlap,,,,,,,,,,,,k_anonymity_sweep,20.0,,,,,,,0.44651162790697674
S1_基准,22,random,OVERLAP_L1_vs_L3b_纵向GBDT,top_k_overlap,,,,,,,,,,,,k_anonymity_sweep,20.0,,,,,,,0.3581395348837209
S1_基准,22,random,OVERLAP_L1_vs_L3c_SplitNN_形态A双向,top_k_overlap,,,,,,,,,,,,k_anonymity_sweep,20.0,,,,,,,0.4372093023255814
S1_基准,33,random,L0_内地单方_LR,logistic,7289.0,2187.0,0.6904291905062998,0.3005567293308452,1.6446082117611671,0.08196721311475409,2.1379906752895175,0.21311475409836064,2.2151404884270547,0.4426229508196721,0.0,k_anonymity_sweep,20.0,,,,,,,
S1_基准,33,random,L1_加k匿名统计_LR,logistic,7289.0,2187.0,0.6920330644788182,0.33508628533534845,2.6313731388178674,0.13114754098360656,2.466912317641751,0.2459016393442623,2.297182728739168,0.45901639344262296,384.0,k_anonymity_sweep,20.0,,,,,,,
S1_基准,33,random,L2_加粗粒度标记_LR,logistic,7289.0,2187.0,0.709899295220764,0.3591983714510433,2.6313731388178674,0.13114754098360656,2.7958339599939843,0.2786885245901639,2.379224969051281,0.47540983606557374,0.0,k_anonymity_sweep,20.0,,,,,,,
S1_基准,33,random,L4_集中式_LR,logistic,7289.0,2187.0,0.7945807565967028,0.4398393041654457,5.591667919987969,0.2786885245901639,4.604902992931268,0.45901639344262296,3.0355628915481865,0.6065573770491803,0.0,k_anonymity_sweep,20.0,,,,,,,
S1_基准,33,random,L0_内地单方_GBDT,gbdt,7289.0,2187.0,0.6452585475687429,0.25181592461792335,1.9735298541134005,0.09836065573770492,1.8090690329372838,0.18032786885245902,1.6408448062422627,0.32786885245901637,0.0,k_anonymity_sweep,20.0,60.0,0.0,0.0,,,,
S1_基准,33,random,L4_集中式_GBDT,gbdt,7289.0,2187.0,0.787247659731968,0.43383248770106253,6.2495112046924355,0.3114754098360656,3.947059708226801,0.39344262295081966,2.87147841092396,0.5737704918032787,1998000.0,k_anonymity_sweep,20.0,60.0,420.0,420.0,,,,
S1_基准,33,random,L3a_联邦LR,federated_logistic,7289.0,2187.0,0.794711842450226,0.4388985703931033,5.591667919987969,0.2786885245901639,4.604902992931268,0.45901639344262296,3.0355628915481865,0.6065573770491803,4081600.0,k_anonymity_sweep,20.0,400.0,,,,,,
S1_基准,33,random,L3b_纵向GBDT,vertical_gbdt,7289.0,2187.0,0.787247659731968,0.43383248770106253,6.2495112046924355,0.3114754098360656,3.947059708226801,0.39344262295081966,2.87147841092396,0.5737704918032787,1998000.0,k_anonymity_sweep,20.0,60.0,420.0,420.0,,,,
S1_基准,33,random,L3c_SplitNN_形态A双向,splitnn,7289.0,2187.0,0.7835849667658807,0.4496476103819996,4.933824635283502,0.2459016393442623,4.111520529402918,0.4098360655737705,2.9535206512360728,0.5901639344262295,466944.0,k_anonymity_sweep,20.0,228.0,,,1.0,,,
S1_基准,33,random,L3c_SplitNN_形态B自监督,splitnn,7289.0,2187.0,0.7095908579183567,0.31566244621624534,4.604902992931268,0.22950819672131148,3.7825988870506846,0.3770491803278688,2.379224969051281,0.47540983606557374,233472.0,k_anonymity_sweep,20.0,228.0,,,0.0,,,
S1_基准,33,random,L3c_SplitNN_形态B随机,splitnn,7289.0,2187.0,0.7054577980660981,0.35134093117221593,3.947059708226801,0.19672131147540983,3.2892164235223342,0.32786885245901637,2.461267209363394,0.4918032786885246,233472.0,k_anonymity_sweep,20.0,228.0,,,0.0,,,
S1_基准,33,random,L0_内地单方_UPLIFT,t_learner,7289.0,2187.0,,,,,,,,,,k_anonymity_sweep,20.0,,,,,0.008785655775768933,0.06247361756015196,
S1_基准,33,random,L1_加k匿名统计_UPLIFT,t_learner,7289.0,2187.0,,,,,,,,,,k_anonymity_sweep,20.0,,,,,0.009232347411628872,0.06642759562841528,
S1_基准,33,random,L2_加粗粒度标记_UPLIFT,t_learner,7289.0,2187.0,,,,,,,,,,k_anonymity_sweep,20.0,,,,,0.006379561506941746,0.025016903313049357,
S1_基准,33,random,L4_集中式_UPLIFT,t_learner,7289.0,2187.0,,,,,,,,,,k_anonymity_sweep,20.0,,,,,0.009262731976140493,0.16342182890855456,
S1_基准,33,random,OVERLAP_L1_vs_L3a_联邦LR,top_k_overlap,,,,,,,,,,,,k_anonymity_sweep,20.0,,,,,,,0.481651376146789
S1_基准,33,random,OVERLAP_L1_vs_L3b_纵向GBDT,top_k_overlap,,,,,,,,,,,,k_anonymity_sweep,20.0,,,,,,,0.3761467889908257
S1_基准,33,random,OVERLAP_L1_vs_L3c_SplitNN_形态A双向,top_k_overlap,,,,,,,,,,,,k_anonymity_sweep,20.0,,,,,,,0.46788990825688076
S1_基准,44,random,L0_内地单方_LR,logistic,7289.0,2187.0,0.7007073329837172,0.30190199664880213,4.338209769402431,0.21621621621621623,2.711381105876519,0.2702702702702703,2.1641412579627683,0.43243243243243246,0.0,k_anonymity_sweep,20.0,,,,,,,
S1_基准,44,random,L1_加k匿名统计_LR,logistic,7289.0,2187.0,0.7007648917256112,0.32550747624103044,4.338209769402431,0.21621621621621623,2.711381105876519,0.2702702702702703,2.1641412579627683,0.43243243243243246,378.0,k_anonymity_sweep,20.0,,,,,,,
S1_基准,44,random,L2_加粗粒度标记_LR,logistic,7289.0,2187.0,0.7052288919302644,0.32098591729448334,4.338209769402431,0.21621621621621623,2.575812050582693,0.25675675675675674,2.231770672274105,0.44594594594594594,0.0,k_anonymity_sweep,20.0,,,,,,,
S1_基准,44,random,L4_集中式_LR,logistic,7289.0,2187.0,0.8144945702920147,0.5180222816285287,6.2361765435159935,0.3108108108108108,4.609347879990082,0.4594594594594595,3.110953058321479,0.6216216216216216,0.0,k_anonymity_sweep,20.0,,,,,,,
S1_基准,44,random,L0_内地单方_GBDT,gbdt,7289.0,2187.0,0.6636299100804544,0.29207863803225853,4.067071658814778,0.20270270270270271,2.982519216464171,0.2972972972972973,2.1641412579627683,0.43243243243243246,0.0,k_anonymity_sweep,20.0,60.0,0.0,0.0,,,,
S1_基准,44,random,L4_集中式_GBDT,gbdt,7289.0,2187.0,0.7892902367582917,0.45702920146838744,5.965038432928342,0.2972972972972973,4.067071658814778,0.40540540540540543,3.110953058321479,0.6216216216216216,1998000.0,k_anonymity_sweep,20.0,60.0,420.0,420.0,,,,
S1_基准,44,random,L3a_联邦LR,federated_logistic,7289.0,2187.0,0.814680037349228,0.5168135480487587,6.507314654103645,0.32432432432432434,4.609347879990082,0.4594594594594595,3.110953058321479,0.6216216216216216,4081600.0,k_anonymity_sweep,20.0,400.0,,,,,,
S1_基准,44,random,L3b_纵向GBDT,vertical_gbdt,7289.0,2187.0,0.7892902367582917,0.45702920146838744,5.965038432928342,0.2972972972972973,4.067071658814778,0.40540540540540543,3.110953058321479,0.6216216216216216,1998000.0,k_anonymity_sweep,20.0,60.0,420.0,420.0,,,,
S1_基准,44,random,L3c_SplitNN_形态A双向,splitnn,7289.0,2187.0,0.7947327355751397,0.47642649748660154,5.151624101165386,0.25675675675675674,3.9315026035209524,0.3918918918918919,2.9756942296988065,0.5945945945945946,466944.0,k_anonymity_sweep,20.0,228.0,,,1.0,,,
S1_基准,44,random,L3c_SplitNN_形态B自监督,splitnn,7289.0,2187.0,0.7535654442895332,0.4044908609508704,5.422762211753038,0.2702702702702703,3.2536573270518225,0.32432432432432434,2.5699177438307874,0.5135135135135135,233472.0,k_anonymity_sweep,20.0,228.0,,,0.0,,,
S1_基准,44,random,L3c_SplitNN_形态B随机,splitnn,7289.0,2187.0,0.7160627262378327,0.3575804863074148,4.338209769402431,0.21621621621621623,2.711381105876519,0.2702702702702703,2.0288824293400953,0.40540540540540543,233472.0,k_anonymity_sweep,20.0,228.0,,,0.0,,,
S1_基准,44,random,L0_内地单方_UPLIFT,t_learner,7289.0,2187.0,,,,,,,,,,k_anonymity_sweep,20.0,,,,,0.005473479960041761,0.0506862002189105,
S1_基准,44,random,L1_加k匿名统计_UPLIFT,t_learner,7289.0,2187.0,,,,,,,,,,k_anonymity_sweep,20.0,,,,,0.005828772829122534,0.02108843537414966,
S1_基准,44,random,L2_加粗粒度标记_UPLIFT,t_learner,7289.0,2187.0,,,,,,,,,,k_anonymity_sweep,20.0,,,,,0.006164717195109094,0.08524258760107818,
S1_基准,44,random,L4_集中式_UPLIFT,t_learner,7289.0,2187.0,,,,,,,,,,k_anonymity_sweep,20.0,,,,,0.008225707811703436,0.19618758434547912,
S1_基准,44,random,OVERLAP_L1_vs_L3a_联邦LR,top_k_overlap,,,,,,,,,,,,k_anonymity_sweep,20.0,,,,,,,0.47706422018348627
S1_基准,44,random,OVERLAP_L1_vs_L3b_纵向GBDT,top_k_overlap,,,,,,,,,,,,k_anonymity_sweep,20.0,,,,,,,0.41284403669724773
S1_基准,44,random,OVERLAP_L1_vs_L3c_SplitNN_形态A双向,top_k_overlap,,,,,,,,,,,,k_anonymity_sweep,20.0,,,,,,,0.41743119266055045
S1_基准,55,random,L0_内地单方_LR,logistic,7121.0,2137.0,0.746092972708209,0.4572561264943135,4.480083857442348,0.2222222222222222,3.344287949921753,0.3333333333333333,2.700940485483811,0.5396825396825397,0.0,k_anonymity_sweep,20.0,,,,,,,
S1_基准,55,random,L1_加k匿名统计_LR,logistic,7121.0,2137.0,0.7443709724326889,0.4539575392998729,4.480083857442348,0.2222222222222222,3.344287949921753,0.3333333333333333,2.542061633396528,0.5079365079365079,384.0,k_anonymity_sweep,20.0,,,,,,,
S1_基准,55,random,L2_加粗粒度标记_LR,logistic,7121.0,2137.0,0.7574964411994305,0.453842739281505,4.800089847259659,0.23809523809523808,4.140546985617409,0.4126984126984127,2.9392587636147356,0.5873015873015873,0.0,k_anonymity_sweep,20.0,,,,,,,
S1_基准,55,random,L4_集中式_LR,logistic,7121.0,2137.0,0.8041741286678605,0.5049134407861504,6.400119796346212,0.31746031746031744,4.936806021313063,0.49206349206349204,3.4158953198765847,0.6825396825396826,0.0,k_anonymity_sweep,20.0,,,,,,,
S1_基准,55,random,L0_内地单方_GBDT,gbdt,7121.0,2137.0,0.7379727847423122,0.3884985688264377,3.840071877807727,0.19047619047619047,3.1850361427826215,0.31746031746031744,2.700940485483811,0.5396825396825397,0.0,k_anonymity_sweep,20.0,60.0,0.0,0.0,,,,
S1_基准,55,random,L4_集中式_GBDT,gbdt,7121.0,2137.0,0.7879720194088564,0.504140453995806,4.800089847259659,0.23809523809523808,4.777554214173933,0.47619047619047616,3.4158953198765847,0.6825396825396826,1945800.0,k_anonymity_sweep,20.0,60.0,402.0,402.0,,,,
S1_基准,55,random,L3a_联邦LR,federated_logistic,7121.0,2137.0,0.803860341950988,0.5015765869189206,6.400119796346212,0.31746031746031744,4.936806021313063,0.49206349206349204,3.4158953198765847,0.6825396825396826,3987200.0,k_anonymity_sweep,20.0,400.0,,,,,,
S1_基准,55,random,L3b_纵向GBDT,vertical_gbdt,7121.0,2137.0,0.7879720194088564,0.504140453995806,4.800089847259659,0.23809523809523808,4.777554214173933,0.47619047619047616,3.4158953198765847,0.6825396825396826,1945800.0,k_anonymity_sweep,20.0,60.0,402.0,402.0,,,,
S1_基准,55,random,L3c_SplitNN_形态A双向,splitnn,7121.0,2137.0,0.8168403973611301,0.535695152377891,5.7601078167115904,0.2857142857142857,4.2997987927565395,0.42857142857142855,3.4158953198765847,0.6825396825396826,466944.0,k_anonymity_sweep,20.0,228.0,,,1.0,,,
S1_基准,55,random,L3c_SplitNN_形态B自监督,splitnn,7121.0,2137.0,0.7684789762899695,0.4658967412101453,4.480083857442348,0.2222222222222222,3.822043371339146,0.38095238095238093,3.0981376157020186,0.6190476190476191,233472.0,k_anonymity_sweep,20.0,228.0,,,0.0,,,
S1_基准,55,random,L3c_SplitNN_形态B随机,splitnn,7121.0,2137.0,0.7852474323062559,0.49112213191287446,5.120095837076969,0.25396825396825395,4.140546985617409,0.4126984126984127,3.336455893832943,0.6666666666666666,233472.0,k_anonymity_sweep,20.0,228.0,,,0.0,,,
S1_基准,55,random,L0_内地单方_UPLIFT,t_learner,7121.0,2137.0,,,,,,,,,,k_anonymity_sweep,20.0,,,,,0.00822364309507656,0.10952380952380952,
S1_基准,55,random,L1_加k匿名统计_UPLIFT,t_learner,7121.0,2137.0,,,,,,,,,,k_anonymity_sweep,20.0,,,,,0.006815140726976809,0.1401952085181899,
S1_基准,55,random,L2_加粗粒度标记_UPLIFT,t_learner,7121.0,2137.0,,,,,,,,,,k_anonymity_sweep,20.0,,,,,0.008722344236575757,0.1166196189131969,
S1_基准,55,random,L4_集中式_UPLIFT,t_learner,7121.0,2137.0,,,,,,,,,,k_anonymity_sweep,20.0,,,,,0.009286829707476026,0.1533758639021797,
S1_基准,55,random,OVERLAP_L1_vs_L3a_联邦LR,top_k_overlap,,,,,,,,,,,,k_anonymity_sweep,20.0,,,,,,,0.5352112676056338
S1_基准,55,random,OVERLAP_L1_vs_L3b_纵向GBDT,top_k_overlap,,,,,,,,,,,,k_anonymity_sweep,20.0,,,,,,,0.47417840375586856
S1_基准,55,random,OVERLAP_L1_vs_L3c_SplitNN_形态A双向,top_k_overlap,,,,,,,,,,,,k_anonymity_sweep,20.0,,,,,,,0.4460093896713615
